,50+,FGA,FGM,Name,Opponent,Points,Position,Week,XPA,XPM,Year
0,0,4,4,Greg Zuerlein,Ari,13.00,K,1,1,1,2013
1,0,3,3,Dan Bailey,NYG,12.00,K,1,3,3,2013
2,0,3,3,Caleb Sturgis,@Cle,11.00,K,1,2,2,2013
3,0,3,3,Garrett Hartley,Atl,11.00,K,1,2,2,2013
4,0,3,3,Stephen Gostkowski,@Buf,11.00,K,1,2,2,2013
5,0,3,3,Nick Folk,TB,10.00,K,1,1,1,2013
6,0,3,2,Phil Dawson,GB,10.00,K,1,4,4,2013
7,0,3,3,Rob Bironas,@Pit,10.00,K,1,1,1,2013
8,0,2,2,David Akers,Min,10.00,K,1,4,4,2013
9,0,2,2,Justin Tucker,@Den,9.00,K,1,3,3,2013
10,1,1,1,Blair Walsh,@Det,8.00,K,1,3,3,2013
11,1,1,1,Robbie Gould,Cin,8.00,K,1,3,3,2013
12,0,0,0,Matt Prater,Bal,7.00,K,1,7,7,2013
13,0,1,1,Alex Henery,@Was,7.00,K,1,4,4,2013
14,0,2,1,Randy Bullock,@SD,7.00,K,1,4,4,2013
15,0,1,1,Josh Brown,@Dal,7.00,K,1,4,4,2013
16,0,2,2,Stephen Hauschka,@Car,6.00,K,1,0,0,2013
17,0,2,1,Jay Feely,@Stl,6.00,K,1,3,3,2013
18,0,1,1,Rian Lindell,@NYJ,5.00,K,1,2,2,2013
19,0,2,1,Sebastian Janikowski,@Ind,5.00,K,1,2,2,2013
20,0,1,1,Matt Bryant,@NO,5.00,K,1,2,2,2013
21,0,0,0,Ryan Succop,@Jax,4.00,K,1,4,4,2013
22,0,0,0,Nick Novak,Hou,4.00,K,1,4,4,2013
23,0,1,1,Billy Cundiff,Mia,4.00,K,1,1,1,2013
24,0,0,0,Mason Crosby,@SF,4.00,K,1,4,4,2013
25,0,0,0,Adam Vinatieri,Oak,3.00,K,1,3,3,2013
26,0,0,0,Mike Nugent,@Chi,3.00,K,1,3,3,2013
27,0,1,0,Kai Forbath,Phi,3.00,K,1,3,3,2013
28,0,0,0,Dan Carpenter,NE,3.00,K,1,3,3,2013
29,0,0,0,Shaun Suisham,Ten,1.00,K,1,1,1,2013
30,0,0,0,Graham Gano,Sea,1.00,K,1,1,1,2013
31,0,0,0,Sam Martin,Min,0.00,K,1,0,0,2013
32,0,4,4,Nick Novak,@Phi,15.00,K,2,3,3,2013
33,2,3,3,Dan Bailey,@KC,14.00,K,2,1,1,2013
34,0,5,4,Sebastian Janikowski,Jax,13.00,K,2,1,1,2013
35,0,4,4,Jay Feely,Det,13.00,K,2,1,1,2013
36,0,3,3,Blair Walsh,@Chi,12.00,K,2,3,3,2013
37,0,4,3,Alex Henery,SD,12.00,K,2,3,3,2013
38,1,4,3,Dan Carpenter,Car,12.00,K,2,1,1,2013
39,0,2,2,Matt Prater,@NYG,11.00,K,2,5,5,2013
40,0,3,3,Graham Gano,@Buf,11.00,K,2,2,2,2013
41,0,3,3,Josh Brown,Den,11.00,K,2,2,2,2013
42,0,4,3,Garrett Hartley,@TB,10.00,K,2,1,1,2013
43,0,2,2,Stephen Hauschka,SF,9.00,K,2,3,3,2013
44,0,3,2,Adam Vinatieri,Mia,8.00,K,2,2,2,2013
45,1,1,1,Caleb Sturgis,@Ind,8.00,K,2,3,3,2013
46,0,2,2,Mike Nugent,Pit,8.00,K,2,2,2,2013
47,1,2,2,Billy Cundiff,@Bal,8.00,K,2,0,0,2013
48,0,1,1,Mason Crosby,Was,8.00,K,2,5,5,2013
49,0,1,1,Robbie Gould,Min,7.00,K,2,4,4,2013
50,0,3,2,Stephen Gostkowski,NYJ,7.00,K,2,1,1,2013
51,0,1,1,Matt Bryant,Stl,7.00,K,2,4,4,2013
52,0,1,1,Greg Zuerlein,@Atl,6.00,K,2,3,3,2013
53,0,2,1,Rob Bironas,@Hou,6.00,K,2,3,3,2013
54,0,2,1,Ryan Succop,Dal,5.00,K,2,2,2,2013
55,0,1,1,Shaun Suisham,@Cin,4.00,K,2,1,1,2013
56,0,1,1,Nick Folk,@NE,4.00,K,2,1,1,2013
57,0,1,1,Josh Scobee,@Oak,3.00,K,2,0,0,2013
58,0,1,1,Phil Dawson,@Sea,3.00,K,2,0,0,2013
59,0,2,0,David Akers,@Ari,3.00,K,2,3,3,2013
60,0,2,0,Justin Tucker,Cle,2.00,K,2,2,2,2013
61,0,1,0,John Potter,@GB,2.00,K,2,2,2,2013
62,0,1,0,Rian Lindell,NO,2.00,K,2,2,2,2013
63,0,3,0,Randy Bullock,Ten,2.00,K,2,2,2,2013
64,1,3,3,Matt Prater,Oak,15.00,K,3,4,4,2013
65,0,5,4,Ryan Succop,@Phi,14.00,K,3,2,2,2013
66,1,3,3,Stephen Gostkowski,TB,13.00,K,3,2,2,2013
67,1,4,3,Matt Bryant,@Mia,13.00,K,3,2,2,2013
68,0,3,3,Justin Tucker,Hou,12.00,K,3,3,3,2013
69,0,3,3,Mason Crosby,@Cin,12.00,K,3,3,3,2013
70,0,4,4,Dan Carpenter,@NYJ,12.00,K,3,0,0,2013
71,0,3,3,Shaun Suisham,Chi,11.00,K,3,2,2,2013
72,1,2,2,Caleb Sturgis,Atl,11.00,K,3,3,3,2013
73,0,2,2,Robbie Gould,@Pit,10.00,K,3,5,4,2013
74,1,1,1,Graham Gano,NYG,10.00,K,3,5,5,2013
75,0,2,2,Blair Walsh,Cle,9.00,K,3,3,3,2013
76,0,3,2,Adam Vinatieri,@SF,9.00,K,3,3,3,2013
77,0,1,1,Stephen Hauschka,Jax,9.00,K,3,6,6,2013
78,0,2,2,Nick Folk,Buf,9.00,K,3,3,3,2013
79,0,3,3,Randy Bullock,@Bal,9.00,K,3,0,0,2013
80,0,2,2,David Akers,@Was,9.00,K,3,3,3,2013
81,0,2,2,John Potter,Det,8.00,K,3,2,2,2013
82,0,3,2,Rob Bironas,SD,8.00,K,3,2,2,2013
83,0,0,0,Spencer Lanning,@Min,7.00,K,3,1,1,2013
84,0,1,1,Garrett Hartley,Ari,7.00,K,3,4,4,2013
85,0,2,1,Dan Bailey,Stl,7.00,K,3,4,4,2013
86,0,1,1,Billy Cundiff,@Min,6.00,K,3,3,3,2013
87,0,1,1,Josh Scobee,@Sea,5.00,K,3,2,2,2013
88,0,2,1,Nick Novak,@Ten,5.00,K,3,2,2,2013
89,0,1,0,Mike Nugent,GB,4.00,K,3,5,4,2013
90,0,2,1,Alex Henery,KC,4.00,K,3,1,1,2013
91,0,2,1,Rian Lindell,@NE,3.00,K,3,0,0,2013
92,0,0,0,Sebastian Janikowski,@Den,3.00,K,3,3,3,2013
93,0,0,0,Greg Zuerlein,@Dal,1.00,K,3,1,1,2013
94,0,0,0,Jay Feely,@NO,1.00,K,3,1,1,2013
95,0,0,0,Phil Dawson,Ind,1.00,K,3,1,1,2013
96,0,0,0,Brett Kern,SD,0.00,K,3,0,0,2013
97,0,0,0,Johnny Hekker,@Dal,0.00,K,3,0,0,2013
98,0,1,0,Josh Brown,@Car,0.00,K,3,0,0,2013
99,0,4,4,David Akers,Chi,16.00,K,4,4,4,2013
100,0,3,3,Adam Vinatieri,@Jax,13.00,K,4,4,4,2013
101,1,3,2,Blair Walsh,Pit,12.00,K,4,4,4,2013
102,1,1,1,Matt Prater,Phi,12.00,K,4,7,7,2013
103,0,3,3,Nick Novak,Dal,12.00,K,4,3,3,2013
104,0,3,3,Stephen Gostkowski,@Atl,12.00,K,4,3,3,2013
105,0,3,3,Stephen Hauschka,@Hou,11.00,K,4,2,2,2013
106,0,3,3,Dan Carpenter,Bal,11.00,K,4,2,2,2013
107,0,3,3,Matt Bryant,NE,11.00,K,4,2,2,2013
108,0,3,3,Robbie Gould,@Det,10.00,K,4,1,1,2013
109,0,2,2,Shaun Suisham,@Min,9.00,K,4,3,3,2013
110,1,1,1,Ryan Succop,NYG,9.00,K,4,4,4,2013
111,0,2,2,Justin Tucker,@Buf,8.00,K,4,2,2,2013
112,0,3,2,Alex Henery,@Den,8.00,K,4,2,2,2013
113,0,2,1,Garrett Hartley,Mia,8.00,K,4,5,5,2013
114,0,2,2,Randy Bullock,Sea,8.00,K,4,2,2,2013
115,0,1,1,Rob Bironas,NYJ,8.00,K,4,5,5,2013
116,0,2,2,Nick Folk,@Ten,7.00,K,4,1,1,2013
117,0,2,2,Jay Feely,@TB,7.00,K,4,1,1,2013
118,1,3,1,Billy Cundiff,Cin,7.00,K,4,2,2,2013
119,0,1,1,John Potter,@Oak,6.00,K,4,3,3,2013
120,0,2,2,Mike Nugent,@Cle,6.00,K,4,0,0,2013
121,1,1,1,Rian Lindell,Ari,6.00,K,4,1,1,2013
122,0,1,1,Caleb Sturgis,@NO,5.00,K,4,2,2,2013
123,1,1,1,Josh Scobee,Ind,5.00,K,4,0,0,2013
124,0,2,0,Phil Dawson,@Stl,5.00,K,4,5,5,2013
125,0,1,1,Greg Zuerlein,SF,3.00,K,4,0,0,2013
126,0,1,0,Dan Bailey,@SD,3.00,K,4,3,3,2013
127,0,1,0,Sebastian Janikowski,Was,2.00,K,4,2,2,2013
128,0,1,0,Josh Brown,@KC,1.00,K,4,1,1,2013
129,0,5,5,Alex Henery,@NYG,18.00,K,5,3,3,2013
130,1,5,5,Mason Crosby,Det,18.00,K,5,1,1,2013
131,1,3,3,Matt Prater,@Dal,17.00,K,5,6,6,2013
132,1,4,4,Justin Tucker,@Mia,16.00,K,5,2,2,2013
133,0,4,4,Ryan Succop,@Ten,14.00,K,5,2,2,2013
134,0,5,4,Stephen Hauschka,@Ind,14.00,K,5,2,2,2013
135,0,4,4,Garrett Hartley,@Chi,14.00,K,5,2,2,2013
136,0,3,3,Billy Cundiff,Buf,13.00,K,5,4,4,2013
137,0,3,3,Nick Folk,@Atl,12.00,K,5,3,3,2013
138,0,4,3,Caleb Sturgis,Bal,11.00,K,5,2,2,2013
139,1,2,2,Sebastian Janikowski,SD,11.00,K,5,3,3,2013
140,0,2,2,Greg Zuerlein,Jax,10.00,K,5,4,4,2013
141,1,2,2,Jay Feely,Car,10.00,K,5,2,2,2013
142,0,2,2,Phil Dawson,Hou,10.00,K,5,4,4,2013
143,0,2,2,Dan Bailey,Den,10.00,K,5,4,4,2013
144,1,2,2,Mike Nugent,NE,9.00,K,5,1,1,2013
145,0,2,2,Adam Vinatieri,Sea,8.00,K,5,2,2,2013
146,0,2,2,Josh Scobee,@Stl,8.00,K,5,2,2,2013
147,1,2,2,Graham Gano,@Ari,8.00,K,5,0,0,2013
148,1,1,1,Dan Carpenter,@Cle,8.00,K,5,3,3,2013
149,0,2,2,Stephen Gostkowski,@Cin,6.00,K,5,0,0,2013
150,0,2,1,Nick Novak,@Oak,5.00,K,5,2,2,2013
151,0,2,1,Rob Bironas,KC,5.00,K,5,2,2,2013
152,1,1,1,David Akers,@GB,5.00,K,5,0,0,2013
153,0,1,1,Robbie Gould,NO,4.00,K,5,1,1,2013
154,0,0,0,Matt Bryant,NYJ,4.00,K,5,4,4,2013
155,0,2,1,Randy Bullock,@SF,3.00,K,5,0,0,2013
156,0,0,0,Josh Brown,Phi,3.00,K,5,3,3,2013
157,1,4,4,Nick Novak,Ind,15.00,K,6,1,1,2013
158,1,5,4,Mason Crosby,@Bal,15.00,K,6,1,1,2013
159,1,3,3,Stephen Gostkowski,NO,14.00,K,6,3,3,2013
160,2,3,3,Adam Vinatieri,@SD,13.00,K,6,0,0,2013
161,0,4,4,Shaun Suisham,@NYJ,13.00,K,6,1,1,2013
162,0,3,3,Phil Dawson,Ari,12.00,K,6,3,3,2013
163,1,2,2,Robbie Gould,NYG,11.00,K,6,3,3,2013
164,0,4,3,Kai Forbath,@Dal,10.00,K,6,1,1,2013
165,1,2,2,Josh Scobee,@Den,9.00,K,6,1,1,2013
166,0,3,2,Mike Nugent,@Buf,9.00,K,6,3,3,2013
167,0,2,2,Garrett Hartley,@NE,9.00,K,6,3,3,2013
168,1,1,1,David Akers,@Cle,9.00,K,6,4,4,2013
169,0,1,1,Greg Zuerlein,@Hou,8.00,K,6,5,5,2013
170,0,2,2,Rian Lindell,Phi,8.00,K,6,2,2,2013
171,0,2,2,Stephen Hauschka,Ten,8.00,K,6,2,2,2013
172,1,1,1,Dan Carpenter,Cin,8.00,K,6,3,3,2013
173,0,1,1,Alex Henery,@TB,7.00,K,6,4,4,2013
174,0,2,2,Randy Bullock,Stl,7.00,K,6,1,1,2013
175,0,2,2,Rob Bironas,@Sea,7.00,K,6,1,1,2013
176,0,1,1,Dan Bailey,Was,7.00,K,6,4,4,2013
177,0,1,1,Ryan Succop,Oak,6.00,K,6,3,3,2013
178,0,2,2,Nick Folk,Pit,6.00,K,6,0,0,2013
179,0,1,1,Justin Tucker,GB,5.00,K,6,2,2,2013
180,0,0,0,Matt Prater,Jax,5.00,K,6,5,5,2013
181,0,0,0,Graham Gano,@Min,5.00,K,6,5,5,2013
182,0,1,1,Billy Cundiff,Det,5.00,K,6,2,2,2013
183,0,1,1,Blair Walsh,Car,4.00,K,6,1,1,2013
184,0,0,0,Josh Brown,@Chi,3.00,K,6,3,3,2013
185,0,0,0,Jay Feely,@SF,2.00,K,6,2,2,2013
186,0,1,0,Sebastian Janikowski,@KC,1.00,K,6,1,1,2013
187,0,0,0,Brett Kern,@Sea,0.00,K,6,0,0,2013
188,0,0,0,Bryan Anger,@Den,0.00,K,6,0,0,2013
189,1,3,3,Adam Vinatieri,Den,15.00,K,7,4,4,2013
190,1,3,3,Graham Gano,Stl,14.00,K,7,3,3,2013
191,0,4,4,Shaun Suisham,Bal,13.00,K,7,1,1,2013
192,1,2,2,Stephen Hauschka,@Ari,12.00,K,7,4,4,2013
193,0,3,3,Nick Folk,NE,12.00,K,7,3,3,2013
194,1,3,3,Jay Feely,Sea,12.00,K,7,1,1,2013
195,1,3,2,Mike Nugent,@Det,11.00,K,7,3,3,2013
196,0,3,3,Rian Lindell,@Atl,11.00,K,7,2,2,2013
197,0,3,2,Robbie Gould,@Was,11.00,K,7,5,5,2013
198,0,3,3,Dan Carpenter,@Mia,11.00,K,7,2,2,2013
199,0,3,3,Josh Brown,Min,11.00,K,7,2,2,2013
200,0,3,3,Justin Tucker,@Pit,10.00,K,7,1,1,2013
201,0,3,3,Randy Bullock,@KC,10.00,K,7,1,1,2013
202,0,2,2,Matt Prater,@Ind,9.00,K,7,3,3,2013
203,0,2,2,Stephen Gostkowski,@NYJ,9.00,K,7,3,3,2013
204,0,1,1,Kai Forbath,Chi,9.00,K,7,6,6,2013
205,0,2,2,Greg Zuerlein,@Car,7.00,K,7,1,1,2013
206,0,1,1,Phil Dawson,@Ten,7.00,K,7,4,4,2013
207,0,2,2,Billy Cundiff,@GB,7.00,K,7,1,1,2013
208,0,2,1,Mason Crosby,Cle,7.00,K,7,4,4,2013
209,0,1,1,Matt Bryant,TB,7.00,K,7,4,4,2013
210,0,2,2,Josh Scobee,SD,6.00,K,7,0,0,2013
211,0,1,1,Nick Novak,@Jax,6.00,K,7,3,3,2013
212,0,2,1,David Akers,Cin,6.00,K,7,3,3,2013
213,0,1,1,Ryan Succop,Hou,5.00,K,7,2,2,2013
214,0,1,1,Rob Bironas,SF,5.00,K,7,2,2,2013
215,0,1,1,Dan Bailey,@Phi,5.00,K,7,2,2,2013
216,0,1,0,Caleb Sturgis,Buf,3.00,K,7,3,3,2013
217,0,2,1,Alex Henery,Dal,3.00,K,7,0,0,2013
218,0,1,0,Blair Walsh,@NYG,1.00,K,7,1,1,2013
219,2,3,3,Dan Bailey,@Det,16.00,K,8,3,3,2013
220,0,5,5,Josh Brown,@Phi,15.00,K,8,0,0,2013
221,0,3,3,Mason Crosby,@Min,14.00,K,8,5,5,2013
222,0,4,3,Ryan Succop,Cle,11.00,K,8,2,2,2013
223,1,3,3,Nick Folk,@Cin,11.00,K,8,0,0,2013
224,0,4,3,Greg Zuerlein,Sea,9.00,K,8,0,0,2013
225,0,1,1,Matt Prater,Was,9.00,K,8,6,6,2013
226,0,2,2,Stephen Gostkowski,Mia,9.00,K,8,3,3,2013
227,0,2,2,Jay Feely,Atl,9.00,K,8,3,3,2013
228,0,1,1,Blair Walsh,GB,7.00,K,8,4,4,2013
229,1,3,1,Caleb Sturgis,@NE,7.00,K,8,2,2,2013
230,0,0,0,Mike Nugent,NYJ,7.00,K,8,7,7,2013
231,0,2,2,Rian Lindell,Car,7.00,K,8,1,1,2013
232,0,1,1,Graham Gano,@TB,7.00,K,8,4,4,2013
233,0,2,2,Matt Bryant,@Ari,7.00,K,8,1,1,2013
234,0,1,1,David Akers,Dal,7.00,K,8,4,4,2013
235,0,0,0,Phil Dawson,@Jax,6.00,K,8,6,6,2013
236,0,2,0,Garrett Hartley,Buf,5.00,K,8,5,5,2013
237,0,1,1,Billy Cundiff,@KC,5.00,K,8,2,2,2013
238,0,2,1,Dan Carpenter,@NO,5.00,K,8,2,2,2013
239,0,3,1,Shaun Suisham,@Oak,4.00,K,8,1,1,2013
240,0,1,1,Josh Scobee,SF,4.00,K,8,1,1,2013
241,0,0,0,Sebastian Janikowski,Pit,3.00,K,8,3,3,2013
242,0,0,0,Kai Forbath,@Den,3.00,K,8,3,3,2013
243,0,0,0,Stephen Hauschka,@Stl,2.00,K,8,2,2,2013
244,0,0,0,Alex Henery,NYG,1.00,K,8,1,1,2013
245,0,0,0,Steve Weatherford,@Phi,0.00,K,8,0,0,2013
246,0,4,4,Nick Folk,NO,14.00,K,9,2,2,2013
247,0,2,2,Stephen Gostkowski,Pit,13.00,K,9,7,7,2013
248,1,2,2,Graham Gano,Atl,12.00,K,9,4,4,2013
249,0,3,3,Ryan Succop,@Buf,11.00,K,9,2,2,2013
250,1,2,2,Mike Nugent,@Mia,10.00,K,9,2,2,2013
251,1,2,2,Sebastian Janikowski,Phi,10.00,K,9,2,2,2013
252,1,3,2,Garrett Hartley,@NYJ,10.00,K,9,2,2,2013
253,0,2,2,Stephen Hauschka,TB,9.00,K,9,3,3,2013
254,0,2,2,Robbie Gould,@GB,9.00,K,9,3,3,2013
255,0,2,2,Dan Bailey,Min,9.00,K,9,3,3,2013
256,0,3,2,Caleb Sturgis,Cin,8.00,K,9,2,2,2013
257,0,2,2,Mason Crosby,Chi,8.00,K,9,2,2,2013
258,0,3,2,Adam Vinatieri,@Hou,7.00,K,9,1,1,2013
259,0,1,1,Shaun Suisham,@NE,7.00,K,9,4,4,2013
260,0,0,0,Alex Henery,@Oak,7.00,K,9,7,7,2013
261,0,2,2,Dan Carpenter,KC,7.00,K,9,1,1,2013
262,1,1,1,Justin Tucker,@Cle,6.00,K,9,1,1,2013
263,0,1,1,Nick Novak,@Was,6.00,K,9,3,3,2013
264,0,1,1,Rian Lindell,@Sea,6.00,K,9,3,3,2013
265,0,3,1,Kai Forbath,SD,6.00,K,9,3,3,2013
266,0,1,1,Billy Cundiff,Bal,6.00,K,9,3,3,2013
267,0,4,1,Randy Bullock,Ind,6.00,K,9,3,3,2013
268,0,1,1,Blair Walsh,@Dal,5.00,K,9,3,2,2013
269,0,1,1,Matt Bryant,@Car,4.00,K,9,1,1,2013
270,0,0,0,Rob Bironas,@Stl,4.00,K,9,4,4,2013
271,0,1,0,Greg Zuerlein,Ten,3.00,K,9,3,3,2013
272,1,4,4,Stephen Hauschka,@Atl,17.00,K,10,3,3,2013
273,0,3,3,Shaun Suisham,Buf,11.00,K,10,2,2,2013
274,1,3,3,Phil Dawson,Car,11.00,K,10,0,0,2013
275,0,2,2,Blair Walsh,Was,10.00,K,10,4,4,2013
276,0,2,2,Josh Scobee,@Ten,9.00,K,10,3,3,2013
277,0,3,2,Alex Henery,@GB,9.00,K,10,3,3,2013
278,0,2,2,Kai Forbath,@Min,9.00,K,10,3,3,2013
279,0,2,2,Jay Feely,Hou,9.00,K,10,3,3,2013
280,0,2,2,Rob Bironas,Jax,9.00,K,10,3,3,2013
281,0,1,1,Greg Zuerlein,@Ind,8.00,K,10,5,5,2013
282,0,2,2,Justin Tucker,Cin,8.00,K,10,2,2,2013
283,0,3,2,Nick Novak,Den,8.00,K,10,2,2,2013
284,0,2,2,Rian Lindell,Mia,8.00,K,10,2,2,2013
285,0,2,2,Sebastian Janikowski,@NYG,8.00,K,10,2,2,2013
286,0,2,2,Caleb Sturgis,@TB,7.00,K,10,1,1,2013
287,0,1,0,Garrett Hartley,Dal,7.00,K,10,7,7,2013
288,0,2,2,Robbie Gould,Det,7.00,K,10,1,1,2013
289,0,4,2,Mason Crosby,Phi,7.00,K,10,1,1,2013
290,1,2,1,Graham Gano,@SF,6.00,K,10,1,1,2013
291,0,2,1,Randy Bullock,@Ari,6.00,K,10,3,3,2013
292,1,1,1,Matt Bryant,Sea,6.00,K,10,1,1,2013
293,0,1,1,Josh Brown,Oak,6.00,K,10,3,3,2013
294,0,2,1,Mike Nugent,@Bal,5.00,K,10,2,2,2013
295,0,1,1,Dan Bailey,@NO,5.00,K,10,2,2,2013
296,0,0,0,Matt Prater,@SD,4.00,K,10,4,4,2013
297,0,1,1,Dan Carpenter,@Pit,4.00,K,10,1,1,2013
298,0,1,0,David Akers,@Chi,3.00,K,10,3,3,2013
299,1,3,3,Adam Vinatieri,@Ten,14.00,K,11,3,3,2013
300,0,3,3,Shaun Suisham,Det,13.00,K,11,4,4,2013
301,1,2,2,Stephen Hauschka,Min,13.00,K,11,5,5,2013
302,0,3,3,Dan Carpenter,NYJ,13.00,K,11,4,4,2013
303,1,3,3,Randy Bullock,Oak,13.00,K,11,2,2,2013
304,1,3,3,Nick Novak,@Mia,12.00,K,11,1,1,2013
305,1,3,2,Matt Prater,KC,11.00,K,11,3,3,2013
306,0,2,2,Mike Nugent,Cle,11.00,K,11,5,5,2013
307,0,3,2,Rian Lindell,Atl,11.00,K,11,5,5,2013
308,0,3,3,Garrett Hartley,SF,11.00,K,11,2,2,2013
309,0,3,3,Robbie Gould,Bal,11.00,K,11,2,2,2013
310,1,2,2,Justin Tucker,@Chi,10.00,K,11,2,2,2013
311,1,2,2,Phil Dawson,@NO,10.00,K,11,2,2,2013
312,0,2,2,Jay Feely,@Jax,9.00,K,11,3,3,2013
313,1,2,2,Mason Crosby,@NYG,9.00,K,11,1,1,2013
314,0,2,2,Josh Brown,GB,9.00,K,11,3,3,2013
315,0,2,2,Rob Bironas,Ind,9.00,K,11,3,3,2013
316,0,2,2,David Akers,@Pit,9.00,K,11,3,3,2013
317,0,2,2,Blair Walsh,@Sea,8.00,K,11,2,2,2013
318,0,2,2,Caleb Sturgis,SD,8.00,K,11,2,2,2013
319,0,2,2,Stephen Gostkowski,@Car,8.00,K,11,2,2,2013
320,0,2,2,Billy Cundiff,@Cin,8.00,K,11,2,2,2013
321,0,2,2,Matt Bryant,@TB,8.00,K,11,2,2,2013
322,0,1,1,Alex Henery,Was,6.00,K,11,3,3,2013
323,0,1,1,Graham Gano,NE,6.00,K,11,3,3,2013
324,0,1,1,Ryan Succop,@Den,5.00,K,11,2,2,2013
325,0,1,0,Sebastian Janikowski,@Hou,4.00,K,11,4,4,2013
326,0,1,0,Josh Scobee,Ari,2.00,K,11,2,2,2013
327,0,1,0,Nick Folk,@Buf,2.00,K,11,2,2,2013
328,0,0,0,Michael Koenen,Atl,0.00,K,11,0,0,2013
329,0,0,0,Sam Martin,@Pit,-1.00,K,11,0,0,2013
330,1,5,4,Jay Feely,Ind,18.00,K,12,4,4,2013
331,1,4,4,Justin Tucker,NYJ,15.00,K,12,1,1,2013
332,1,6,4,Sebastian Janikowski,Ten,15.00,K,12,1,1,2013
333,0,4,4,Blair Walsh,@GB,14.00,K,12,2,2,2013
334,0,2,2,Nick Novak,@KC,11.00,K,12,5,5,2013
335,0,3,3,Rob Bironas,@Oak,11.00,K,12,2,2,2013
336,0,2,2,Greg Zuerlein,Chi,10.00,K,12,4,4,2013
337,0,4,3,Caleb Sturgis,Car,10.00,K,12,1,1,2013
338,0,2,2,Stephen Gostkowski,Den,10.00,K,12,4,4,2013
339,1,3,2,Graham Gano,@Mia,10.00,K,12,2,2,2013
340,0,2,2,Shaun Suisham,@Cle,9.00,K,12,3,3,2013
341,1,3,2,Josh Scobee,@Hou,9.00,K,12,1,1,2013
342,0,2,2,Phil Dawson,@Was,9.00,K,12,3,3,2013
343,0,1,1,Ryan Succop,SD,8.00,K,12,5,5,2013
344,0,2,2,Mason Crosby,Min,8.00,K,12,2,2,2013
345,0,1,1,Matt Prater,@NE,7.00,K,12,4,4,2013
346,0,3,2,Matt Bryant,NO,7.00,K,12,1,1,2013
347,0,2,2,Josh Brown,Dal,7.00,K,12,1,1,2013
348,0,3,1,Rian Lindell,@Det,6.00,K,12,3,3,2013
349,0,2,2,Kai Forbath,SF,6.00,K,12,0,0,2013
350,0,2,2,Randy Bullock,Jax,6.00,K,12,0,0,2013
351,0,1,1,Dan Bailey,@NYG,6.00,K,12,3,3,2013
352,0,1,1,Garrett Hartley,@Atl,5.00,K,12,2,2,2013
353,0,1,1,Adam Vinatieri,@Ari,3.00,K,12,0,0,2013
354,0,0,0,Robbie Gould,@Stl,3.00,K,12,3,3,2013
355,0,1,1,Nick Folk,@Bal,3.00,K,12,0,0,2013
356,0,2,1,Billy Cundiff,Pit,3.00,K,12,0,0,2013
357,0,0,0,David Akers,TB,3.00,K,12,3,3,2013
358,0,5,5,Adam Vinatieri,Ten,16.00,K,13,1,1,2013
359,0,5,5,Justin Tucker,Pit,16.00,K,13,1,1,2013
360,2,3,2,Stephen Gostkowski,@Hou,14.00,K,13,4,4,2013
361,0,3,3,Josh Scobee,@Cle,12.00,K,13,3,3,2013
362,0,4,3,Blair Walsh,Chi,11.00,K,13,2,2,2013
363,0,4,3,Caleb Sturgis,@NYJ,11.00,K,13,2,2,2013
364,0,3,3,Phil Dawson,Stl,11.00,K,13,2,2,2013
365,0,2,2,Stephen Hauschka,NO,10.00,K,13,4,4,2013
366,0,2,2,Matt Bryant,@Buf,10.00,K,13,4,4,2013
367,0,2,2,Graham Gano,TB,9.00,K,13,3,3,2013
368,1,3,2,Rian Lindell,@Car,8.00,K,13,0,0,2013
369,0,4,2,Robbie Gould,@Min,8.00,K,13,2,2,2013
370,0,2,1,David Akers,GB,8.00,K,13,5,5,2013
371,0,2,2,Greg Zuerlein,@SF,7.00,K,13,1,1,2013
372,0,1,1,Dan Carpenter,Atl,7.00,K,13,4,4,2013
373,0,1,1,Randy Bullock,NE,7.00,K,13,4,4,2013
374,0,1,1,Dan Bailey,Oak,7.00,K,13,4,4,2013
375,0,1,1,Sebastian Janikowski,@Dal,6.00,K,13,3,3,2013
376,0,1,1,Alex Henery,Ari,6.00,K,13,3,3,2013
377,1,1,1,Mason Crosby,@Det,6.00,K,13,1,1,2013
378,0,1,1,Josh Brown,@Was,6.00,K,13,3,3,2013
379,0,0,0,Matt Prater,@KC,5.00,K,13,5,5,2013
380,0,1,1,Mike Nugent,@SD,5.00,K,13,2,2,2013
381,0,1,1,Kai Forbath,NYG,5.00,K,13,2,2,2013
382,0,0,0,Ryan Succop,Den,4.00,K,13,4,4,2013
383,0,1,1,Nick Novak,Cin,4.00,K,13,1,1,2013
384,0,1,0,Billy Cundiff,Jax,4.00,K,13,4,4,2013
385,0,1,1,Nick Folk,Mia,3.00,K,13,0,0,2013
386,0,0,0,Jay Feely,@Phi,3.00,K,13,3,3,2013
387,0,0,0,Shaun Suisham,@Bal,2.00,K,13,2,2,2013
388,0,0,0,Rob Bironas,@Ind,2.00,K,13,2,2,2013
389,0,0,0,Garrett Hartley,@Sea,1.00,K,13,1,1,2013
390,1,3,3,Matt Prater,Ten,17.00,K,14,6,6,2013
391,1,3,3,Nick Folk,Oak,15.00,K,14,4,4,2013
392,1,4,4,Phil Dawson,Sea,15.00,K,14,1,1,2013
393,0,3,3,Nick Novak,NYG,13.00,K,14,4,4,2013
394,0,3,3,Robbie Gould,Dal,13.00,K,14,4,4,2013
395,1,2,2,Rian Lindell,Buf,11.00,K,14,3,3,2013
396,0,3,2,Caleb Sturgis,@Pit,10.00,K,14,4,4,2013
397,0,3,3,Mason Crosby,Atl,10.00,K,14,1,1,2013
398,0,2,1,Ryan Succop,@Was,9.00,K,14,6,6,2013
399,0,2,2,Josh Scobee,Hou,9.00,K,14,3,3,2013
400,0,3,2,Sebastian Janikowski,@NYJ,9.00,K,14,3,3,2013
401,1,2,2,Stephen Gostkowski,Cle,9.00,K,14,1,1,2013
402,0,2,2,Blair Walsh,@Bal,8.00,K,14,2,2,2013
403,0,3,2,Billy Cundiff,@NE,8.00,K,14,2,2,2013
404,0,2,2,Randy Bullock,@Jax,8.00,K,14,2,2,2013
405,0,1,1,Garrett Hartley,Car,7.00,K,14,4,4,2013
406,0,3,2,Graham Gano,@NO,7.00,K,14,1,1,2013
407,0,0,0,Mike Nugent,Ind,6.00,K,14,6,6,2013
408,1,1,1,Kai Forbath,KC,6.00,K,14,1,1,2013
409,0,2,2,Dan Carpenter,@TB,6.00,K,14,0,0,2013
410,0,1,1,Stephen Hauschka,@SF,5.00,K,14,2,2,2013
411,0,1,1,Greg Zuerlein,@Ari,4.00,K,14,1,1,2013
412,0,1,0,Adam Vinatieri,@Cin,4.00,K,14,4,4,2013
413,0,0,0,Shaun Suisham,Mia,4.00,K,14,4,4,2013
414,0,2,0,Jay Feely,Stl,4.00,K,14,4,4,2013
415,0,0,0,Rob Bironas,@Den,4.00,K,14,4,4,2013
416,0,0,0,Dan Bailey,@Chi,4.00,K,14,4,4,2013
417,0,0,0,Justin Tucker,Min,3.00,K,14,3,3,2013
418,0,1,0,Matt Bryant,@GB,3.00,K,14,3,3,2013
419,0,0,0,Josh Brown,@SD,2.00,K,14,2,2,2013
420,0,0,0,David Akers,@Phi,0.00,K,14,1,0,2013
421,2,6,6,Justin Tucker,@Det,22.00,K,15,0,0,2013
422,2,5,5,Dan Bailey,GB,22.00,K,15,3,3,2013
423,0,4,4,Phil Dawson,@TB,15.00,K,15,3,3,2013
424,0,3,3,Jay Feely,@Ten,13.00,K,15,4,4,2013
425,0,3,2,Blair Walsh,Phi,12.00,K,15,6,6,2013
426,0,3,3,Shaun Suisham,Cin,12.00,K,15,3,3,2013
427,1,3,3,Alex Henery,@Min,12.00,K,15,1,1,2013
428,0,3,3,Graham Gano,NYJ,12.00,K,15,3,3,2013
429,0,3,3,Adam Vinatieri,Hou,11.00,K,15,2,2,2013
430,0,3,3,Stephen Hauschka,@NYG,11.00,K,15,2,2,2013
431,1,2,2,Matt Bryant,Was,11.00,K,15,3,3,2013
432,1,2,2,Josh Scobee,Buf,10.00,K,15,2,2,2013
433,1,2,2,Nick Folk,@Car,10.00,K,15,2,2,2013
434,0,3,2,Rob Bironas,Ari,10.00,K,15,4,4,2013
435,0,2,2,Greg Zuerlein,NO,9.00,K,15,3,3,2013
436,0,2,2,Nick Novak,@Den,9.00,K,15,3,3,2013
437,1,1,1,Mason Crosby,@Dal,9.00,K,15,4,4,2013
438,0,3,2,Dan Carpenter,@Jax,9.00,K,15,3,3,2013
439,0,0,0,Ryan Succop,@Oak,8.00,K,15,8,8,2013
440,0,2,2,Matt Prater,SD,8.00,K,15,2,2,2013
441,0,1,1,Robbie Gould,@Cle,8.00,K,15,5,5,2013
442,0,3,2,Stephen Gostkowski,@Mia,8.00,K,15,2,2,2013
443,0,2,2,Kai Forbath,@Atl,8.00,K,15,2,2,2013
444,0,1,1,Sebastian Janikowski,KC,7.00,K,15,4,4,2013
445,0,1,1,Billy Cundiff,Chi,7.00,K,15,4,4,2013
446,0,1,1,Caleb Sturgis,NE,6.00,K,15,3,3,2013
447,0,3,1,Garrett Hartley,@Stl,4.00,K,15,1,1,2013
448,0,1,1,David Akers,Bal,4.00,K,15,1,1,2013
449,0,1,1,Randy Bullock,@Ind,3.00,K,15,0,0,2013
450,0,0,0,Mike Nugent,@Pit,2.00,K,15,2,2,2013
451,0,0,0,Rian Lindell,SF,2.00,K,15,2,2,2013
452,0,0,0,Kevin Huber,@Pit,0.00,K,15,0,0,2013
453,0,0,0,Brandon Fields,NE,-1.00,K,15,0,0,2013
454,0,4,4,Nick Novak,Oak,14.00,K,16,2,2,2013
455,1,3,3,Greg Zuerlein,TB,13.00,K,16,2,2,2013
456,0,3,3,Matt Prater,@Hou,13.00,K,16,4,4,2013
457,0,4,4,Dan Carpenter,Mia,13.00,K,16,1,1,2013
458,1,3,3,Josh Brown,@Det,13.00,K,16,2,2,2013
459,0,4,3,Adam Vinatieri,@KC,11.00,K,16,2,2,2013
460,0,2,2,Stephen Gostkowski,@Bal,11.00,K,16,5,5,2013
461,0,3,3,Kai Forbath,Dal,11.00,K,16,2,2,2013
462,0,1,1,Alex Henery,Chi,10.00,K,16,7,7,2013
463,0,2,2,Phil Dawson,Atl,10.00,K,16,4,4,2013
464,1,2,2,Rob Bironas,@Jax,10.00,K,16,2,2,2013
465,0,3,3,Jay Feely,@Sea,9.00,K,16,0,0,2013
466,0,1,1,Shaun Suisham,@GB,8.00,K,16,5,5,2013
467,0,2,2,Rian Lindell,@Stl,7.00,K,16,1,1,2013
468,0,2,2,Sebastian Janikowski,@SD,7.00,K,16,1,1,2013
469,0,2,2,Shayne Graham,@Car,7.00,K,16,1,1,2013
470,0,2,2,Billy Cundiff,@NYJ,7.00,K,16,1,1,2013
471,0,1,1,Mason Crosby,Pit,7.00,K,16,4,4,2013
472,0,2,2,Randy Bullock,Den,7.00,K,16,1,1,2013
473,0,0,0,Mike Nugent,Min,6.00,K,16,6,6,2013
474,0,2,1,Nick Folk,Cle,6.00,K,16,3,3,2013
475,0,1,1,Matt Bryant,@SF,6.00,K,16,3,3,2013
476,0,1,1,Dan Bailey,@Was,6.00,K,16,3,3,2013
477,1,1,1,Robbie Gould,@Phi,5.00,K,16,0,0,2013
478,0,1,1,Graham Gano,NO,5.00,K,16,2,2,2013
479,0,1,1,Josh Scobee,Ten,4.00,K,16,2,1,2013
480,0,2,1,Stephen Hauschka,Ari,4.00,K,16,1,1,2013
481,0,1,1,David Akers,NYG,4.00,K,16,1,1,2013
482,0,0,0,Blair Walsh,@Cin,2.00,K,16,2,2,2013
483,0,1,0,Justin Tucker,NE,1.00,K,16,1,1,2013
484,0,1,0,Ryan Succop,Ind,1.00,K,16,1,1,2013
485,0,0,0,Mat McBriar,@GB,1.00,K,16,0,0,2013
486,0,4,4,Stephen Gostkowski,Buf,14.00,K,17,2,2,2013
487,1,4,3,Phil Dawson,@Ari,13.00,K,17,2,2,2013
488,0,3,3,Adam Vinatieri,Jax,12.00,K,17,3,3,2013
489,1,2,2,Matt Prater,@Oak,12.00,K,17,4,4,2013
490,1,3,3,Rob Bironas,Hou,12.00,K,17,1,1,2013
491,0,2,2,Mike Nugent,Bal,10.00,K,17,4,4,2013
492,1,2,2,Dan Carpenter,@NE,10.00,K,17,2,2,2013
493,0,3,3,Dan Bailey,Phi,10.00,K,17,1,1,2013
494,0,3,3,Justin Tucker,@Cin,9.00,K,17,0,0,2013
495,0,2,2,Nick Novak,KC,9.00,K,17,3,3,2013
496,0,2,2,Stephen Hauschka,Stl,9.00,K,17,3,3,2013
497,0,2,2,Mason Crosby,@Chi,9.00,K,17,3,3,2013
498,1,2,2,David Akers,@Min,9.00,K,17,1,1,2013
499,0,2,2,Shaun Suisham,Cle,8.00,K,17,2,2,2013
500,0,3,2,Nick Folk,@Mia,8.00,K,17,2,2,2013
501,0,4,2,Jay Feely,SF,8.00,K,17,2,2,2013
502,0,2,2,Matt Bryant,Car,8.00,K,17,2,2,2013
503,0,3,2,Josh Brown,Was,8.00,K,17,2,2,2013
504,1,1,1,Rian Lindell,@NO,7.00,K,17,2,2,2013
505,0,2,1,Ryan Succop,@SD,6.00,K,17,3,3,2013
506,0,1,1,Alex Henery,@Dal,6.00,K,17,3,3,2013
507,0,0,0,Shayne Graham,TB,6.00,K,17,6,6,2013
508,0,2,2,Kai Forbath,@NYG,6.00,K,17,0,0,2013
509,0,1,1,Josh Scobee,@Ind,4.00,K,17,1,1,2013
510,0,0,0,Robbie Gould,GB,4.00,K,17,4,4,2013
511,0,1,1,Randy Bullock,@Ten,4.00,K,17,1,1,2013
512,0,1,1,Greg Zuerlein,@Sea,3.00,K,17,0,0,2013
513,0,0,0,Graham Gano,@Atl,3.00,K,17,3,3,2013
514,0,0,0,Blair Walsh,Det,2.00,K,17,2,2,2013
515,0,1,0,Sebastian Janikowski,Den,2.00,K,17,2,2,2013
516,0,0,0,Caleb Sturgis,NYJ,1.00,K,17,1,1,2013
517,0,0,0,Billy Cundiff,@Pit,1.00,K,17,1,1,2013
518,0,0,0,Michael Koenen,@NO,0.00,K,17,0,0,2013
