,Rush Yards Allowed,Touchdowns,Receiving Yards,Interception,Fumbles Lost,Pass Yards Allowed,Pass Interceptions,Points_y,Rush Yards,Rush Attempts,Points_x,Total Yards,Pass Completions,Receiving TD,Pass Attempts,Receptions,Pass TD,Rush TD,Sack,Pass Yards,Name
0,[ 112.09090909],[ 0.18181818],[ 11.72727273],[ 0.45454545],[ 0.],[ 162.63636364],[ 0.],[ 9.],[ 0.],[ 0.],[ 0.81818182],[ 274.72727273],[ 0.],[ 0.],[ 0.],[ 1.18181818],[ 0.],[ 0.],[ 2.90909091],[ 0.],James O'Shaughnessy
1,835.73553719,0.0330578512397,298.347107438,2.38842975207,0.0,185.950413223,0.0,36.0,0.0,0.0,1.39669421488,233.256198347,0.0,0.0,0.0,0.0330578512397,0.0,0.0,1.19008264463,0.0,James O'Shaughnessy
2,0.0,0.0,0.0,0.0,1.0,0.0,1.0,0.0,1.0,1.0,0.0,0.0,1.0,1.0,1.0,0.0,1.0,1.0,0.0,1.0,James O'Shaughnessy
3,"6    141.0
Name: Rush Yards Allowed, dtype: float64","6    0.0
Name: Touchdowns, dtype: float64","6    29.0
Name: Receiving Yards, dtype: float64","6    2.0
Name: Interception, dtype: float64","6    0.0
Name: Fumbles Lost, dtype: float64","6    149.0
Name: Pass Yards Allowed, dtype: float64","6    0.0
Name: Pass Interceptions, dtype: float64","6    15.0
Name: Points_y, dtype: float64","6    0.0
Name: Rush Yards, dtype: float64","6    0.0
Name: Rush Attempts, dtype: float64","6    2.0
Name: Points_x, dtype: float64","6    290.0
Name: Total Yards, dtype: float64","6    0.0
Name: Pass Completions, dtype: float64","6    0.0
Name: Receiving TD, dtype: float64","6    0.0
Name: Pass Attempts, dtype: float64","6    1.0
Name: Receptions, dtype: float64","6    0.0
Name: Pass TD, dtype: float64","6    0.0
Name: Rush TD, dtype: float64","6    4.0
Name: Sack, dtype: float64","6    0.0
Name: Pass Yards, dtype: float64",James O'Shaughnessy
0,[ 105.9],[ 0.],[ 47.],[ 0.7],[ 0.],[ 229.6],[ 0.],[ 7.],[ 0.],[ 0.],[ 7.3],[ 335.5],[ 0.],[ 0.5],[ 0.],[ 4.4],[ 0.],[ 0.],[ 1.8],[ 0.],Evan Engram
1,1672.81,0.0,2704.0,0.49,0.0,876.16,0.0,16.0,0.0,0.0,59.29,4970.25,0.0,0.25,0.0,6.76,0.0,0.0,1.44,0.0,Evan Engram
2,0.0,1.0,0.0,0.0,1.0,0.0,1.0,0.0,1.0,1.0,0.0,0.0,1.0,0.0,1.0,0.0,1.0,1.0,0.0,1.0,Evan Engram
3,"10    65.0
Name: Rush Yards Allowed, dtype: float64","10    0.0
Name: Touchdowns, dtype: float64","10    99.0
Name: Receiving Yards, dtype: float64","10    0.0
Name: Interception, dtype: float64","10    0.0
Name: Fumbles Lost, dtype: float64","10    200.0
Name: Pass Yards Allowed, dtype: float64","10    0.0
Name: Pass Interceptions, dtype: float64","10    11.0
Name: Points_y, dtype: float64","10    0.0
Name: Rush Yards, dtype: float64","10    0.0
Name: Rush Attempts, dtype: float64","10    15.0
Name: Points_x, dtype: float64","10    265.0
Name: Total Yards, dtype: float64","10    0.0
Name: Pass Completions, dtype: float64","10    1.0
Name: Receiving TD, dtype: float64","10    0.0
Name: Pass Attempts, dtype: float64","10    7.0
Name: Receptions, dtype: float64","10    0.0
Name: Pass TD, dtype: float64","10    0.0
Name: Rush TD, dtype: float64","10    3.0
Name: Sack, dtype: float64","10    0.0
Name: Pass Yards, dtype: float64",Evan Engram
0,[ 115.75581395],[ 0.24418605],[ 51.73255814],[ 0.84883721],[ 0.03488372],[ 251.10465116],[ 0.],[ 8.70930233],[ 0.],[ 0.],[ 6.44186047],[ 366.86046512],[ 0.],[ 0.29069767],[ 0.],[ 5.09302326],[ 0.],[ 0.],[ 1.98837209],[ 0.],Jason Witten
1,3570.75730124,0.571254732288,1912.53664143,1.32517577069,0.00121687398594,734.662114657,0.0,176.642644673,0.0,0.0,0.195240670633,7544.74040022,0.0,0.503109789075,0.0,16.7528393726,0.0,0.0,4.04664683613,0.0,Jason Witten
2,0.0,0.0,0.0,0.0,0.0,0.0,1.0,0.0,1.0,1.0,0.0,0.0,1.0,0.0,1.0,0.0,1.0,1.0,0.0,1.0,Jason Witten
3,"11    56.0
Name: Rush Yards Allowed, dtype: float64","11    1.0
Name: Touchdowns, dtype: float64","11    8.0
Name: Receiving Yards, dtype: float64","11    2.0
Name: Interception, dtype: float64","11    0.0
Name: Fumbles Lost, dtype: float64","11    224.0
Name: Pass Yards Allowed, dtype: float64","11    0.0
Name: Pass Interceptions, dtype: float64","11    22.0
Name: Points_y, dtype: float64","11    0.0
Name: Rush Yards, dtype: float64","11    0.0
Name: Rush Attempts, dtype: float64","11    6.0
Name: Points_x, dtype: float64","11    280.0
Name: Total Yards, dtype: float64","11    0.0
Name: Pass Completions, dtype: float64","11    1.0
Name: Receiving TD, dtype: float64","11    0.0
Name: Pass Attempts, dtype: float64","11    1.0
Name: Receptions, dtype: float64","11    0.0
Name: Pass TD, dtype: float64","11    0.0
Name: Rush TD, dtype: float64","11    4.0
Name: Sack, dtype: float64","11    0.0
Name: Pass Yards, dtype: float64",Jason Witten
0,[ 78.6],[ 0.2],[ 5.8],[ 1.2],[ 0.],[ 270.8],[ 0.],[ 11.4],[ 0.],[ 0.],[ 1.4],[ 349.4],[ 0.],[ 0.2],[ 0.],[ 1.],[ 0.],[ 0.],[ 1.2],[ 0.],Alan Cross
1,7464.96,0.64,51.84,1.44,0.0,1664.64,0.0,57.76,0.0,0.0,0.16,2079.36,0.0,0.04,0.0,0.0,0.0,0.0,33.64,0.0,Alan Cross
2,0.0,0.0,0.0,0.0,1.0,0.0,1.0,0.0,1.0,1.0,0.0,0.0,1.0,0.0,1.0,1.0,1.0,1.0,0.0,1.0,Alan Cross
3,"2    165.0
Name: Rush Yards Allowed, dtype: float64","2    1.0
Name: Touchdowns, dtype: float64","2    13.0
Name: Receiving Yards, dtype: float64","2    0.0
Name: Interception, dtype: float64","2    0.0
Name: Fumbles Lost, dtype: float64","2    230.0
Name: Pass Yards Allowed, dtype: float64","2    0.0
Name: Pass Interceptions, dtype: float64","2    19.0
Name: Points_y, dtype: float64","2    0.0
Name: Rush Yards, dtype: float64","2    0.0
Name: Rush Attempts, dtype: float64","2    1.0
Name: Points_x, dtype: float64","2    395.0
Name: Total Yards, dtype: float64","2    0.0
Name: Pass Completions, dtype: float64","2    0.0
Name: Receiving TD, dtype: float64","2    0.0
Name: Pass Attempts, dtype: float64","2    1.0
Name: Receptions, dtype: float64","2    0.0
Name: Pass TD, dtype: float64","2    0.0
Name: Rush TD, dtype: float64","2    7.0
Name: Sack, dtype: float64","2    0.0
Name: Pass Yards, dtype: float64",Alan Cross
0,[ 90.29166667],[ 0.27083333],[ 40.14583333],[ 1.],[ 0.],[ 275.72916667],[ 0.],[ 9.1875],[ 0.],[ 0.],[ 7.45833333],[ 366.02083333],[ 0.],[ 0.64583333],[ 0.],[ 3.72916667],[ 0.],[ 0.],[ 2.02083333],[ 0.],Julius Thomas
1,161.501736111,0.531684027778,405.854600694,4.0,0.0,11822.031684,0.0,353.91015625,0.0,0.0,0.293402777778,9220.00043403,0.0,0.125434027778,0.0,0.531684027778,0.0,0.0,0.958767361111,0.0,Julius Thomas
2,0.0,0.0,0.0,0.0,1.0,0.0,1.0,0.0,1.0,1.0,0.0,0.0,1.0,0.0,1.0,0.0,1.0,1.0,0.0,1.0,Julius Thomas
3,"11    103.0
Name: Rush Yards Allowed, dtype: float64","11    1.0
Name: Touchdowns, dtype: float64","11    20.0
Name: Receiving Yards, dtype: float64","11    3.0
Name: Interception, dtype: float64","11    0.0
Name: Fumbles Lost, dtype: float64","11    167.0
Name: Pass Yards Allowed, dtype: float64","11    0.0
Name: Pass Interceptions, dtype: float64","11    28.0
Name: Points_y, dtype: float64","11    0.0
Name: Rush Yards, dtype: float64","11    0.0
Name: Rush Attempts, dtype: float64","11    8.0
Name: Points_x, dtype: float64","11    270.0
Name: Total Yards, dtype: float64","11    0.0
Name: Pass Completions, dtype: float64","11    1.0
Name: Receiving TD, dtype: float64","11    0.0
Name: Pass Attempts, dtype: float64","11    3.0
Name: Receptions, dtype: float64","11    0.0
Name: Pass TD, dtype: float64","11    0.0
Name: Rush TD, dtype: float64","11    3.0
Name: Sack, dtype: float64","11    0.0
Name: Pass Yards, dtype: float64",Julius Thomas
0,[ 69.5],[ 0.],[ 63.],[ 1.5],[ 0.],[ 186.],[ 0.],[ 8.5],[ 0.],[ 0.],[ 15.],[ 255.5],[ 0.],[ 1.5],[ 0.],[ 3.5],[ 0.],[ 0.],[ 2.5],[ 0.],Ricky Seals-Jones
1,420.25,0.0,361.0,0.25,0.0,729.0,0.0,30.25,0.0,0.0,121.0,2256.25,0.0,2.25,0.0,2.25,0.0,0.0,2.25,0.0,Ricky Seals-Jones
2,0.0,1.0,0.0,0.0,1.0,0.0,1.0,0.0,1.0,1.0,0.0,0.0,1.0,0.0,1.0,0.0,1.0,1.0,0.0,1.0,Ricky Seals-Jones
3,"2    90.0
Name: Rush Yards Allowed, dtype: float64","2    0.0
Name: Touchdowns, dtype: float64","2    44.0
Name: Receiving Yards, dtype: float64","2    1.0
Name: Interception, dtype: float64","2    0.0
Name: Fumbles Lost, dtype: float64","2    213.0
Name: Pass Yards Allowed, dtype: float64","2    0.0
Name: Pass Interceptions, dtype: float64","2    3.0
Name: Points_y, dtype: float64","2    0.0
Name: Rush Yards, dtype: float64","2    0.0
Name: Rush Attempts, dtype: float64","2    4.0
Name: Points_x, dtype: float64","2    303.0
Name: Total Yards, dtype: float64","2    0.0
Name: Pass Completions, dtype: float64","2    0.0
Name: Receiving TD, dtype: float64","2    0.0
Name: Pass Attempts, dtype: float64","2    2.0
Name: Receptions, dtype: float64","2    0.0
Name: Pass TD, dtype: float64","2    0.0
Name: Rush TD, dtype: float64","2    1.0
Name: Sack, dtype: float64","2    0.0
Name: Pass Yards, dtype: float64",Ricky Seals-Jones
0,[ 105.41176471],[ 0.11764706],[ 25.64705882],[ 0.41176471],[ 0.],[ 208.82352941],[ 0.],[ 8.64705882],[ 0.],[ 0.],[ 4.11764706],[ 314.23529412],[ 0.],[ 0.35294118],[ 0.],[ 2.70588235],[ 0.],[ 0.],[ 2.58823529],[ 0.],Tyler Kroft
1,179.875432526,0.0138408304498,18.9480968858,0.346020761246,0.0,5354.79584775,0.0,21.5951557093,0.0,0.0,1.2491349481,3571.8200692,0.0,0.124567474048,0.0,0.498269896194,0.0,0.0,2.52249134948,0.0,Tyler Kroft
2,0.0,0.0,0.0,0.0,1.0,0.0,1.0,0.0,1.0,1.0,0.0,0.0,1.0,0.0,1.0,0.0,1.0,1.0,0.0,1.0,Tyler Kroft
3,"11    92.0
Name: Rush Yards Allowed, dtype: float64","11    0.0
Name: Touchdowns, dtype: float64","11    30.0
Name: Receiving Yards, dtype: float64","11    1.0
Name: Interception, dtype: float64","11    0.0
Name: Fumbles Lost, dtype: float64","11    282.0
Name: Pass Yards Allowed, dtype: float64","11    0.0
Name: Pass Interceptions, dtype: float64","11    4.0
Name: Points_y, dtype: float64","11    0.0
Name: Rush Yards, dtype: float64","11    0.0
Name: Rush Attempts, dtype: float64","11    3.0
Name: Points_x, dtype: float64","11    374.0
Name: Total Yards, dtype: float64","11    0.0
Name: Pass Completions, dtype: float64","11    0.0
Name: Receiving TD, dtype: float64","11    0.0
Name: Pass Attempts, dtype: float64","11    2.0
Name: Receptions, dtype: float64","11    0.0
Name: Pass TD, dtype: float64","11    0.0
Name: Rush TD, dtype: float64","11    1.0
Name: Sack, dtype: float64","11    0.0
Name: Pass Yards, dtype: float64",Tyler Kroft
0,[ 123.52513257   96.27974548],[ 0.63454546 -0.24430155],[ 64.12611466  62.26412925],[ 1.97218007 -0.19169227],[ 0.09202585 -0.01885512],[ 414.59364463  140.30879439],[ 0.  0.],[ 11.25304274   5.57622555],[ 0.03658537  0.03658537],[ 0.01219512  0.01219512],[ 9.7327176   9.90142874],[ 410.03998017  364.66733691],[ 0.  0.],[ 0.67385739  0.64321578],[ 0.  0.],[ 5.00077003  5.31630314],[ 0.  0.],[ 0.  0.],[ 3.3402403   1.29390604],[ 0.  0.],Jimmy Graham
1,894.293978883,0.231165592996,1384.34384438,0.490940008268,0.00441213632391,7255.24103288,0.0,3.86267947946,0.00133848899465,0.000148720999405,3.30887077068,179.96447197,0.0,0.116831990694,0.0,4.68417047743,0.0,0.0,0.307166071294,0.0,Jimmy Graham
2,-2.49333585501,0.0,0.0,-0.963760033073,0.0,-1.68315126956,1.0,0.758582532533,0.0,0.0,0.0,0.861138524714,1.0,0.0,1.0,0.0,1.0,1.0,-0.228664285176,1.0,Jimmy Graham
3,"15     98.0
16    130.0
Name: Rush Yards Allowed, dtype: float64","15    0.0
16    0.0
Name: Touchdowns, dtype: float64","15    26.0
16    26.0
Name: Receiving Yards, dtype: float64","15    1.0
16    0.0
Name: Interception, dtype: float64","15    0.0
16    0.0
Name: Fumbles Lost, dtype: float64","15    327.0
16    223.0
Name: Pass Yards Allowed, dtype: float64","15    0.0
16    0.0
Name: Pass Interceptions, dtype: float64","15    14.0
16     6.0
Name: Points_y, dtype: float64","15    0.0
16    0.0
Name: Rush Yards, dtype: float64","15    0.0
16    0.0
Name: Rush Attempts, dtype: float64","15    8.0
16    8.0
Name: Points_x, dtype: float64","15    425.0
16    353.0
Name: Total Yards, dtype: float64","15    0.0
16    0.0
Name: Pass Completions, dtype: float64","15    1.0
16    1.0
Name: Receiving TD, dtype: float64","15    0.0
16    0.0
Name: Pass Attempts, dtype: float64","15    3.0
16    3.0
Name: Receptions, dtype: float64","15    0.0
16    0.0
Name: Pass TD, dtype: float64","15    0.0
16    0.0
Name: Rush TD, dtype: float64","15    3.0
16    2.0
Name: Sack, dtype: float64","15    0.0
16    0.0
Name: Pass Yards, dtype: float64",Jimmy Graham
0,[ 106.03278689],[ 0.24590164],[ 29.19672131],[ 1.04918033],[ 0.03278689],[ 200.63934426],[ 0.],[ 12.],[ 0.],[ 0.],[ 4.24590164],[ 306.67213115],[ 0.],[ 0.29508197],[ 0.],[ 2.59016393],[ 0.],[ 0.],[ 2.7704918],[ 0.],Marcedes Lewis
1,1222.70599301,0.0604676162322,282.350174684,0.904058048912,0.00107497984413,2666.62187584,0.0,9.0,0.0,0.0,3.07686105886,277.959957001,0.0,0.0870733673744,0.0,1.98763773179,0.0,0.0,1.5116904058,0.0,Marcedes Lewis
2,0.0,0.0,0.0,0.0,0.0,0.0,1.0,0.0,1.0,1.0,0.0,0.0,1.0,0.0,1.0,0.0,1.0,1.0,0.0,1.0,Marcedes Lewis
3,"8    141.0
Name: Rush Yards Allowed, dtype: float64","8    0.0
Name: Touchdowns, dtype: float64","8    46.0
Name: Receiving Yards, dtype: float64","8    2.0
Name: Interception, dtype: float64","8    0.0
Name: Fumbles Lost, dtype: float64","8    149.0
Name: Pass Yards Allowed, dtype: float64","8    0.0
Name: Pass Interceptions, dtype: float64","8    15.0
Name: Points_y, dtype: float64","8    0.0
Name: Rush Yards, dtype: float64","8    0.0
Name: Rush Attempts, dtype: float64","8    6.0
Name: Points_x, dtype: float64","8    290.0
Name: Total Yards, dtype: float64","8    0.0
Name: Pass Completions, dtype: float64","8    0.0
Name: Receiving TD, dtype: float64","8    0.0
Name: Pass Attempts, dtype: float64","8    4.0
Name: Receptions, dtype: float64","8    0.0
Name: Pass TD, dtype: float64","8    0.0
Name: Rush TD, dtype: float64","8    4.0
Name: Sack, dtype: float64","8    0.0
Name: Pass Yards, dtype: float64",Marcedes Lewis
0,[ 105.60714286],[ 0.21428571],[ 36.5],[ 1.],[ 0.],[ 251.57142857],[ 0.],[ 9.82142857],[ 0.],[ 0.],[ 5.28571429],[ 357.17857143],[ 0.],[ 0.35714286],[ 0.],[ 3.03571429],[ 0.],[ 0.],[ 1.96428571],[ 0.],Cameron Brate
1,3527.51147959,0.617346938776,6.25,1.0,0.0,465.326530612,0.0,84.2461734694,0.0,0.0,94.3673469388,1430.46045918,0.0,2.69897959184,0.0,1.07270408163,0.0,0.0,25.3584183673,0.0,Cameron Brate
2,0.0,0.0,0.0,0.0,1.0,0.0,1.0,0.0,1.0,1.0,0.0,0.0,1.0,0.0,1.0,0.0,1.0,1.0,0.0,1.0,Cameron Brate
3,"11    165.0
Name: Rush Yards Allowed, dtype: float64","11    1.0
Name: Touchdowns, dtype: float64","11    39.0
Name: Receiving Yards, dtype: float64","11    0.0
Name: Interception, dtype: float64","11    0.0
Name: Fumbles Lost, dtype: float64","11    230.0
Name: Pass Yards Allowed, dtype: float64","11    0.0
Name: Pass Interceptions, dtype: float64","11    19.0
Name: Points_y, dtype: float64","11    0.0
Name: Rush Yards, dtype: float64","11    0.0
Name: Rush Attempts, dtype: float64","11    15.0
Name: Points_x, dtype: float64","11    395.0
Name: Total Yards, dtype: float64","11    0.0
Name: Pass Completions, dtype: float64","11    2.0
Name: Receiving TD, dtype: float64","11    0.0
Name: Pass Attempts, dtype: float64","11    2.0
Name: Receptions, dtype: float64","11    0.0
Name: Pass TD, dtype: float64","11    0.0
Name: Rush TD, dtype: float64","11    7.0
Name: Sack, dtype: float64","11    0.0
Name: Pass Yards, dtype: float64",Cameron Brate
0,[ 113.6875],[ 0.25],[ 21.25],[ 1.5],[ 0.],[ 228.1875],[ 0.],[ 10.5],[ 0.],[ 0.],[ 2.0625],[ 341.875],[ 0.],[ 0.0625],[ 0.],[ 1.75],[ 0.],[ 0.],[ 2.1875],[ 0.],Stephen Anderson
1,3682.97265625,0.0625,3335.0625,0.25,0.0,10570.4101562,0.0,6.25,0.0,0.0,119.62890625,1774.515625,0.0,0.87890625,0.0,10.5625,0.0,0.0,3.28515625,0.0,Stephen Anderson
2,0.0,0.0,0.0,0.0,1.0,0.0,1.0,0.0,1.0,1.0,0.0,0.0,1.0,0.0,1.0,0.0,1.0,1.0,0.0,1.0,Stephen Anderson
3,"10    53.0
Name: Rush Yards Allowed, dtype: float64","10    0.0
Name: Touchdowns, dtype: float64","10    79.0
Name: Receiving Yards, dtype: float64","10    1.0
Name: Interception, dtype: float64","10    0.0
Name: Fumbles Lost, dtype: float64","10    331.0
Name: Pass Yards Allowed, dtype: float64","10    0.0
Name: Pass Interceptions, dtype: float64","10    13.0
Name: Points_y, dtype: float64","10    0.0
Name: Rush Yards, dtype: float64","10    0.0
Name: Rush Attempts, dtype: float64","10    13.0
Name: Points_x, dtype: float64","10    384.0
Name: Total Yards, dtype: float64","10    0.0
Name: Pass Completions, dtype: float64","10    1.0
Name: Receiving TD, dtype: float64","10    0.0
Name: Pass Attempts, dtype: float64","10    5.0
Name: Receptions, dtype: float64","10    0.0
Name: Pass TD, dtype: float64","10    0.0
Name: Rush TD, dtype: float64","10    4.0
Name: Sack, dtype: float64","10    0.0
Name: Pass Yards, dtype: float64",Stephen Anderson
0,[ 124.88372093],[ 0.06976744],[ 60.34883721],[ 0.46511628],[ 0.04651163],[ 222.95348837],[ 0.02325581],[ 7.18604651],[ 0.04651163],[ 0.06976744],[ 7.76744186],[ 347.8372093],[ 0.],[ 0.37209302],[ 0.02325581],[ 4.86046512],[ 0.],[ 0.],[ 2.62790698],[ 0.],Travis Kelce
1,165.990265008,0.00486749594375,1132.40075717,0.216333153056,0.00216333153056,19333.9323959,0.000540832882639,26.8950784208,0.00216333153056,0.00486749594375,175.100594916,15917.0497566,0.0,2.65008112493,0.000540832882639,0.740400216333,0.0,0.0,0.394267171444,0.0,Travis Kelce
2,0.0,0.0,0.0,0.0,0.0,0.0,0.0,0.0,0.0,0.0,0.0,0.0,1.0,0.0,0.0,0.0,1.0,1.0,0.0,1.0,Travis Kelce
3,"11    112.0
Name: Rush Yards Allowed, dtype: float64","11    0.0
Name: Touchdowns, dtype: float64","11    94.0
Name: Receiving Yards, dtype: float64","11    0.0
Name: Interception, dtype: float64","11    0.0
Name: Fumbles Lost, dtype: float64","11    362.0
Name: Pass Yards Allowed, dtype: float64","11    0.0
Name: Pass Interceptions, dtype: float64","11    2.0
Name: Points_y, dtype: float64","11    0.0
Name: Rush Yards, dtype: float64","11    0.0
Name: Rush Attempts, dtype: float64","11    21.0
Name: Points_x, dtype: float64","11    474.0
Name: Total Yards, dtype: float64","11    0.0
Name: Pass Completions, dtype: float64","11    2.0
Name: Receiving TD, dtype: float64","11    0.0
Name: Pass Attempts, dtype: float64","11    4.0
Name: Receptions, dtype: float64","11    0.0
Name: Pass TD, dtype: float64","11    0.0
Name: Rush TD, dtype: float64","11    2.0
Name: Sack, dtype: float64","11    0.0
Name: Pass Yards, dtype: float64",Travis Kelce
0,[ 61.],[ 0.2],[ 11.4],[ 0.8],[ 0.],[ 250.4],[ 0.],[ 11.8],[ 0.],[ 0.],[ 3.8],[ 311.4],[ 0.2],[ 0.2],[ 1.6],[ 1.],[ 0.2],[ 0.],[ 3.4],[ 16.2],Logan Thomas
1,16900.0,0.04,1.96,0.04,0.0,40.96,0.0,33.64,0.0,0.0,7.84,15276.96,0.04,0.04,2.56,1.0,0.04,0.0,0.16,262.44,Logan Thomas
2,0.0,0.0,0.0,0.0,1.0,0.0,1.0,0.0,1.0,1.0,0.0,0.0,0.0,0.0,0.0,0.0,0.0,1.0,0.0,0.0,Logan Thomas
3,"4    191.0
Name: Rush Yards Allowed, dtype: float64","4    0.0
Name: Touchdowns, dtype: float64","4    10.0
Name: Receiving Yards, dtype: float64","4    1.0
Name: Interception, dtype: float64","4    0.0
Name: Fumbles Lost, dtype: float64","4    244.0
Name: Pass Yards Allowed, dtype: float64","4    0.0
Name: Pass Interceptions, dtype: float64","4    6.0
Name: Points_y, dtype: float64","4    0.0
Name: Rush Yards, dtype: float64","4    0.0
Name: Rush Attempts, dtype: float64","4    1.0
Name: Points_x, dtype: float64","4    435.0
Name: Total Yards, dtype: float64","4    0.0
Name: Pass Completions, dtype: float64","4    0.0
Name: Receiving TD, dtype: float64","4    0.0
Name: Pass Attempts, dtype: float64","4    2.0
Name: Receptions, dtype: float64","4    0.0
Name: Pass TD, dtype: float64","4    0.0
Name: Rush TD, dtype: float64","4    3.0
Name: Sack, dtype: float64","4    0.0
Name: Pass Yards, dtype: float64",Logan Thomas
0,[ 105.50649351],[ 0.24675325],[ 33.24675325],[ 1.02597403],[ 0.02597403],[ 245.49350649],[ 0.],[ 9.31168831],[ 0.],[ 0.],[ 4.36363636],[ 351.],[ 0.],[ 0.25974026],[ 0.],[ 3.42857143],[ 0.],[ 0.],[ 1.96103896],[ 0.],Jermaine Gresham
1,240.451340867,0.0608871647833,263.956991061,0.000674650025299,0.000674650025299,1055.82796424,0.0,39.8374093439,0.0,0.0,11.3140495868,2304.0,0.0,0.0674650025299,0.0,2.04081632653,0.0,0.0,0.923595884635,0.0,Jermaine Gresham
2,0.0,0.0,0.0,0.0,0.0,0.0,1.0,0.0,1.0,1.0,0.0,0.0,1.0,0.0,1.0,0.0,1.0,1.0,0.0,1.0,Jermaine Gresham
3,"10    90.0
Name: Rush Yards Allowed, dtype: float64","10    0.0
Name: Touchdowns, dtype: float64","10    17.0
Name: Receiving Yards, dtype: float64","10    1.0
Name: Interception, dtype: float64","10    0.0
Name: Fumbles Lost, dtype: float64","10    213.0
Name: Pass Yards Allowed, dtype: float64","10    0.0
Name: Pass Interceptions, dtype: float64","10    3.0
Name: Points_y, dtype: float64","10    0.0
Name: Rush Yards, dtype: float64","10    0.0
Name: Rush Attempts, dtype: float64","10    1.0
Name: Points_x, dtype: float64","10    303.0
Name: Total Yards, dtype: float64","10    0.0
Name: Pass Completions, dtype: float64","10    0.0
Name: Receiving TD, dtype: float64","10    0.0
Name: Pass Attempts, dtype: float64","10    2.0
Name: Receptions, dtype: float64","10    0.0
Name: Pass TD, dtype: float64","10    0.0
Name: Rush TD, dtype: float64","10    1.0
Name: Sack, dtype: float64","10    0.0
Name: Pass Yards, dtype: float64",Jermaine Gresham
0,[ 102.125],[ 0.390625],[ 24.46875],[ 0.828125],[ 0.03125],[ 206.1875],[ 0.],[ 12.53125],[-0.125],[ 0.015625],[ 3.296875],[ 308.3125],[ 0.],[ 0.21875],[ 0.],[ 2.40625],[ 0.],[ 0.],[ 2.671875],[ 0.],Lance Kendricks
1,3953.265625,0.371337890625,181.407226562,0.685791015625,0.0009765625,567.03515625,0.0,41.8447265625,0.015625,0.000244140625,5.27563476562,7514.72265625,0.0,0.0478515625,0.0,1.9775390625,0.0,0.0,18.7326660156,0.0,Lance Kendricks
2,0.0,0.0,0.0,0.0,0.0,0.0,1.0,0.0,0.0,0.0,0.0,0.0,1.0,0.0,1.0,0.0,1.0,1.0,0.0,1.0,Lance Kendricks
3,"7    165.0
Name: Rush Yards Allowed, dtype: float64","7    1.0
Name: Touchdowns, dtype: float64","7    11.0
Name: Receiving Yards, dtype: float64","7    0.0
Name: Interception, dtype: float64","7    0.0
Name: Fumbles Lost, dtype: float64","7    230.0
Name: Pass Yards Allowed, dtype: float64","7    0.0
Name: Pass Interceptions, dtype: float64","7    19.0
Name: Points_y, dtype: float64","7    0.0
Name: Rush Yards, dtype: float64","7    0.0
Name: Rush Attempts, dtype: float64","7    1.0
Name: Points_x, dtype: float64","7    395.0
Name: Total Yards, dtype: float64","7    0.0
Name: Pass Completions, dtype: float64","7    0.0
Name: Receiving TD, dtype: float64","7    0.0
Name: Pass Attempts, dtype: float64","7    1.0
Name: Receptions, dtype: float64","7    0.0
Name: Pass TD, dtype: float64","7    0.0
Name: Rush TD, dtype: float64","7    7.0
Name: Sack, dtype: float64","7    0.0
Name: Pass Yards, dtype: float64",Lance Kendricks
0,[ 101.94444444],[ 0.33333333],[ 43.94444444],[ 1.16666667],[ 0.05555556],[ 264.44444444],[ 0.],[ 10.66666667],[ 0.],[ 0.],[ 6.72222222],[ 366.38888889],[ 0.],[ 0.44444444],[ 0.],[ 3.16666667],[ 0.],[ 0.],[ 1.83333333],[ 0.],Hunter Henry
1,167.558641975,0.111111111111,1373.11419753,0.0277777777778,0.00308641975309,3899.30864198,0.0,11.1111111111,0.0,0.0,1.63271604938,5683.4845679,0.0,0.197530864198,0.0,14.6944444444,0.0,0.0,1.36111111111,0.0,Hunter Henry
2,0.0,0.0,0.0,0.0,0.0,0.0,1.0,0.0,1.0,1.0,0.0,0.0,1.0,0.0,1.0,0.0,1.0,1.0,0.0,1.0,Hunter Henry
3,"9    89.0
Name: Rush Yards Allowed, dtype: float64","9    0.0
Name: Touchdowns, dtype: float64","9    81.0
Name: Receiving Yards, dtype: float64","9    1.0
Name: Interception, dtype: float64","9    0.0
Name: Fumbles Lost, dtype: float64","9    202.0
Name: Pass Yards Allowed, dtype: float64","9    0.0
Name: Pass Interceptions, dtype: float64","9    14.0
Name: Points_y, dtype: float64","9    0.0
Name: Rush Yards, dtype: float64","9    0.0
Name: Rush Attempts, dtype: float64","9    8.0
Name: Points_x, dtype: float64","9    291.0
Name: Total Yards, dtype: float64","9    0.0
Name: Pass Completions, dtype: float64","9    0.0
Name: Receiving TD, dtype: float64","9    0.0
Name: Pass Attempts, dtype: float64","9    7.0
Name: Receptions, dtype: float64","9    0.0
Name: Pass TD, dtype: float64","9    0.0
Name: Rush TD, dtype: float64","9    3.0
Name: Sack, dtype: float64","9    0.0
Name: Pass Yards, dtype: float64",Hunter Henry
0,[ 102.],[ 0.04761905],[ 19.66666667],[ 0.47619048],[ 0.],[ 261.80952381],[ 0.],[ 6.33333333],[ 0.],[ 0.],[ 2.76190476],[ 363.80952381],[ 0.],[ 0.19047619],[ 0.],[ 1.9047619],[ 0.],[ 0.],[ 1.33333333],[ 0.],Clive Walford
1,1369.0,0.00226757369615,1393.77777778,0.226757369615,0.0,3820.41723356,0.0,21.7777777778,0.0,0.0,5.00907029478,9763.32199546,0.0,0.0362811791383,0.0,4.39002267574,0.0,0.0,2.77777777778,0.0,Clive Walford
2,0.0,0.0,0.0,0.0,1.0,0.0,1.0,0.0,1.0,1.0,0.0,0.0,1.0,0.0,1.0,0.0,1.0,1.0,0.0,1.0,Clive Walford
3,"3    65.0
Name: Rush Yards Allowed, dtype: float64","3    0.0
Name: Touchdowns, dtype: float64","3    57.0
Name: Receiving Yards, dtype: float64","3    0.0
Name: Interception, dtype: float64","3    0.0
Name: Fumbles Lost, dtype: float64","3    200.0
Name: Pass Yards Allowed, dtype: float64","3    0.0
Name: Pass Interceptions, dtype: float64","3    11.0
Name: Points_y, dtype: float64","3    0.0
Name: Rush Yards, dtype: float64","3    0.0
Name: Rush Attempts, dtype: float64","3    5.0
Name: Points_x, dtype: float64","3    265.0
Name: Total Yards, dtype: float64","3    0.0
Name: Pass Completions, dtype: float64","3    0.0
Name: Receiving TD, dtype: float64","3    0.0
Name: Pass Attempts, dtype: float64","3    4.0
Name: Receptions, dtype: float64","3    0.0
Name: Pass TD, dtype: float64","3    0.0
Name: Rush TD, dtype: float64","3    3.0
Name: Sack, dtype: float64","3    0.0
Name: Pass Yards, dtype: float64",Clive Walford
0,[ 108.21543264   91.78456736],[-0.05679328  0.27901551],[ 21.44112799  14.66998312],[ 1.66133799  0.11643979],[ 0.  0.],[ 349.20316141  109.57461637],[ 0.  0.],[ 15.35204871   1.98128462],[ 0.55555556  0.55555556],[ 0.27777778  0.27777778],[ 2.18116345  2.81883655],[ 348.3378502   310.43992758],[ 0.  0.],[ 0.20314909  0.13018425],[ 0.  0.],[ 1.91466448  1.41866886],[ 0.  0.],[ 0.  0.],[ 3.1309669   2.42458866],[ 0.  0.],Trey Burton
1,782.387177803,0.0405375650909,584.798520461,0.225463080157,0.0,6679.14901404,0.0,8.98905449379,0.308641975309,0.0771604938272,2.35165674434,3844.22248843,0.0,0.0291087447019,0.0,5.50594735764,0.0,0.0,0.0987139287744,0.0,Trey Burton
2,-2.05619991329,0.0,0.0,0.0981476793733,1.0,-1.47009948744,1.0,0.438184094138,0.0,0.0,0.0,-1.96622105589,1.0,0.0,1.0,0.0,1.0,1.0,0.605144284902,1.0,Trey Burton
3,"8     98.0
9    130.0
Name: Rush Yards Allowed, dtype: float64","8    0.0
9    0.0
Name: Touchdowns, dtype: float64","8    42.0
9    42.0
Name: Receiving Yards, dtype: float64","8    1.0
9    0.0
Name: Interception, dtype: float64","8    0.0
9    0.0
Name: Fumbles Lost, dtype: float64","8    327.0
9    223.0
Name: Pass Yards Allowed, dtype: float64","8    0.0
9    0.0
Name: Pass Interceptions, dtype: float64","8    14.0
9     6.0
Name: Points_y, dtype: float64","8    0.0
9    0.0
Name: Rush Yards, dtype: float64","8    0.0
9    0.0
Name: Rush Attempts, dtype: float64","8    4.0
9    4.0
Name: Points_x, dtype: float64","8    425.0
9    353.0
Name: Total Yards, dtype: float64","8    0.0
9    0.0
Name: Pass Completions, dtype: float64","8    0.0
9    0.0
Name: Receiving TD, dtype: float64","8    0.0
9    0.0
Name: Pass Attempts, dtype: float64","8    4.0
9    4.0
Name: Receptions, dtype: float64","8    0.0
9    0.0
Name: Pass TD, dtype: float64","8    0.0
9    0.0
Name: Rush TD, dtype: float64","8    3.0
9    2.0
Name: Sack, dtype: float64","8    0.0
9    0.0
Name: Pass Yards, dtype: float64",Trey Burton
0,[ 123.09090909],[ 0.09090909],[ 27.63636364],[ 0.72727273],[ 0.],[ 209.36363636],[ 0.],[ 7.54545455],[ 0.],[ 0.],[ 2.81818182],[ 332.45454545],[ 0.],[ 0.09090909],[ 0.],[ 2.72727273],[ 0.],[ 0.],[ 1.45454545],[ 0.],George Kittle
1,171.371900826,0.826446280992,58.3140495868,0.0743801652893,0.0,4710.95041322,0.0,41.6611570248,0.0,0.0,0.669421487603,3085.29752066,0.0,0.00826446280992,0.0,0.528925619835,0.0,0.0,0.297520661157,0.0,George Kittle
2,0.0,0.0,0.0,0.0,1.0,0.0,1.0,0.0,1.0,1.0,0.0,0.0,1.0,0.0,1.0,0.0,1.0,1.0,0.0,1.0,George Kittle
3,"11    110.0
Name: Rush Yards Allowed, dtype: float64","11    1.0
Name: Touchdowns, dtype: float64","11    20.0
Name: Receiving Yards, dtype: float64","11    1.0
Name: Interception, dtype: float64","11    0.0
Name: Fumbles Lost, dtype: float64","11    278.0
Name: Pass Yards Allowed, dtype: float64","11    0.0
Name: Pass Interceptions, dtype: float64","11    14.0
Name: Points_y, dtype: float64","11    0.0
Name: Rush Yards, dtype: float64","11    0.0
Name: Rush Attempts, dtype: float64","11    2.0
Name: Points_x, dtype: float64","11    388.0
Name: Total Yards, dtype: float64","11    0.0
Name: Pass Completions, dtype: float64","11    0.0
Name: Receiving TD, dtype: float64","11    0.0
Name: Pass Attempts, dtype: float64","11    2.0
Name: Receptions, dtype: float64","11    0.0
Name: Pass TD, dtype: float64","11    0.0
Name: Rush TD, dtype: float64","11    2.0
Name: Sack, dtype: float64","11    0.0
Name: Pass Yards, dtype: float64",George Kittle
0,[ 109.35135135],[ 0.18918919],[ 51.04054054],[ 0.81081081],[ 0.02702703],[ 216.05405405],[ 0.],[ 9.63513514],[ 0.14864865],[ 0.08108108],[ 6.63513514],[ 325.40540541],[ 0.],[ 0.31081081],[ 0.],[ 4.04054054],[ 0.],[ 0.01351351],[ 2.37837838],[ 0.],Delanie Walker
1,3175.47479912,0.0357925493061,143.028670562,0.0357925493061,0.00073046018992,13212.5704894,0.0,11.3223155588,0.0220964207451,0.00657414170928,28.7817750183,3433.3265157,0.0,0.474981738495,0.0,0.920562454346,0.0,0.00018261504748,2.62965668371,0.0,Delanie Walker
2,0.0,0.0,0.0,0.0,0.0,0.0,1.0,0.0,0.0,0.0,0.0,0.0,1.0,0.0,1.0,0.0,1.0,0.0,0.0,1.0,Delanie Walker
3,"12    53.0
Name: Rush Yards Allowed, dtype: float64","12    0.0
Name: Touchdowns, dtype: float64","12    63.0
Name: Receiving Yards, dtype: float64","12    1.0
Name: Interception, dtype: float64","12    0.0
Name: Fumbles Lost, dtype: float64","12    331.0
Name: Pass Yards Allowed, dtype: float64","12    0.0
Name: Pass Interceptions, dtype: float64","12    13.0
Name: Points_y, dtype: float64","12    0.0
Name: Rush Yards, dtype: float64","12    0.0
Name: Rush Attempts, dtype: float64","12    12.0
Name: Points_x, dtype: float64","12    384.0
Name: Total Yards, dtype: float64","12    0.0
Name: Pass Completions, dtype: float64","12    1.0
Name: Receiving TD, dtype: float64","12    0.0
Name: Pass Attempts, dtype: float64","12    5.0
Name: Receptions, dtype: float64","12    0.0
Name: Pass TD, dtype: float64","12    0.0
Name: Rush TD, dtype: float64","12    4.0
Name: Sack, dtype: float64","12    0.0
Name: Pass Yards, dtype: float64",Delanie Walker
0,[ 82.39285714],[ 0.21428571],[ 36.32142857],[ 0.92857143],[ 0.],[ 253.28571429],[ 0.],[ 10.17857143],[ 0.03571429],[ 0.03571429],[ 4.35714286],[ 335.67857143],[ 0.],[ 0.17857143],[ 0.],[ 3.17857143],[ 0.],[ 0.03571429],[ 2.75],[ 0.],Eric Ebron
1,19.2971938776,0.617346938776,2.81760204082,1.14795918367,0.0,1657.65306122,0.0,77.8176020408,0.00127551020408,0.00127551020408,1.84183673469,1319.24617347,0.0,0.031887755102,0.0,0.674744897959,0.0,0.00127551020408,0.0625,0.0,Eric Ebron
2,0.0,0.0,0.0,0.0,1.0,0.0,1.0,0.0,0.0,0.0,0.0,0.0,1.0,0.0,1.0,0.0,1.0,0.0,0.0,1.0,Eric Ebron
3,"11    78.0
Name: Rush Yards Allowed, dtype: float64","11    1.0
Name: Touchdowns, dtype: float64","11    38.0
Name: Receiving Yards, dtype: float64","11    2.0
Name: Interception, dtype: float64","11    0.0
Name: Fumbles Lost, dtype: float64","11    294.0
Name: Pass Yards Allowed, dtype: float64","11    0.0
Name: Pass Interceptions, dtype: float64","11    19.0
Name: Points_y, dtype: float64","11    0.0
Name: Rush Yards, dtype: float64","11    0.0
Name: Rush Attempts, dtype: float64","11    3.0
Name: Points_x, dtype: float64","11    372.0
Name: Total Yards, dtype: float64","11    0.0
Name: Pass Completions, dtype: float64","11    0.0
Name: Receiving TD, dtype: float64","11    0.0
Name: Pass Attempts, dtype: float64","11    4.0
Name: Receptions, dtype: float64","11    0.0
Name: Pass TD, dtype: float64","11    0.0
Name: Rush TD, dtype: float64","11    3.0
Name: Sack, dtype: float64","11    0.0
Name: Pass Yards, dtype: float64",Eric Ebron
0,[ 103.1],[ 0.31428571],[ 49.28571429],[ 0.91428571],[ 0.02857143],[ 261.84285714],[ 0.],[ 10.38571429],[ 0.],[ 0.],[ 7.81428571],[ 364.94285714],[ 0.],[ 0.55714286],[ 0.],[ 4.08571429],[ 0.],[ 0.],[ 2.24285714],[ 0.],Antonio Gates
1,198.81,0.0987755102041,298.795918367,0.00734693877551,0.000816326530612,3581.16755102,0.0,13.0630612245,0.0,0.0,23.1773469388,5467.54612245,0.0,0.310408163265,0.0,1.1787755102,0.0,0.0,0.573265306122,0.0,Antonio Gates
2,0.0,0.0,0.0,0.0,0.0,0.0,1.0,0.0,1.0,1.0,0.0,0.0,1.0,0.0,1.0,0.0,1.0,1.0,0.0,1.0,Antonio Gates
3,"9    89.0
Name: Rush Yards Allowed, dtype: float64","9    0.0
Name: Touchdowns, dtype: float64","9    32.0
Name: Receiving Yards, dtype: float64","9    1.0
Name: Interception, dtype: float64","9    0.0
Name: Fumbles Lost, dtype: float64","9    202.0
Name: Pass Yards Allowed, dtype: float64","9    0.0
Name: Pass Interceptions, dtype: float64","9    14.0
Name: Points_y, dtype: float64","9    0.0
Name: Rush Yards, dtype: float64","9    0.0
Name: Rush Attempts, dtype: float64","9    3.0
Name: Points_x, dtype: float64","9    291.0
Name: Total Yards, dtype: float64","9    0.0
Name: Pass Completions, dtype: float64","9    0.0
Name: Receiving TD, dtype: float64","9    0.0
Name: Pass Attempts, dtype: float64","9    3.0
Name: Receptions, dtype: float64","9    0.0
Name: Pass TD, dtype: float64","9    0.0
Name: Rush TD, dtype: float64","9    3.0
Name: Sack, dtype: float64","9    0.0
Name: Pass Yards, dtype: float64",Antonio Gates
0,[ 88.34782609],[ 0.08695652],[ 31.26086957],[ 1.08695652],[ 0.04347826],[ 229.91304348],[ 0.],[ 10.60869565],[ 0.],[ 0.],[ 4.43478261],[ 318.26086957],[ 0.],[ 0.30434783],[ 0.],[ 3.13043478],[ 0.],[ 0.],[ 2.7826087],[ 0.],Austin Seferian-Jenkins
1,559.425330813,0.00756143667297,588.58979206,1.18147448015,0.00189035916824,17446.9640832,0.0,74.1096408318,0.0,0.0,19.6672967864,24254.6767486,0.0,0.0926275992439,0.0,1.27788279773,0.0,0.0,0.61247637051,0.0,Austin Seferian-Jenkins
2,0.0,0.0,0.0,0.0,0.0,0.0,1.0,0.0,1.0,1.0,0.0,0.0,1.0,0.0,1.0,0.0,1.0,1.0,0.0,1.0,Austin Seferian-Jenkins
3,"9    112.0
Name: Rush Yards Allowed, dtype: float64","9    0.0
Name: Touchdowns, dtype: float64","9    7.0
Name: Receiving Yards, dtype: float64","9    0.0
Name: Interception, dtype: float64","9    0.0
Name: Fumbles Lost, dtype: float64","9    362.0
Name: Pass Yards Allowed, dtype: float64","9    0.0
Name: Pass Interceptions, dtype: float64","9    2.0
Name: Points_y, dtype: float64","9    0.0
Name: Rush Yards, dtype: float64","9    0.0
Name: Rush Attempts, dtype: float64","9    0.0
Name: Points_x, dtype: float64","9    474.0
Name: Total Yards, dtype: float64","9    0.0
Name: Pass Completions, dtype: float64","9    0.0
Name: Receiving TD, dtype: float64","9    0.0
Name: Pass Attempts, dtype: float64","9    2.0
Name: Receptions, dtype: float64","9    0.0
Name: Pass TD, dtype: float64","9    0.0
Name: Rush TD, dtype: float64","9    2.0
Name: Sack, dtype: float64","9    0.0
Name: Pass Yards, dtype: float64",Austin Seferian-Jenkins
0,[ 107.23529412],[ 0.32352941],[ 32.85294118],[ 0.82352941],[ 0.05882353],[ 255.52941176],[ 0.],[ 9.38235294],[ 0.],[ 0.],[ 4.14705882],[ 362.76470588],[ 0.],[ 0.23529412],[ 0.],[ 3.64705882],[ 0.],[ 0.],[ 2.58823529],[ 0.],Jack Doyle
1,1140.05536332,0.104671280277,284.021626298,1.38408304498,0.00346020761246,11348.5155709,0.0,31.5579584775,0.0,0.0,9.90397923875,5294.70242215,0.0,0.0553633217993,0.0,0.418685121107,0.0,0.0,1.99307958478,0.0,Jack Doyle
2,0.0,0.0,0.0,0.0,0.0,0.0,1.0,0.0,1.0,1.0,0.0,0.0,1.0,0.0,1.0,0.0,1.0,1.0,0.0,1.0,Jack Doyle
3,"11    141.0
Name: Rush Yards Allowed, dtype: float64","11    0.0
Name: Touchdowns, dtype: float64","11    16.0
Name: Receiving Yards, dtype: float64","11    2.0
Name: Interception, dtype: float64","11    0.0
Name: Fumbles Lost, dtype: float64","11    149.0
Name: Pass Yards Allowed, dtype: float64","11    0.0
Name: Pass Interceptions, dtype: float64","11    15.0
Name: Points_y, dtype: float64","11    0.0
Name: Rush Yards, dtype: float64","11    0.0
Name: Rush Attempts, dtype: float64","11    1.0
Name: Points_x, dtype: float64","11    290.0
Name: Total Yards, dtype: float64","11    0.0
Name: Pass Completions, dtype: float64","11    0.0
Name: Receiving TD, dtype: float64","11    0.0
Name: Pass Attempts, dtype: float64","11    3.0
Name: Receptions, dtype: float64","11    0.0
Name: Pass TD, dtype: float64","11    0.0
Name: Rush TD, dtype: float64","11    4.0
Name: Sack, dtype: float64","11    0.0
Name: Pass Yards, dtype: float64",Jack Doyle
0,[ 109.09375],[ 0.296875],[ 24.921875],[ 0.890625],[ 0.],[ 220.4375],[ 0.],[ 10.671875],[ 0.],[ 0.],[ 3.875],[ 329.53125],[ 0.],[ 0.3125],[ 0.],[ 2.328125],[ 0.],[ 0.],[ 2.515625],[ 0.],Anthony Fasano
1,37.1337890625,0.494384765625,16.6311035156,4.44946289062,0.0,2855.56640625,0.0,300.263916016,0.0,0.0,3.515625,3543.96972656,0.0,0.09765625,0.0,1.76391601562,0.0,0.0,0.234619140625,0.0,Anthony Fasano
2,0.0,0.0,0.0,0.0,1.0,0.0,1.0,0.0,1.0,1.0,0.0,0.0,1.0,0.0,1.0,0.0,1.0,1.0,0.0,1.0,Anthony Fasano
3,"3    103.0
Name: Rush Yards Allowed, dtype: float64","3    1.0
Name: Touchdowns, dtype: float64","3    29.0
Name: Receiving Yards, dtype: float64","3    3.0
Name: Interception, dtype: float64","3    0.0
Name: Fumbles Lost, dtype: float64","3    167.0
Name: Pass Yards Allowed, dtype: float64","3    0.0
Name: Pass Interceptions, dtype: float64","3    28.0
Name: Points_y, dtype: float64","3    0.0
Name: Rush Yards, dtype: float64","3    0.0
Name: Rush Attempts, dtype: float64","3    2.0
Name: Points_x, dtype: float64","3    270.0
Name: Total Yards, dtype: float64","3    0.0
Name: Pass Completions, dtype: float64","3    0.0
Name: Receiving TD, dtype: float64","3    0.0
Name: Pass Attempts, dtype: float64","3    1.0
Name: Receptions, dtype: float64","3    0.0
Name: Pass TD, dtype: float64","3    0.0
Name: Rush TD, dtype: float64","3    3.0
Name: Sack, dtype: float64","3    0.0
Name: Pass Yards, dtype: float64",Anthony Fasano
0,[ 106.39705882],[ 0.26470588],[ 33.12430581],[ 1.02941176],[ 0.01470588],[ 241.89705882],[ 0.],[ 10.20588235],[-0.01470588],[ 0.01470588],[ 4.10255889],[ 348.29411765],[ 0.],[ 0.20586918],[ 0.],[ 3.19187221],[ 0.],[ 0.],[ 2.16170361],[ 0.],Benjamin Watson
1,806.392949827,0.540657439446,83.2529565082,0.942041522491,0.000216262975779,2714.71647924,0.0,77.3365051903,0.000216262975779,0.000216262975779,15.1900472194,561.968858131,0.0,0.630643751383,0.0,0.0368149468134,0.0,0.0,0.702740831047,0.0,Benjamin Watson
2,0.0,0.0,0.0,0.0,0.0,0.0,1.0,0.0,0.0,0.0,0.0,0.0,1.0,0.0,1.0,0.0,1.0,1.0,0.0,1.0,Benjamin Watson
3,"10    78.0
Name: Rush Yards Allowed, dtype: float64","10    1.0
Name: Touchdowns, dtype: float64","10    24.0
Name: Receiving Yards, dtype: float64","10    2.0
Name: Interception, dtype: float64","10    0.0
Name: Fumbles Lost, dtype: float64","10    294.0
Name: Pass Yards Allowed, dtype: float64","10    0.0
Name: Pass Interceptions, dtype: float64","10    19.0
Name: Points_y, dtype: float64","10    0.0
Name: Rush Yards, dtype: float64","10    0.0
Name: Rush Attempts, dtype: float64","10    8.0
Name: Points_x, dtype: float64","10    372.0
Name: Total Yards, dtype: float64","10    0.0
Name: Pass Completions, dtype: float64","10    1.0
Name: Receiving TD, dtype: float64","10    0.0
Name: Pass Attempts, dtype: float64","10    3.0
Name: Receptions, dtype: float64","10    0.0
Name: Pass TD, dtype: float64","10    0.0
Name: Rush TD, dtype: float64","10    3.0
Name: Sack, dtype: float64","10    0.0
Name: Pass Yards, dtype: float64",Benjamin Watson
0,[ 116.5],[ 0.10714286],[ 17.07142857],[ 0.96428571],[ 0.],[ 224.78571429],[ 0.],[ 9.82142857],[ 0.],[ 0.],[ 2.39285714],[ 341.28571429],[ 0.],[ 0.17857143],[ 0.],[ 1.67857143],[ 0.],[ 0.],[ 2.78571429],[ 0.],Dion Sims
1,42.25,0.797193877551,145.719387755,0.00127551020408,0.0,2831.76020408,0.0,17.4604591837,0.0,0.0,5.72576530612,2182.2244898,0.0,0.031887755102,0.0,0.460459183673,0.0,0.0,0.617346938776,0.0,Dion Sims
2,0.0,0.0,0.0,0.0,1.0,0.0,1.0,0.0,1.0,1.0,0.0,0.0,1.0,0.0,1.0,0.0,1.0,1.0,0.0,1.0,Dion Sims
3,"6    110.0
Name: Rush Yards Allowed, dtype: float64","6    1.0
Name: Touchdowns, dtype: float64","6    5.0
Name: Receiving Yards, dtype: float64","6    1.0
Name: Interception, dtype: float64","6    0.0
Name: Fumbles Lost, dtype: float64","6    278.0
Name: Pass Yards Allowed, dtype: float64","6    0.0
Name: Pass Interceptions, dtype: float64","6    14.0
Name: Points_y, dtype: float64","6    0.0
Name: Rush Yards, dtype: float64","6    0.0
Name: Rush Attempts, dtype: float64","6    0.0
Name: Points_x, dtype: float64","6    388.0
Name: Total Yards, dtype: float64","6    0.0
Name: Pass Completions, dtype: float64","6    0.0
Name: Receiving TD, dtype: float64","6    0.0
Name: Pass Attempts, dtype: float64","6    1.0
Name: Receptions, dtype: float64","6    0.0
Name: Pass TD, dtype: float64","6    0.0
Name: Rush TD, dtype: float64","6    2.0
Name: Sack, dtype: float64","6    0.0
Name: Pass Yards, dtype: float64",Dion Sims
0,[ 94.74193548],[ 0.09677419],[ 16.83870968],[ 0.87096774],[ 0.03225806],[ 276.41935484],[ 0.],[ 9.03225806],[ 0.],[ 0.],[ 2.64516129],[ 371.16129032],[ 0.],[ 0.22580645],[ 0.],[ 1.70967742],[ 0.],[ 0.],[ 2.61290323],[ 0.],Levine Toilolo
1,105.227887617,0.00936524453694,66.6066597294,0.758584807492,0.00104058272633,4819.04682622,0.0,9.19458896982,0.0,0.0,0.416233090531,3500.05827263,0.0,0.05098855359,0.0,0.0842872008325,0.0,0.0,0.375650364204,0.0,Levine Toilolo
2,0.0,0.0,0.0,0.0,0.0,0.0,1.0,0.0,1.0,1.0,0.0,0.0,1.0,0.0,1.0,0.0,1.0,1.0,0.0,1.0,Levine Toilolo
3,"6    105.0
Name: Rush Yards Allowed, dtype: float64","6    0.0
Name: Touchdowns, dtype: float64","6    25.0
Name: Receiving Yards, dtype: float64","6    0.0
Name: Interception, dtype: float64","6    0.0
Name: Fumbles Lost, dtype: float64","6    207.0
Name: Pass Yards Allowed, dtype: float64","6    0.0
Name: Pass Interceptions, dtype: float64","6    6.0
Name: Points_y, dtype: float64","6    0.0
Name: Rush Yards, dtype: float64","6    0.0
Name: Rush Attempts, dtype: float64","6    2.0
Name: Points_x, dtype: float64","6    312.0
Name: Total Yards, dtype: float64","6    0.0
Name: Pass Completions, dtype: float64","6    0.0
Name: Receiving TD, dtype: float64","6    0.0
Name: Pass Attempts, dtype: float64","6    2.0
Name: Receptions, dtype: float64","6    0.0
Name: Pass TD, dtype: float64","6    0.0
Name: Rush TD, dtype: float64","6    2.0
Name: Sack, dtype: float64","6    0.0
Name: Pass Yards, dtype: float64",Levine Toilolo
0,[ 108.],[ 0.08695652],[ 27.56521739],[ 1.08695652],[ 0.04347826],[ 227.17391304],[ 0.],[ 8.82608696],[ 0.],[ 0.],[ 3.26086957],[ 335.17391304],[ 0.],[ 0.17391304],[ 0.],[ 2.69565217],[ 0.],[ 0.],[ 1.86956522],[ 0.],C.J. Fiedorowicz
1,3025.0,0.00756143667297,133.754253308,0.00756143667297,0.00189035916824,10779.8563327,0.0,17.4215500945,0.0,0.0,5.11153119093,2383.98676749,0.0,0.0302457466919,0.0,0.48393194707,0.0,0.0,4.53875236295,0.0,C.J. Fiedorowicz
2,0.0,0.0,0.0,0.0,0.0,0.0,1.0,0.0,1.0,1.0,0.0,0.0,1.0,0.0,1.0,0.0,1.0,1.0,0.0,1.0,C.J. Fiedorowicz
3,"4    53.0
Name: Rush Yards Allowed, dtype: float64","4    0.0
Name: Touchdowns, dtype: float64","4    16.0
Name: Receiving Yards, dtype: float64","4    1.0
Name: Interception, dtype: float64","4    0.0
Name: Fumbles Lost, dtype: float64","4    331.0
Name: Pass Yards Allowed, dtype: float64","4    0.0
Name: Pass Interceptions, dtype: float64","4    13.0
Name: Points_y, dtype: float64","4    0.0
Name: Rush Yards, dtype: float64","4    0.0
Name: Rush Attempts, dtype: float64","4    1.0
Name: Points_x, dtype: float64","4    384.0
Name: Total Yards, dtype: float64","4    0.0
Name: Pass Completions, dtype: float64","4    0.0
Name: Receiving TD, dtype: float64","4    0.0
Name: Pass Attempts, dtype: float64","4    2.0
Name: Receptions, dtype: float64","4    0.0
Name: Pass TD, dtype: float64","4    0.0
Name: Rush TD, dtype: float64","4    4.0
Name: Sack, dtype: float64","4    0.0
Name: Pass Yards, dtype: float64",C.J. Fiedorowicz
0,[ 102.05555556],[ 0.22222222],[ 32.5],[ 1.02777778],[ 0.],[ 283.41666667],[ 0.],[ 8.91666667],[ 0.],[ 0.],[ 5.],[ 385.47222222],[ 0.],[ 0.36111111],[ 0.],[ 2.77777778],[ 0.],[ 0.],[ 2.55555556],[ 0.],Dwayne Allen
1,7911.11419753,0.0493827160494,870.25,0.000771604938272,0.0,1553.67361111,0.0,8.50694444444,0.0,0.0,25.0,2453.0007716,0.0,0.130401234568,0.0,3.16049382716,0.0,0.0,0.197530864198,0.0,Dwayne Allen
2,0.0,0.0,0.0,0.0,1.0,0.0,1.0,0.0,1.0,1.0,0.0,0.0,1.0,0.0,1.0,0.0,1.0,1.0,0.0,1.0,Dwayne Allen
3,"3    191.0
Name: Rush Yards Allowed, dtype: float64","3    0.0
Name: Touchdowns, dtype: float64","3    3.0
Name: Receiving Yards, dtype: float64","3    1.0
Name: Interception, dtype: float64","3    0.0
Name: Fumbles Lost, dtype: float64","3    244.0
Name: Pass Yards Allowed, dtype: float64","3    0.0
Name: Pass Interceptions, dtype: float64","3    6.0
Name: Points_y, dtype: float64","3    0.0
Name: Rush Yards, dtype: float64","3    0.0
Name: Rush Attempts, dtype: float64","3    0.0
Name: Points_x, dtype: float64","3    435.0
Name: Total Yards, dtype: float64","3    0.0
Name: Pass Completions, dtype: float64","3    0.0
Name: Receiving TD, dtype: float64","3    0.0
Name: Pass Attempts, dtype: float64","3    1.0
Name: Receptions, dtype: float64","3    0.0
Name: Pass TD, dtype: float64","3    0.0
Name: Rush TD, dtype: float64","3    3.0
Name: Sack, dtype: float64","3    0.0
Name: Pass Yards, dtype: float64",Dwayne Allen
0,[ 123.125],[ 0.125],[ 12.25],[ 0.375],[ 0.125],[ 230.75],[ 0.],[ 8.375],[ 0.],[ 0.],[ 1.5],[ 353.875],[ 0.],[ 0.125],[ 0.],[ 1.375],[ 0.],[ 0.],[ 2.5],[ 0.],Phillip Supernaw
1,4917.515625,0.015625,60.0625,0.390625,0.015625,10050.0625,0.0,21.390625,0.0,0.0,0.25,907.515625,0.0,0.015625,0.0,0.140625,0.0,0.0,2.25,0.0,Phillip Supernaw
2,0.0,0.0,0.0,0.0,0.0,0.0,1.0,0.0,1.0,1.0,0.0,0.0,1.0,0.0,1.0,0.0,1.0,1.0,0.0,1.0,Phillip Supernaw
3,"2    53.0
Name: Rush Yards Allowed, dtype: float64","2    0.0
Name: Touchdowns, dtype: float64","2    20.0
Name: Receiving Yards, dtype: float64","2    1.0
Name: Interception, dtype: float64","2    0.0
Name: Fumbles Lost, dtype: float64","2    331.0
Name: Pass Yards Allowed, dtype: float64","2    0.0
Name: Pass Interceptions, dtype: float64","2    13.0
Name: Points_y, dtype: float64","2    0.0
Name: Rush Yards, dtype: float64","2    0.0
Name: Rush Attempts, dtype: float64","2    2.0
Name: Points_x, dtype: float64","2    384.0
Name: Total Yards, dtype: float64","2    0.0
Name: Pass Completions, dtype: float64","2    0.0
Name: Receiving TD, dtype: float64","2    0.0
Name: Pass Attempts, dtype: float64","2    1.0
Name: Receptions, dtype: float64","2    0.0
Name: Pass TD, dtype: float64","2    0.0
Name: Rush TD, dtype: float64","2    4.0
Name: Sack, dtype: float64","2    0.0
Name: Pass Yards, dtype: float64",Phillip Supernaw
0,[ 97.],[ 0.],[ 15.],[ 0.],[ 0.],[ 154.],[ 0.],[ 10.],[ 0.],[ 0.],[ 1.],[ 251.],[ 0.],[ 0.],[ 0.],[ 1.],[ 0.],[ 0.],[ 6.],[ 0.],Michael Roberts
1,361.0,1.0,64.0,4.0,0.0,19600.0,0.0,81.0,0.0,0.0,1.0,14641.0,0.0,0.0,0.0,0.0,0.0,0.0,9.0,0.0,Michael Roberts
2,0.0,0.0,0.0,0.0,1.0,0.0,1.0,0.0,1.0,1.0,0.0,0.0,1.0,1.0,1.0,1.0,1.0,1.0,0.0,1.0,Michael Roberts
3,"1    78.0
Name: Rush Yards Allowed, dtype: float64","1    1.0
Name: Touchdowns, dtype: float64","1    23.0
Name: Receiving Yards, dtype: float64","1    2.0
Name: Interception, dtype: float64","1    0.0
Name: Fumbles Lost, dtype: float64","1    294.0
Name: Pass Yards Allowed, dtype: float64","1    0.0
Name: Pass Interceptions, dtype: float64","1    19.0
Name: Points_y, dtype: float64","1    0.0
Name: Rush Yards, dtype: float64","1    0.0
Name: Rush Attempts, dtype: float64","1    2.0
Name: Points_x, dtype: float64","1    372.0
Name: Total Yards, dtype: float64","1    0.0
Name: Pass Completions, dtype: float64","1    0.0
Name: Receiving TD, dtype: float64","1    0.0
Name: Pass Attempts, dtype: float64","1    1.0
Name: Receptions, dtype: float64","1    0.0
Name: Pass TD, dtype: float64","1    0.0
Name: Rush TD, dtype: float64","1    3.0
Name: Sack, dtype: float64","1    0.0
Name: Pass Yards, dtype: float64",Michael Roberts
0,[ 83.72727273],[ 0.09090909],[ 11.27272727],[ 0.81818182],[ 0.],[ 242.27272727],[ 0.],[ 7.45454545],[ 0.],[ 0.],[ 2.45454545],[ 326.],[ 0.],[ 0.27272727],[ 0.],[ 1.27272727],[ 0.],[ 0.],[ 1.90909091],[ 0.],Xavier Grimble
1,68.4380165289,0.00826446280992,5.1652892562,0.0330578512397,0.0,1578.25619835,0.0,11.9338842975,0.0,0.0,6.02479338843,2304.0,0.0,0.0743801652893,0.0,0.0743801652893,0.0,0.0,0.826446280992,0.0,Xavier Grimble
2,0.0,0.0,0.0,0.0,1.0,0.0,1.0,0.0,1.0,1.0,0.0,0.0,1.0,0.0,1.0,0.0,1.0,1.0,0.0,1.0,Xavier Grimble
3,"4    92.0
Name: Rush Yards Allowed, dtype: float64","4    0.0
Name: Touchdowns, dtype: float64","4    9.0
Name: Receiving Yards, dtype: float64","4    1.0
Name: Interception, dtype: float64","4    0.0
Name: Fumbles Lost, dtype: float64","4    282.0
Name: Pass Yards Allowed, dtype: float64","4    0.0
Name: Pass Interceptions, dtype: float64","4    4.0
Name: Points_y, dtype: float64","4    0.0
Name: Rush Yards, dtype: float64","4    0.0
Name: Rush Attempts, dtype: float64","4    0.0
Name: Points_x, dtype: float64","4    374.0
Name: Total Yards, dtype: float64","4    0.0
Name: Pass Completions, dtype: float64","4    0.0
Name: Receiving TD, dtype: float64","4    0.0
Name: Pass Attempts, dtype: float64","4    1.0
Name: Receptions, dtype: float64","4    0.0
Name: Pass TD, dtype: float64","4    0.0
Name: Rush TD, dtype: float64","4    1.0
Name: Sack, dtype: float64","4    0.0
Name: Pass Yards, dtype: float64",Xavier Grimble
0,[ 94.07142857],[ 0.21428571],[ 21.64285714],[ 1.07142857],[ 0.],[ 205.42857143],[ 0.],[ 12.07142857],[ 0.],[ 0.],[ 2.14285714],[ 299.5],[ 0.],[ 0.07142857],[ 0.],[ 1.85714286],[ 0.],[ 0.],[ 2.28571429],[ 0.],Tyler Higbee
1,16.5765306122,0.0459183673469,244.698979592,0.00510204081633,0.0,57.3265306122,0.0,82.2908163265,0.0,0.0,4.59183673469,12.25,0.0,0.00510204081633,0.0,0.734693877551,0.0,0.0,1.65306122449,0.0,Tyler Higbee
2,0.0,0.0,0.0,0.0,1.0,0.0,1.0,0.0,1.0,1.0,0.0,0.0,1.0,0.0,1.0,0.0,1.0,1.0,0.0,1.0,Tyler Higbee
3,"10    90.0
Name: Rush Yards Allowed, dtype: float64","10    0.0
Name: Touchdowns, dtype: float64","10    6.0
Name: Receiving Yards, dtype: float64","10    1.0
Name: Interception, dtype: float64","10    0.0
Name: Fumbles Lost, dtype: float64","10    213.0
Name: Pass Yards Allowed, dtype: float64","10    0.0
Name: Pass Interceptions, dtype: float64","10    3.0
Name: Points_y, dtype: float64","10    0.0
Name: Rush Yards, dtype: float64","10    0.0
Name: Rush Attempts, dtype: float64","10    0.0
Name: Points_x, dtype: float64","10    303.0
Name: Total Yards, dtype: float64","10    0.0
Name: Pass Completions, dtype: float64","10    0.0
Name: Receiving TD, dtype: float64","10    0.0
Name: Pass Attempts, dtype: float64","10    1.0
Name: Receptions, dtype: float64","10    0.0
Name: Pass TD, dtype: float64","10    0.0
Name: Rush TD, dtype: float64","10    1.0
Name: Sack, dtype: float64","10    0.0
Name: Pass Yards, dtype: float64",Tyler Higbee
0,[ 111.29411765],[ 0.35294118],[ 16.88235294],[ 1.17647059],[ 0.],[ 203.94117647],[ 0.],[ 10.58823529],[ 0.],[ 0.],[ 1.41176471],[ 315.23529412],[ 0.],[ 0.],[ 0.],[ 2.05882353],[ 0.],[ 0.],[ 2.17647059],[ 0.],Nick Boyle
1,1108.4982699,0.418685121107,34.6020761246,0.678200692042,0.0,8110.5916955,0.0,70.7577854671,0.0,0.0,0.16955017301,3222.23183391,0.0,0.0,0.0,1.12110726644,0.0,0.0,0.678200692042,0.0,Nick Boyle
2,0.0,0.0,0.0,0.0,1.0,0.0,1.0,0.0,1.0,1.0,0.0,0.0,1.0,1.0,1.0,0.0,1.0,1.0,0.0,1.0,Nick Boyle
3,"10    78.0
Name: Rush Yards Allowed, dtype: float64","10    1.0
Name: Touchdowns, dtype: float64","10    11.0
Name: Receiving Yards, dtype: float64","10    2.0
Name: Interception, dtype: float64","10    0.0
Name: Fumbles Lost, dtype: float64","10    294.0
Name: Pass Yards Allowed, dtype: float64","10    0.0
Name: Pass Interceptions, dtype: float64","10    19.0
Name: Points_y, dtype: float64","10    0.0
Name: Rush Yards, dtype: float64","10    0.0
Name: Rush Attempts, dtype: float64","10    1.0
Name: Points_x, dtype: float64","10    372.0
Name: Total Yards, dtype: float64","10    0.0
Name: Pass Completions, dtype: float64","10    0.0
Name: Receiving TD, dtype: float64","10    0.0
Name: Pass Attempts, dtype: float64","10    1.0
Name: Receptions, dtype: float64","10    0.0
Name: Pass TD, dtype: float64","10    0.0
Name: Rush TD, dtype: float64","10    3.0
Name: Sack, dtype: float64","10    0.0
Name: Pass Yards, dtype: float64",Nick Boyle
0,[ 67.77777778],[ 0.22222222],[ 36.77777778],[ 1.],[ 0.11111111],[ 270.],[ 0.],[ 9.11111111],[ 0.],[ 0.],[ 5.77777778],[ 337.77777778],[ 0.],[ 0.44444444],[ 0.],[ 2.22222222],[ 0.],[ 0.],[ 1.33333333],[ 0.],O.J. Howard
1,9452.16049383,0.604938271605,391.160493827,1.0,0.0123456790123,1600.0,0.0,97.7901234568,0.0,0.0,22.8271604938,3274.38271605,0.0,0.197530864198,0.0,1.49382716049,0.0,0.0,32.1111111111,0.0,O.J. Howard
2,0.0,0.0,0.0,0.0,0.0,0.0,1.0,0.0,1.0,1.0,0.0,0.0,1.0,0.0,1.0,0.0,1.0,1.0,0.0,1.0,O.J. Howard
3,"9    165.0
Name: Rush Yards Allowed, dtype: float64","9    1.0
Name: Touchdowns, dtype: float64","9    17.0
Name: Receiving Yards, dtype: float64","9    0.0
Name: Interception, dtype: float64","9    0.0
Name: Fumbles Lost, dtype: float64","9    230.0
Name: Pass Yards Allowed, dtype: float64","9    0.0
Name: Pass Interceptions, dtype: float64","9    19.0
Name: Points_y, dtype: float64","9    0.0
Name: Rush Yards, dtype: float64","9    0.0
Name: Rush Attempts, dtype: float64","9    1.0
Name: Points_x, dtype: float64","9    395.0
Name: Total Yards, dtype: float64","9    0.0
Name: Pass Completions, dtype: float64","9    0.0
Name: Receiving TD, dtype: float64","9    0.0
Name: Pass Attempts, dtype: float64","9    1.0
Name: Receptions, dtype: float64","9    0.0
Name: Pass TD, dtype: float64","9    0.0
Name: Rush TD, dtype: float64","9    7.0
Name: Sack, dtype: float64","9    0.0
Name: Pass Yards, dtype: float64",O.J. Howard
0,[ 82.4],[ 0.],[ 23.9],[ 0.5],[ 0.],[ 229.2],[ 0.],[ 8.8],[ 0.],[ 0.],[ 1.9],[ 311.6],[ 0.],[ 0.],[ 0.],[ 2.1],[ 0.],[ 0.],[ 3.3],[ 0.],C.J. Uzomah
1,92.16,0.0,8.41,0.25,0.0,2787.84,0.0,23.04,0.0,0.0,0.01,3893.76,0.0,0.0,0.0,1.21,0.0,0.0,5.29,0.0,C.J. Uzomah
2,0.0,1.0,0.0,0.0,1.0,0.0,1.0,0.0,1.0,1.0,0.0,0.0,1.0,1.0,1.0,0.0,1.0,1.0,0.0,1.0,C.J. Uzomah
3,"4    92.0
Name: Rush Yards Allowed, dtype: float64","4    0.0
Name: Touchdowns, dtype: float64","4    21.0
Name: Receiving Yards, dtype: float64","4    1.0
Name: Interception, dtype: float64","4    0.0
Name: Fumbles Lost, dtype: float64","4    282.0
Name: Pass Yards Allowed, dtype: float64","4    0.0
Name: Pass Interceptions, dtype: float64","4    4.0
Name: Points_y, dtype: float64","4    0.0
Name: Rush Yards, dtype: float64","4    0.0
Name: Rush Attempts, dtype: float64","4    2.0
Name: Points_x, dtype: float64","4    374.0
Name: Total Yards, dtype: float64","4    0.0
Name: Pass Completions, dtype: float64","4    0.0
Name: Receiving TD, dtype: float64","4    0.0
Name: Pass Attempts, dtype: float64","4    1.0
Name: Receptions, dtype: float64","4    0.0
Name: Pass TD, dtype: float64","4    0.0
Name: Rush TD, dtype: float64","4    1.0
Name: Sack, dtype: float64","4    0.0
Name: Pass Yards, dtype: float64",C.J. Uzomah
0,[ 111.0483871],[ 0.12903226],[ 36.77419355],[ 0.72580645],[ 0.],[ 205.48387097],[ 0.],[ 9.38709677],[ 0.],[ 0.],[ 5.75806452],[ 316.53225806],[ 0.],[ 0.41935484],[ 0.],[ 3.75806452],[ 0.],[ 0.],[ 2.62903226],[ 0.],Kyle Rudolph
1,36.5829864724,0.0166493236212,0.599375650364,0.526795005203,0.0,2.29864724246,0.0,11.4724245578,0.0,0.0,10.5101456816,20.5413631634,0.0,0.33714880333,0.0,0.0585327783559,0.0,0.0,0.395681581686,0.0,Kyle Rudolph
2,0.0,0.0,0.0,0.0,1.0,0.0,1.0,0.0,1.0,1.0,0.0,0.0,1.0,0.0,1.0,0.0,1.0,1.0,0.0,1.0,Kyle Rudolph
3,"12    105.0
Name: Rush Yards Allowed, dtype: float64","12    0.0
Name: Touchdowns, dtype: float64","12    36.0
Name: Receiving Yards, dtype: float64","12    0.0
Name: Interception, dtype: float64","12    0.0
Name: Fumbles Lost, dtype: float64","12    207.0
Name: Pass Yards Allowed, dtype: float64","12    0.0
Name: Pass Interceptions, dtype: float64","12    6.0
Name: Points_y, dtype: float64","12    0.0
Name: Rush Yards, dtype: float64","12    0.0
Name: Rush Attempts, dtype: float64","12    9.0
Name: Points_x, dtype: float64","12    312.0
Name: Total Yards, dtype: float64","12    0.0
Name: Pass Completions, dtype: float64","12    1.0
Name: Receiving TD, dtype: float64","12    0.0
Name: Pass Attempts, dtype: float64","12    4.0
Name: Receptions, dtype: float64","12    0.0
Name: Pass TD, dtype: float64","12    0.0
Name: Rush TD, dtype: float64","12    2.0
Name: Sack, dtype: float64","12    0.0
Name: Pass Yards, dtype: float64",Kyle Rudolph
0,[ 100.86111111],[ 0.34722222],[ 40.45833333],[ 0.80555556],[ 0.08333333],[ 218.08333333],[ 0.],[ 10.41666667],[ 0.],[ 0.01388889],[ 4.41666667],[ 318.94444444],[ 0.],[ 0.15277778],[ 0.],[ 3.04166667],[ 0.],[ 0.],[ 1.90277778],[ 0.],Jared Cook
1,1286.01929012,0.120563271605,989.626736111,0.648919753086,0.00694444444444,327.006944444,0.0,0.340277777778,0.0,0.000192901234568,19.5069444444,2910.00308642,0.0,0.0233410493827,0.0,4.16840277778,0.0,0.0,1.20389660494,0.0,Jared Cook
2,0.0,0.0,0.0,0.0,0.0,0.0,1.0,0.0,1.0,0.0,0.0,0.0,1.0,0.0,1.0,0.0,1.0,1.0,0.0,1.0,Jared Cook
3,"11    65.0
Name: Rush Yards Allowed, dtype: float64","11    0.0
Name: Touchdowns, dtype: float64","11    9.0
Name: Receiving Yards, dtype: float64","11    0.0
Name: Interception, dtype: float64","11    0.0
Name: Fumbles Lost, dtype: float64","11    200.0
Name: Pass Yards Allowed, dtype: float64","11    0.0
Name: Pass Interceptions, dtype: float64","11    11.0
Name: Points_y, dtype: float64","11    0.0
Name: Rush Yards, dtype: float64","11    0.0
Name: Rush Attempts, dtype: float64","11    0.0
Name: Points_x, dtype: float64","11    265.0
Name: Total Yards, dtype: float64","11    0.0
Name: Pass Completions, dtype: float64","11    0.0
Name: Receiving TD, dtype: float64","11    0.0
Name: Pass Attempts, dtype: float64","11    1.0
Name: Receptions, dtype: float64","11    0.0
Name: Pass TD, dtype: float64","11    0.0
Name: Rush TD, dtype: float64","11    3.0
Name: Sack, dtype: float64","11    0.0
Name: Pass Yards, dtype: float64",Jared Cook
0,[ 103.38888889],[ 0.33333333],[ 20.61111111],[ 1.],[ 0.],[ 281.83333333],[ 0.],[ 9.05555556],[ 0.],[ 0.],[ 3.61111111],[ 385.22222222],[ 0.],[ 0.33333333],[ 0.],[ 1.83333333],[ 0.],[ 0.],[ 2.33333333],[ 0.],Darren Fells
1,644.595679012,0.444444444444,112.595679012,1.0,0.0,148.027777778,0.0,98.8919753086,0.0,0.0,6.81790123457,174.827160494,0.0,0.111111111111,0.0,0.0277777777778,0.0,0.0,0.444444444444,0.0,Darren Fells
2,0.0,0.0,0.0,0.0,1.0,0.0,1.0,0.0,1.0,1.0,0.0,0.0,1.0,0.0,1.0,0.0,1.0,1.0,0.0,1.0,Darren Fells
3,"8    78.0
Name: Rush Yards Allowed, dtype: float64","8    1.0
Name: Touchdowns, dtype: float64","8    10.0
Name: Receiving Yards, dtype: float64","8    2.0
Name: Interception, dtype: float64","8    0.0
Name: Fumbles Lost, dtype: float64","8    294.0
Name: Pass Yards Allowed, dtype: float64","8    0.0
Name: Pass Interceptions, dtype: float64","8    19.0
Name: Points_y, dtype: float64","8    0.0
Name: Rush Yards, dtype: float64","8    0.0
Name: Rush Attempts, dtype: float64","8    1.0
Name: Points_x, dtype: float64","8    372.0
Name: Total Yards, dtype: float64","8    0.0
Name: Pass Completions, dtype: float64","8    0.0
Name: Receiving TD, dtype: float64","8    0.0
Name: Pass Attempts, dtype: float64","8    2.0
Name: Receptions, dtype: float64","8    0.0
Name: Pass TD, dtype: float64","8    0.0
Name: Rush TD, dtype: float64","8    3.0
Name: Sack, dtype: float64","8    0.0
Name: Pass Yards, dtype: float64",Darren Fells
0,[ 115.77777778],[ 0.22222222],[ 17.33333333],[ 0.66666667],[ 0.03703704],[ 256.14814815],[ 0.],[ 9.48148148],[ 0.],[ 0.],[ 2.59259259],[ 371.92592593],[ 0.],[ 0.22222222],[ 0.],[ 1.7037037],[ 0.],[ 0.],[ 2.40740741],[ 0.],Michael Hoomanawanui
1,14.2716049383,0.0493827160494,300.444444444,0.444444444444,0.00137174211248,7947.39231824,0.0,20.0836762689,0.0,0.0,6.72153635117,8635.22770919,0.0,0.0493827160494,0.0,0.495198902606,0.0,0.0,0.16598079561,0.0,Michael Hoomanawanui
2,0.0,0.0,0.0,0.0,0.0,0.0,1.0,0.0,1.0,1.0,0.0,0.0,1.0,0.0,1.0,0.0,1.0,1.0,0.0,1.0,Michael Hoomanawanui
3,"4    112.0
Name: Rush Yards Allowed, dtype: float64","4    0.0
Name: Touchdowns, dtype: float64","4    0.0
Name: Receiving Yards, dtype: float64","4    0.0
Name: Interception, dtype: float64","4    0.0
Name: Fumbles Lost, dtype: float64","4    167.0
Name: Pass Yards Allowed, dtype: float64","4    0.0
Name: Pass Interceptions, dtype: float64","4    5.0
Name: Points_y, dtype: float64","4    0.0
Name: Rush Yards, dtype: float64","4    0.0
Name: Rush Attempts, dtype: float64","4    0.0
Name: Points_x, dtype: float64","4    279.0
Name: Total Yards, dtype: float64","4    0.0
Name: Pass Completions, dtype: float64","4    0.0
Name: Receiving TD, dtype: float64","4    0.0
Name: Pass Attempts, dtype: float64","4    1.0
Name: Receptions, dtype: float64","4    0.0
Name: Pass TD, dtype: float64","4    0.0
Name: Rush TD, dtype: float64","4    2.0
Name: Sack, dtype: float64","4    0.0
Name: Pass Yards, dtype: float64",Michael Hoomanawanui
0,[ 104.6],[ 0.13333333],[ 23.46666667],[ 0.53333333],[ 0.],[ 259.03333333],[ 0.],[ 7.03333333],[ 0.36666667],[ 0.03333333],[ 3.13333333],[ 363.63333333],[ 0.],[ 0.2],[ 0.],[ 2.53333333],[ 0.],[ 0.],[ 2.3],[ 0.],Richard Rodgers
1,3648.16,0.751111111111,378.951111111,0.284444444444,0.0,842.934444444,0.0,143.201111111,0.134444444444,0.00111111111111,9.81777777778,983.867777778,0.0,0.04,0.0,2.35111111111,0.0,0.0,22.09,0.0,Richard Rodgers
2,0.0,0.0,0.0,0.0,1.0,0.0,1.0,0.0,0.0,0.0,0.0,0.0,1.0,0.0,1.0,0.0,1.0,1.0,0.0,1.0,Richard Rodgers
3,"7    165.0
Name: Rush Yards Allowed, dtype: float64","7    1.0
Name: Touchdowns, dtype: float64","7    4.0
Name: Receiving Yards, dtype: float64","7    0.0
Name: Interception, dtype: float64","7    0.0
Name: Fumbles Lost, dtype: float64","7    230.0
Name: Pass Yards Allowed, dtype: float64","7    0.0
Name: Pass Interceptions, dtype: float64","7    19.0
Name: Points_y, dtype: float64","7    0.0
Name: Rush Yards, dtype: float64","7    0.0
Name: Rush Attempts, dtype: float64","7    0.0
Name: Points_x, dtype: float64","7    395.0
Name: Total Yards, dtype: float64","7    0.0
Name: Pass Completions, dtype: float64","7    0.0
Name: Receiving TD, dtype: float64","7    0.0
Name: Pass Attempts, dtype: float64","7    1.0
Name: Receptions, dtype: float64","7    0.0
Name: Pass TD, dtype: float64","7    0.0
Name: Rush TD, dtype: float64","7    7.0
Name: Sack, dtype: float64","7    0.0
Name: Pass Yards, dtype: float64",Richard Rodgers
0,[ 106.36363636],[ 0.18181818],[ 23.45454545],[ 1.27272727],[ 0.],[ 218.81818182],[ 0.],[ 10.36363636],[ 0.09090909],[ 0.09090909],[ 3.54545455],[ 325.18181818],[ 0.],[ 0.27272727],[ 0.],[ 2.18181818],[ 0.],[ 0.],[ 2.54545455],[ 0.],David Njoku
1,301.495867769,0.0330578512397,2554.84297521,0.0743801652893,0.0,282.851239669,0.0,13.2231404959,0.00826446280992,0.00826446280992,89.3884297521,1168.39669421,0.0,0.528925619835,0.0,3.30578512397,0.0,0.0,0.206611570248,0.0,David Njoku
2,0.0,0.0,0.0,0.0,1.0,0.0,1.0,0.0,0.0,0.0,0.0,0.0,1.0,0.0,1.0,0.0,1.0,1.0,0.0,1.0,David Njoku
3,"11    89.0
Name: Rush Yards Allowed, dtype: float64","11    0.0
Name: Touchdowns, dtype: float64","11    74.0
Name: Receiving Yards, dtype: float64","11    1.0
Name: Interception, dtype: float64","11    0.0
Name: Fumbles Lost, dtype: float64","11    202.0
Name: Pass Yards Allowed, dtype: float64","11    0.0
Name: Pass Interceptions, dtype: float64","11    14.0
Name: Points_y, dtype: float64","11    0.0
Name: Rush Yards, dtype: float64","11    0.0
Name: Rush Attempts, dtype: float64","11    13.0
Name: Points_x, dtype: float64","11    291.0
Name: Total Yards, dtype: float64","11    0.0
Name: Pass Completions, dtype: float64","11    1.0
Name: Receiving TD, dtype: float64","11    0.0
Name: Pass Attempts, dtype: float64","11    4.0
Name: Receptions, dtype: float64","11    0.0
Name: Pass TD, dtype: float64","11    0.0
Name: Rush TD, dtype: float64","11    3.0
Name: Sack, dtype: float64","11    0.0
Name: Pass Yards, dtype: float64",David Njoku
0,[ 52.5],[ 0.],[ 35.],[ 0.5],[ 0.],[ 150.5],[ 0.],[ 9.5],[ 0.],[ 0.],[ 3.],[ 203.],[ 0.],[ 0.],[ 0.],[ 2.5],[ 0.],[ 0.],[ 3.5],[ 0.],Austin Traylor
1,2550.25,1.0,361.0,6.25,0.0,272.25,0.0,342.25,0.0,0.0,4.0,4489.0,0.0,0.0,0.0,0.25,0.0,0.0,0.25,0.0,Austin Traylor
2,0.0,0.0,0.0,0.0,1.0,0.0,1.0,0.0,1.0,1.0,0.0,0.0,1.0,1.0,1.0,0.0,1.0,1.0,0.0,1.0,Austin Traylor
3,"2    103.0
Name: Rush Yards Allowed, dtype: float64","2    1.0
Name: Touchdowns, dtype: float64","2    16.0
Name: Receiving Yards, dtype: float64","2    3.0
Name: Interception, dtype: float64","2    0.0
Name: Fumbles Lost, dtype: float64","2    167.0
Name: Pass Yards Allowed, dtype: float64","2    0.0
Name: Pass Interceptions, dtype: float64","2    28.0
Name: Points_y, dtype: float64","2    0.0
Name: Rush Yards, dtype: float64","2    0.0
Name: Rush Attempts, dtype: float64","2    1.0
Name: Points_x, dtype: float64","2    270.0
Name: Total Yards, dtype: float64","2    0.0
Name: Pass Completions, dtype: float64","2    0.0
Name: Receiving TD, dtype: float64","2    0.0
Name: Pass Attempts, dtype: float64","2    2.0
Name: Receptions, dtype: float64","2    0.0
Name: Pass TD, dtype: float64","2    0.0
Name: Rush TD, dtype: float64","2    3.0
Name: Sack, dtype: float64","2    0.0
Name: Pass Yards, dtype: float64",Austin Traylor
0,[ 124.33333333],[ 0.125],[ 47.79166667],[ 0.70833333],[ 0.04166667],[ 212.875],[ 0.],[ 9.01388889],[-0.01388889],[ 0.04166667],[ 6.47222222],[ 337.20833333],[ 0.],[ 0.36111111],[ 0.],[ 3.58333333],[ 0.],[ 0.],[ 2.69444444],[ 0.],Vernon Davis
1,4669.44444444,0.765625,1075.29340278,1.66840277778,0.00173611111111,123.765625,0.0,168.63908179,0.000192901234568,0.00173611111111,29.9452160494,3272.79340278,0.0,0.130401234568,0.0,2.50694444444,0.0,0.0,1.70447530864,0.0,Vernon Davis
2,0.0,0.0,0.0,0.0,0.0,0.0,1.0,0.0,0.0,0.0,0.0,0.0,1.0,0.0,1.0,0.0,1.0,1.0,0.0,1.0,Vernon Davis
3,"9    56.0
Name: Rush Yards Allowed, dtype: float64","9    1.0
Name: Touchdowns, dtype: float64","9    15.0
Name: Receiving Yards, dtype: float64","9    2.0
Name: Interception, dtype: float64","9    0.0
Name: Fumbles Lost, dtype: float64","9    224.0
Name: Pass Yards Allowed, dtype: float64","9    0.0
Name: Pass Interceptions, dtype: float64","9    22.0
Name: Points_y, dtype: float64","9    0.0
Name: Rush Yards, dtype: float64","9    0.0
Name: Rush Attempts, dtype: float64","9    1.0
Name: Points_x, dtype: float64","9    280.0
Name: Total Yards, dtype: float64","9    0.0
Name: Pass Completions, dtype: float64","9    0.0
Name: Receiving TD, dtype: float64","9    0.0
Name: Pass Attempts, dtype: float64","9    2.0
Name: Receptions, dtype: float64","9    0.0
Name: Pass TD, dtype: float64","9    0.0
Name: Rush TD, dtype: float64","9    4.0
Name: Sack, dtype: float64","9    0.0
Name: Pass Yards, dtype: float64",Vernon Davis
0,[ 123.42857143],[ 0.14285714],[ 21.42857143],[ 0.92857143],[ 0.03571429],[ 205.32142857],[ 0.],[ 10.46428571],[ 0.],[ 0.],[ 2.92857143],[ 328.75],[ 0.],[ 0.21428571],[ 0.],[ 1.89285714],[ 0.],[ 0.],[ 2.5],[ 0.],Garrett Celek
1,180.326530612,0.734693877551,73.4693877551,0.00510204081633,0.00127551020408,5282.1747449,0.0,12.5012755102,0.0,0.0,0.00510204081633,3510.5625,0.0,0.0459183673469,0.0,0.0114795918367,0.0,0.0,0.25,0.0,Garrett Celek
2,0.0,0.0,0.0,0.0,0.0,0.0,1.0,0.0,1.0,1.0,0.0,0.0,1.0,0.0,1.0,0.0,1.0,1.0,0.0,1.0,Garrett Celek
3,"10    110.0
Name: Rush Yards Allowed, dtype: float64","10    1.0
Name: Touchdowns, dtype: float64","10    30.0
Name: Receiving Yards, dtype: float64","10    1.0
Name: Interception, dtype: float64","10    0.0
Name: Fumbles Lost, dtype: float64","10    278.0
Name: Pass Yards Allowed, dtype: float64","10    0.0
Name: Pass Interceptions, dtype: float64","10    14.0
Name: Points_y, dtype: float64","10    0.0
Name: Rush Yards, dtype: float64","10    0.0
Name: Rush Attempts, dtype: float64","10    3.0
Name: Points_x, dtype: float64","10    388.0
Name: Total Yards, dtype: float64","10    0.0
Name: Pass Completions, dtype: float64","10    0.0
Name: Receiving TD, dtype: float64","10    0.0
Name: Pass Attempts, dtype: float64","10    2.0
Name: Receptions, dtype: float64","10    0.0
Name: Pass TD, dtype: float64","10    0.0
Name: Rush TD, dtype: float64","10    2.0
Name: Sack, dtype: float64","10    0.0
Name: Pass Yards, dtype: float64",Garrett Celek
0,[ 103.50909091],[ 0.25454545],[ 26.16363636],[ 0.96363636],[ 0.],[ 226.78181818],[ 0.],[ 9.41818182],[ 0.],[ 0.],[ 2.78181818],[ 330.29090909],[ 0.],[ 0.10909091],[ 0.],[ 2.29090909],[ 0.],[ 0.],[ 2.34545455],[ 0.],Ed Dickson
1,72.0955371901,0.0647933884298,66.6449586777,0.928595041322,0.0,3573.86578512,0.0,19.5203305785,0.0,0.0,3.17487603306,2630.75735537,0.0,0.0119008264463,0.0,0.0846280991736,0.0,0.0,0.119338842975,0.0,Ed Dickson
2,0.0,0.0,0.0,0.0,1.0,0.0,1.0,0.0,1.0,1.0,0.0,0.0,1.0,0.0,1.0,0.0,1.0,1.0,0.0,1.0,Ed Dickson
3,"9    112.0
Name: Rush Yards Allowed, dtype: float64","9    0.0
Name: Touchdowns, dtype: float64","9    18.0
Name: Receiving Yards, dtype: float64","9    0.0
Name: Interception, dtype: float64","9    0.0
Name: Fumbles Lost, dtype: float64","9    167.0
Name: Pass Yards Allowed, dtype: float64","9    0.0
Name: Pass Interceptions, dtype: float64","9    5.0
Name: Points_y, dtype: float64","9    0.0
Name: Rush Yards, dtype: float64","9    0.0
Name: Rush Attempts, dtype: float64","9    1.0
Name: Points_x, dtype: float64","9    279.0
Name: Total Yards, dtype: float64","9    0.0
Name: Pass Completions, dtype: float64","9    0.0
Name: Receiving TD, dtype: float64","9    0.0
Name: Pass Attempts, dtype: float64","9    2.0
Name: Receptions, dtype: float64","9    0.0
Name: Pass TD, dtype: float64","9    0.0
Name: Rush TD, dtype: float64","9    2.0
Name: Sack, dtype: float64","9    0.0
Name: Pass Yards, dtype: float64",Ed Dickson
0,[ 135.7807654   102.54576521],[ 0.55399991 -0.06420399],[ 44.20099187  42.57451834],[ 2.2315972  -0.10914822],[ 0.01089263  0.07074003],[ 410.75379584  106.225796  ],[ 0.  0.],[ 14.75776451   4.58917427],[ 0.  0.],[ 0.  0.],[ 5.09818714  5.22834347],[ 392.18747133  363.11865112],[ 0.  0.],[ 0.23516327  0.21381632],[ 0.  0.],[ 3.98325338  3.56776703],[ 0.  0.],[ 0.  0.],[ 3.7682301   0.80319847],[ 0.  0.],Zach Ertz
1,1090.56062121,0.155519028482,376.546401934,0.764372498761,0.00256140024476,10325.4565185,0.0,1.28231815104,0.0,0.0,10.0104825649,589.524569163,0.0,0.0505095914822,0.0,3.19559371008,0.0,0.0,1.01125569077,0.0,Zach Ertz
2,-3.2600024266,0.0,0.0,-2.05748999504,0.0,-2.81858599056,1.0,0.91985511556,1.0,1.0,0.0,0.545119931201,1.0,0.0,1.0,0.0,1.0,1.0,-3.04502276309,1.0,Zach Ertz
3,"10     98.0
11    130.0
Name: Rush Yards Allowed, dtype: float64","10    0.0
11    0.0
Name: Touchdowns, dtype: float64","10    24.0
11    24.0
Name: Receiving Yards, dtype: float64","10    1.0
11    0.0
Name: Interception, dtype: float64","10    0.0
11    0.0
Name: Fumbles Lost, dtype: float64","10    327.0
11    223.0
Name: Pass Yards Allowed, dtype: float64","10    0.0
11    0.0
Name: Pass Interceptions, dtype: float64","10    14.0
11     6.0
Name: Points_y, dtype: float64","10    0.0
11    0.0
Name: Rush Yards, dtype: float64","10    0.0
11    0.0
Name: Rush Attempts, dtype: float64","10    2.0
11    2.0
Name: Points_x, dtype: float64","10    425.0
11    353.0
Name: Total Yards, dtype: float64","10    0.0
11    0.0
Name: Pass Completions, dtype: float64","10    0.0
11    0.0
Name: Receiving TD, dtype: float64","10    0.0
11    0.0
Name: Pass Attempts, dtype: float64","10    2.0
11    2.0
Name: Receptions, dtype: float64","10    0.0
11    0.0
Name: Pass TD, dtype: float64","10    0.0
11    0.0
Name: Rush TD, dtype: float64","10    3.0
11    2.0
Name: Sack, dtype: float64","10    0.0
11    0.0
Name: Pass Yards, dtype: float64",Zach Ertz
0,[ 119.9516129],[ 0.12903226],[ 36.83870968],[ 0.75806452],[ 0.],[ 206.4516129],[ 0.],[ 8.83870968],[ 0.24193548],[ 0.08064516],[ 4.64516129],[ 326.40322581],[ 0.],[ 0.20967742],[ 0.],[ 3.5],[ 0.],[ 0.01612903],[ 2.79032258],[ 0.],Charles Clay
1,5047.87330905,0.0166493236212,283.5421436,0.0585327783559,0.0,1409.88137357,0.0,8.05827263267,0.0585327783559,0.00650364203954,6.99687825182,11793.2593652,0.0,0.0439646201873,0.0,0.25,0.0,0.000260145681582,0.0439646201873,0.0,Charles Clay
2,0.0,0.0,0.0,0.0,1.0,0.0,1.0,0.0,0.0,0.0,0.0,0.0,1.0,0.0,1.0,0.0,1.0,0.0,0.0,1.0,Charles Clay
3,"8    191.0
Name: Rush Yards Allowed, dtype: float64","8    0.0
Name: Touchdowns, dtype: float64","8    20.0
Name: Receiving Yards, dtype: float64","8    1.0
Name: Interception, dtype: float64","8    0.0
Name: Fumbles Lost, dtype: float64","8    244.0
Name: Pass Yards Allowed, dtype: float64","8    0.0
Name: Pass Interceptions, dtype: float64","8    6.0
Name: Points_y, dtype: float64","8    0.0
Name: Rush Yards, dtype: float64","8    0.0
Name: Rush Attempts, dtype: float64","8    2.0
Name: Points_x, dtype: float64","8    435.0
Name: Total Yards, dtype: float64","8    0.0
Name: Pass Completions, dtype: float64","8    0.0
Name: Receiving TD, dtype: float64","8    0.0
Name: Pass Attempts, dtype: float64","8    3.0
Name: Receptions, dtype: float64","8    0.0
Name: Pass TD, dtype: float64","8    0.0
Name: Rush TD, dtype: float64","8    3.0
Name: Sack, dtype: float64","8    0.0
Name: Pass Yards, dtype: float64",Charles Clay
0,[ 104.5483871],[ 0.19354839],[ 18.90322581],[ 1.09677419],[ 0.],[ 240.64516129],[ 0.],[ 9.25806452],[ 0.09677419],[ 0.06451613],[ 1.80645161],[ 345.19354839],[ 0.],[ 0.06451613],[ 0.],[ 1.64516129],[ 0.],[ 0.],[ 2.09677419],[ 0.],Virgil Green
1,2.39750260146,0.650364203954,292.299687825,3.62226847034,0.0,5423.60978148,0.0,351.260145682,0.00936524453694,0.00416233090531,1.42455775234,5654.06971904,0.0,0.00416233090531,0.0,0.416233090531,0.0,0.0,0.81581685744,0.0,Virgil Green
2,0.0,0.0,0.0,0.0,1.0,0.0,1.0,0.0,0.0,0.0,0.0,0.0,1.0,0.0,1.0,0.0,1.0,1.0,0.0,1.0,Virgil Green
3,"8    103.0
Name: Rush Yards Allowed, dtype: float64","8    1.0
Name: Touchdowns, dtype: float64","8    36.0
Name: Receiving Yards, dtype: float64","8    3.0
Name: Interception, dtype: float64","8    0.0
Name: Fumbles Lost, dtype: float64","8    167.0
Name: Pass Yards Allowed, dtype: float64","8    0.0
Name: Pass Interceptions, dtype: float64","8    28.0
Name: Points_y, dtype: float64","8    0.0
Name: Rush Yards, dtype: float64","8    0.0
Name: Rush Attempts, dtype: float64","8    3.0
Name: Points_x, dtype: float64","8    270.0
Name: Total Yards, dtype: float64","8    0.0
Name: Pass Completions, dtype: float64","8    0.0
Name: Receiving TD, dtype: float64","8    0.0
Name: Pass Attempts, dtype: float64","8    1.0
Name: Receptions, dtype: float64","8    0.0
Name: Pass TD, dtype: float64","8    0.0
Name: Rush TD, dtype: float64","8    3.0
Name: Sack, dtype: float64","8    0.0
Name: Pass Yards, dtype: float64",Virgil Green
0,[ 98.85],[ 0.15],[ 33.65],[ 0.7],[ 0.],[ 269.05],[ 0.],[ 7.65],[ 0.],[ 0.],[ 4.35],[ 367.9],[ 0.],[ 0.25],[ 0.],[ 2.75],[ 0.],[ 0.],[ 2.35],[ 0.],Austin Hooper
1,37.8225,0.0225,160.0225,0.49,0.0,3850.2025,0.0,2.7225,0.0,0.0,5.5225,3124.81,0.0,0.0625,0.0,0.0625,0.0,0.0,0.1225,0.0,Austin Hooper
2,0.0,0.0,0.0,0.0,1.0,0.0,1.0,0.0,1.0,1.0,0.0,0.0,1.0,0.0,1.0,0.0,1.0,1.0,0.0,1.0,Austin Hooper
3,"12    105.0
Name: Rush Yards Allowed, dtype: float64","12    0.0
Name: Touchdowns, dtype: float64","12    21.0
Name: Receiving Yards, dtype: float64","12    0.0
Name: Interception, dtype: float64","12    0.0
Name: Fumbles Lost, dtype: float64","12    207.0
Name: Pass Yards Allowed, dtype: float64","12    0.0
Name: Pass Interceptions, dtype: float64","12    6.0
Name: Points_y, dtype: float64","12    0.0
Name: Rush Yards, dtype: float64","12    0.0
Name: Rush Attempts, dtype: float64","12    2.0
Name: Points_x, dtype: float64","12    312.0
Name: Total Yards, dtype: float64","12    0.0
Name: Pass Completions, dtype: float64","12    0.0
Name: Receiving TD, dtype: float64","12    0.0
Name: Pass Attempts, dtype: float64","12    3.0
Name: Receptions, dtype: float64","12    0.0
Name: Pass TD, dtype: float64","12    0.0
Name: Rush TD, dtype: float64","12    2.0
Name: Sack, dtype: float64","12    0.0
Name: Pass Yards, dtype: float64",Austin Hooper
0,[ 122.15625],[ 0.09375],[ 13.68526074],[ 0.9375],[ 0.],[ 205.34375],[ 0.],[ 9.375],[ 0.03125],[ 0.03125],[ 1.9375],[ 327.5],[ 0.],[ 0.125],[ 0.],[ 1.40625],[ 0.],[ 0.03125],[ 2.5625],[ 0.],Rhett Ellison
1,3266.83691406,0.0087890625,75.4337540779,0.87890625,0.0,28.5556640625,0.0,2.640625,0.0009765625,0.0009765625,3.75390625,3906.25,0.0,0.015625,0.0,0.1650390625,0.0,0.0009765625,0.19140625,0.0,Rhett Ellison
2,0.0,0.0,0.0,0.0,1.0,0.0,1.0,0.0,0.0,0.0,0.0,0.0,1.0,0.0,1.0,0.0,1.0,0.0,0.0,1.0,Rhett Ellison
3,"7    65.0
Name: Rush Yards Allowed, dtype: float64","7    0.0
Name: Touchdowns, dtype: float64","7    5.0
Name: Receiving Yards, dtype: float64","7    0.0
Name: Interception, dtype: float64","7    0.0
Name: Fumbles Lost, dtype: float64","7    200.0
Name: Pass Yards Allowed, dtype: float64","7    0.0
Name: Pass Interceptions, dtype: float64","7    11.0
Name: Points_y, dtype: float64","7    0.0
Name: Rush Yards, dtype: float64","7    0.0
Name: Rush Attempts, dtype: float64","7    0.0
Name: Points_x, dtype: float64","7    265.0
Name: Total Yards, dtype: float64","7    0.0
Name: Pass Completions, dtype: float64","7    0.0
Name: Receiving TD, dtype: float64","7    0.0
Name: Pass Attempts, dtype: float64","7    1.0
Name: Receptions, dtype: float64","7    0.0
Name: Pass TD, dtype: float64","7    0.0
Name: Rush TD, dtype: float64","7    3.0
Name: Sack, dtype: float64","7    0.0
Name: Pass Yards, dtype: float64",Rhett Ellison
0,[ 113.08219178],[ 0.08219178],[ 72.64383562],[ 0.53424658],[ 0.02739726],[ 287.79452055],[ 0.],[ 5.73972603],[ 0.],[ 0.],[ 11.57534247],[ 400.87671233],[ 0.],[ 0.79452055],[ 0.],[ 4.79452055],[ 0.],[ 0.],[ 1.90410959],[ 0.],Rob Gronkowski
1,6071.18483768,0.00675548883468,5528.83918184,0.21692625258,0.00075060987052,1917.96003002,0.0,0.0677425408144,0.0,0.0,5.87896415838,1164.39876149,0.0,0.631262901107,0.0,17.6860574217,0.0,0.0,1.20097579283,0.0,Rob Gronkowski
2,0.0,0.0,0.0,0.0,0.0,0.0,1.0,0.0,1.0,1.0,0.0,0.0,1.0,0.0,1.0,0.0,1.0,1.0,0.0,1.0,Rob Gronkowski
3,"10    191.0
Name: Rush Yards Allowed, dtype: float64","10    0.0
Name: Touchdowns, dtype: float64","10    147.0
Name: Receiving Yards, dtype: float64","10    1.0
Name: Interception, dtype: float64","10    0.0
Name: Fumbles Lost, dtype: float64","10    244.0
Name: Pass Yards Allowed, dtype: float64","10    0.0
Name: Pass Interceptions, dtype: float64","10    6.0
Name: Points_y, dtype: float64","10    0.0
Name: Rush Yards, dtype: float64","10    0.0
Name: Rush Attempts, dtype: float64","10    14.0
Name: Points_x, dtype: float64","10    435.0
Name: Total Yards, dtype: float64","10    0.0
Name: Pass Completions, dtype: float64","10    0.0
Name: Receiving TD, dtype: float64","10    0.0
Name: Pass Attempts, dtype: float64","10    9.0
Name: Receptions, dtype: float64","10    0.0
Name: Pass TD, dtype: float64","10    0.0
Name: Rush TD, dtype: float64","10    3.0
Name: Sack, dtype: float64","10    0.0
Name: Pass Yards, dtype: float64",Rob Gronkowski
0,[ 109.28571429],[ 0.21428571],[ 17.64285714],[ 1.5],[ 0.07142857],[ 237.92857143],[ 0.],[ 10.21428571],[ 0.14285714],[ 0.07142857],[ 1.71428571],[ 347.21428571],[ 0.],[ 0.07142857],[ 0.],[ 2.21428571],[ 0.],[ 0.],[ 1.78571429],[ 0.],Maxx Williams
1,978.795918367,0.617346938776,276.984693878,0.25,0.00510204081633,3144.00510204,0.0,77.1887755102,0.0204081632653,0.00510204081633,2.9387755102,614.331632653,0.0,0.00510204081633,0.0,1.47448979592,0.0,0.0,1.47448979592,0.0,Maxx Williams
2,0.0,0.0,0.0,0.0,0.0,0.0,1.0,0.0,0.0,0.0,0.0,0.0,1.0,0.0,1.0,0.0,1.0,1.0,0.0,1.0,Maxx Williams
3,"6    78.0
Name: Rush Yards Allowed, dtype: float64","6    1.0
Name: Touchdowns, dtype: float64","6    1.0
Name: Receiving Yards, dtype: float64","6    2.0
Name: Interception, dtype: float64","6    0.0
Name: Fumbles Lost, dtype: float64","6    294.0
Name: Pass Yards Allowed, dtype: float64","6    0.0
Name: Pass Interceptions, dtype: float64","6    19.0
Name: Points_y, dtype: float64","6    0.0
Name: Rush Yards, dtype: float64","6    0.0
Name: Rush Attempts, dtype: float64","6    0.0
Name: Points_x, dtype: float64","6    372.0
Name: Total Yards, dtype: float64","6    0.0
Name: Pass Completions, dtype: float64","6    0.0
Name: Receiving TD, dtype: float64","6    0.0
Name: Pass Attempts, dtype: float64","6    1.0
Name: Receptions, dtype: float64","6    0.0
Name: Pass TD, dtype: float64","6    0.0
Name: Rush TD, dtype: float64","6    3.0
Name: Sack, dtype: float64","6    0.0
Name: Pass Yards, dtype: float64",Maxx Williams
0,[  44.13131243  132.86868757],[ 0.42656675 -0.17656675],[ 10.00917688  14.74082312],[-0.05009406  1.80009406],[ 0.  0.],[ 378.22595188  156.27404812],[ 0.  0.],[ 11.09148451   5.90851549],[ 0.  0.],[ 0.  0.],[ 0.57346212  2.42653788],[ 407.2121052  304.2878948],[ 0.  0.],[ 0.23265616  0.01734384],[ 0.  0.],[ 2.10806376  0.64193624],[ 0.  0.],[ 0.  0.],[ 3.28520579  1.71479421],[ 0.  0.],Nick Vannett
1,1455.03243465,0.106567506675,768.737744048,2.17151807215,0.0,3538.22540016,0.0,4.23391588886,0.0,0.0,7.1084724363,1344.63919727,0.0,0.0272148484619,0.0,3.17800746977,0.0,0.0,0.081342342864,0.0,Nick Vannett
2,-4.68372044786,0.0,0.0,-7.68607228861,1.0,-0.308515310708,1.0,0.735380256946,1.0,1.0,0.0,-0.0375302448075,1.0,0.0,1.0,0.0,1.0,1.0,0.674630628544,1.0,Nick Vannett
3,"7     98.0
8    130.0
Name: Rush Yards Allowed, dtype: float64","7    0.0
8    0.0
Name: Touchdowns, dtype: float64","7    40.0
8    40.0
Name: Receiving Yards, dtype: float64","7    1.0
8    0.0
Name: Interception, dtype: float64","7    0.0
8    0.0
Name: Fumbles Lost, dtype: float64","7    327.0
8    223.0
Name: Pass Yards Allowed, dtype: float64","7    0.0
8    0.0
Name: Pass Interceptions, dtype: float64","7    14.0
8     6.0
Name: Points_y, dtype: float64","7    0.0
8    0.0
Name: Rush Yards, dtype: float64","7    0.0
8    0.0
Name: Rush Attempts, dtype: float64","7    4.0
8    4.0
Name: Points_x, dtype: float64","7    425.0
8    353.0
Name: Total Yards, dtype: float64","7    0.0
8    0.0
Name: Pass Completions, dtype: float64","7    0.0
8    0.0
Name: Receiving TD, dtype: float64","7    0.0
8    0.0
Name: Pass Attempts, dtype: float64","7    3.0
8    3.0
Name: Receptions, dtype: float64","7    0.0
8    0.0
Name: Pass TD, dtype: float64","7    0.0
8    0.0
Name: Rush TD, dtype: float64","7    3.0
8    2.0
Name: Sack, dtype: float64","7    0.0
8    0.0
Name: Pass Yards, dtype: float64",Nick Vannett
0,[ 122.48],[ 0.24],[ 14.12],[ 0.72],[ 0.04],[ 316.4],[ 0.],[ 7.08],[-0.64],[ 0.08],[ 2.72],[ 438.88],[ 0.],[ 0.28],[ 0.],[ 1.64],[ 0.],[ 0.],[ 1.76],[ 0.],Josh Hill
1,109.8304,0.0576,37.4544,0.5184,0.9216,22320.36,0.0,4.3264,0.4096,0.0064,13.8384,25561.6144,0.0,0.0784,0.0,0.4096,0.0,0.0,0.0576,0.0,Josh Hill
2,0.0,0.0,0.0,0.0,0.0,0.0,1.0,0.0,0.0,0.0,0.0,0.0,1.0,0.0,1.0,0.0,1.0,1.0,0.0,1.0,Josh Hill
3,"5    112.0
Name: Rush Yards Allowed, dtype: float64","5    0.0
Name: Touchdowns, dtype: float64","5    8.0
Name: Receiving Yards, dtype: float64","5    0.0
Name: Interception, dtype: float64","5    1.0
Name: Fumbles Lost, dtype: float64","5    167.0
Name: Pass Yards Allowed, dtype: float64","5    0.0
Name: Pass Interceptions, dtype: float64","5    5.0
Name: Points_y, dtype: float64","5    0.0
Name: Rush Yards, dtype: float64","5    0.0
Name: Rush Attempts, dtype: float64","5   -1.0
Name: Points_x, dtype: float64","5    279.0
Name: Total Yards, dtype: float64","5    0.0
Name: Pass Completions, dtype: float64","5    0.0
Name: Receiving TD, dtype: float64","5    0.0
Name: Pass Attempts, dtype: float64","5    1.0
Name: Receptions, dtype: float64","5    0.0
Name: Pass TD, dtype: float64","5    0.0
Name: Rush TD, dtype: float64","5    2.0
Name: Sack, dtype: float64","5    0.0
Name: Pass Yards, dtype: float64",Josh Hill
0,[ 125.75],[ 0.25],[ 26.875],[ 0.5],[ 0.],[ 197.375],[ 0.],[ 8.75],[ 1.625],[ 0.125],[ 2.875],[ 323.125],[ 0.],[ 0.125],[ 0.],[ 1.25],[ 0.],[ 0.],[ 2.25],[ 0.],Gerald Everett
1,1278.0625,0.0625,395.015625,0.25,0.0,244.140625,0.0,33.0625,2.640625,0.015625,9.765625,405.015625,0.0,0.765625,0.0,0.5625,0.0,0.0,1.5625,0.0,Gerald Everett
2,0.0,0.0,0.0,0.0,1.0,0.0,1.0,0.0,0.0,0.0,0.0,0.0,1.0,0.0,1.0,0.0,1.0,1.0,0.0,1.0,Gerald Everett
3,"8    90.0
Name: Rush Yards Allowed, dtype: float64","8    0.0
Name: Touchdowns, dtype: float64","8    7.0
Name: Receiving Yards, dtype: float64","8    1.0
Name: Interception, dtype: float64","8    0.0
Name: Fumbles Lost, dtype: float64","8    213.0
Name: Pass Yards Allowed, dtype: float64","8    0.0
Name: Pass Interceptions, dtype: float64","8    3.0
Name: Points_y, dtype: float64","8    0.0
Name: Rush Yards, dtype: float64","8    0.0
Name: Rush Attempts, dtype: float64","8    6.0
Name: Points_x, dtype: float64","8    303.0
Name: Total Yards, dtype: float64","8    0.0
Name: Pass Completions, dtype: float64","8    1.0
Name: Receiving TD, dtype: float64","8    0.0
Name: Pass Attempts, dtype: float64","8    2.0
Name: Receptions, dtype: float64","8    0.0
Name: Pass TD, dtype: float64","8    0.0
Name: Rush TD, dtype: float64","8    1.0
Name: Sack, dtype: float64","8    0.0
Name: Pass Yards, dtype: float64",Gerald Everett
0,[ 100.56],[ 0.04],[ 24.36],[ 1.04],[ 0.],[ 256.96],[ 0.],[ 8.],[ 0.],[ 0.],[ 4.04],[ 357.52],[ 0.],[ 0.32],[ 0.],[ 3.04],[ 0.],[ 0.],[ 1.76],[ 0.],Jesse James
1,73.2736,0.0016,129.0496,0.0016,0.0,627.0016,0.0,16.0,0.0,0.0,9.2416,271.5904,0.0,0.1024,0.0,4.1616,0.0,0.0,0.5776,0.0,Jesse James
2,0.0,0.0,0.0,0.0,1.0,0.0,1.0,0.0,1.0,1.0,0.0,0.0,1.0,0.0,1.0,0.0,1.0,1.0,0.0,1.0,Jesse James
3,"12    92.0
Name: Rush Yards Allowed, dtype: float64","12    0.0
Name: Touchdowns, dtype: float64","12    13.0
Name: Receiving Yards, dtype: float64","12    1.0
Name: Interception, dtype: float64","12    0.0
Name: Fumbles Lost, dtype: float64","12    282.0
Name: Pass Yards Allowed, dtype: float64","12    0.0
Name: Pass Interceptions, dtype: float64","12    4.0
Name: Points_y, dtype: float64","12    0.0
Name: Rush Yards, dtype: float64","12    0.0
Name: Rush Attempts, dtype: float64","12    1.0
Name: Points_x, dtype: float64","12    374.0
Name: Total Yards, dtype: float64","12    0.0
Name: Pass Completions, dtype: float64","12    0.0
Name: Receiving TD, dtype: float64","12    0.0
Name: Pass Attempts, dtype: float64","12    1.0
Name: Receptions, dtype: float64","12    0.0
Name: Pass TD, dtype: float64","12    0.0
Name: Rush TD, dtype: float64","12    1.0
Name: Sack, dtype: float64","12    0.0
Name: Pass Yards, dtype: float64",Jesse James
0,[ 101.54545455],[ 0.27272727],[ 17.63636364],[ 0.90909091],[ 0.],[ 245.90909091],[ 0.],[ 10.27272727],[ 0.],[ 0.],[ 1.36363636],[ 347.45454545],[ 0.],[ 0.],[ 0.],[ 1.36363636],[ 0.],[ 0.],[ 2.63636364],[ 0.],Brandon Williams
1,1556.66115702,0.0743801652893,44.041322314,1.19008264463,0.0,9391.37190083,0.0,22.347107438,0.0,0.0,0.132231404959,3301.02479339,0.0,0.0,0.0,0.404958677686,0.0,0.0,1.85950413223,0.0,Brandon Williams
2,0.0,0.0,0.0,0.0,1.0,0.0,1.0,0.0,1.0,1.0,0.0,0.0,1.0,1.0,1.0,0.0,1.0,1.0,0.0,1.0,Brandon Williams
3,"7    141.0
Name: Rush Yards Allowed, dtype: float64","7    0.0
Name: Touchdowns, dtype: float64","7    11.0
Name: Receiving Yards, dtype: float64","7    2.0
Name: Interception, dtype: float64","7    0.0
Name: Fumbles Lost, dtype: float64","7    149.0
Name: Pass Yards Allowed, dtype: float64","7    0.0
Name: Pass Interceptions, dtype: float64","7    15.0
Name: Points_y, dtype: float64","7    0.0
Name: Rush Yards, dtype: float64","7    0.0
Name: Rush Attempts, dtype: float64","7    1.0
Name: Points_x, dtype: float64","7    290.0
Name: Total Yards, dtype: float64","7    0.0
Name: Pass Completions, dtype: float64","7    0.0
Name: Receiving TD, dtype: float64","7    0.0
Name: Pass Attempts, dtype: float64","7    2.0
Name: Receptions, dtype: float64","7    0.0
Name: Pass TD, dtype: float64","7    0.0
Name: Rush TD, dtype: float64","7    4.0
Name: Sack, dtype: float64","7    0.0
Name: Pass Yards, dtype: float64",Brandon Williams
