,Unnamed: 0,Fumble TD,Fumbles Lost,Name,Opponent,Pass 2PT,Pass Attempts,Pass Completions,Pass Interceptions,Pass TD,Pass Yards,Points,Position,Receiving 2PT,Receiving TD,Receiving Yards,Receptions,Rush 2PT,Rush Attempts,Rush TD,Rush Yards,Week,Year
0,0,0,0,Alex Smith,Patriots,0,35,28,0,4,368,38.0,QB,0,0,0,0,0,5,0,3,1,2017
1,1,0,0,Matthew Stafford,Lions,0,41,29,1,4,292,34.0,QB,0,0,0,0,0,2,0,14,1,2017
2,2,0,0,Sam Bradford,Vikings,0,32,27,0,3,346,31.0,QB,0,0,0,0,0,2,0,-3,1,2017
3,3,0,0,Trevor Siemian,Broncos,0,28,17,1,2,219,25.0,QB,0,0,0,0,0,6,1,19,1,2017
4,4,0,1,Carson Wentz,Redskins,1,39,26,1,2,307,23.0,QB,0,0,0,0,0,4,0,6,1,2017
5,5,0,0,Philip Rivers,Broncos,0,33,22,1,3,192,23.0,QB,0,0,0,0,0,0,0,0,1,2017
6,6,0,0,Derek Carr,Titans,0,32,22,0,2,262,22.0,QB,0,0,0,0,0,2,0,2,1,2017
7,7,0,0,Tyrod Taylor,Bills,0,28,16,1,2,224,21.0,QB,0,0,0,0,0,8,0,38,1,2017
8,8,0,0,Ben Roethlisberger,Browns,0,36,24,1,2,263,20.0,QB,0,0,0,0,0,3,0,-8,1,2017
9,9,0,0,Matt Ryan,Bears,0,30,21,0,1,321,19.0,QB,0,0,0,0,0,3,0,11,1,2017
10,10,0,0,DeShone Kizer,Browns,0,30,20,1,1,222,19.0,QB,0,0,0,0,0,5,1,17,1,2017
11,11,0,0,Aaron Rodgers,Packers,0,42,28,1,1,311,18.0,QB,0,0,0,0,0,7,0,21,1,2017
12,12,0,0,Dak Prescott,Cowboys,0,39,24,0,1,268,18.0,QB,0,0,0,0,0,3,0,24,1,2017
13,13,0,0,Marcus Mariota,Titans,0,41,25,0,0,256,18.0,QB,0,0,0,0,0,3,1,26,1,2017
14,14,0,0,Jared Goff,Rams,0,29,21,0,1,306,18.0,QB,0,0,0,0,0,1,0,2,1,2017
15,15,0,0,Drew Brees,Vikings,0,37,27,0,1,291,17.0,QB,0,0,0,0,0,0,0,0,1,2017
16,16,0,0,Cam Newton,49ers,0,25,14,1,2,171,16.0,QB,0,0,0,0,0,6,0,3,1,2017
17,17,0,0,Mike Glennon,Bears,0,40,26,0,1,213,14.0,QB,0,0,0,0,0,0,0,0,1,2017
18,18,0,2,Kirk Cousins,Redskins,0,40,23,1,1,240,14.0,QB,0,0,0,0,0,4,0,30,1,2017
19,19,0,0,Blake Bortles,Texans,0,21,11,0,1,125,12.0,QB,0,0,0,0,0,3,0,13,1,2017
20,20,0,0,Carson Palmer,Lions,0,48,27,3,1,268,10.0,QB,0,0,0,0,0,1,0,2,1,2017
21,21,0,0,Tom Brady,Patriots,0,36,16,0,0,267,10.0,QB,0,0,0,0,0,2,0,0,1,2017
22,22,0,1,Russell Wilson,Packers,0,27,14,0,0,158,9.0,QB,0,0,0,0,0,2,0,40,1,2017
23,23,0,0,Josh McCown,Bills,0,39,26,2,0,187,9.0,QB,0,0,0,0,0,2,1,0,1,2017
24,24,0,1,Deshaun Watson,Texans,0,23,12,1,1,102,8.0,QB,0,0,0,0,0,2,0,16,1,2017
25,25,0,0,Joe Flacco,Bengals,0,17,9,1,1,121,8.0,QB,0,0,0,0,0,0,0,0,1,2017
26,26,0,0,Eli Manning,Cowboys,0,38,29,1,0,220,6.0,QB,0,0,0,0,0,1,0,-1,1,2017
27,27,0,1,Brian Hoyer,49ers,0,35,24,1,0,193,4.0,QB,0,0,0,0,0,1,0,-5,1,2017
28,28,0,0,Jacoby Brissett,Rams,0,3,2,0,0,51,2.0,QB,0,0,0,0,0,0,0,0,1,2017
29,29,0,0,Scott Tolzien,Rams,0,18,9,2,0,128,1.0,QB,0,0,0,0,0,2,0,2,1,2017
30,30,0,2,Tom Savage,Texans,0,13,7,0,0,62,0.0,QB,0,0,0,0,0,0,0,0,1,2017
31,31,0,0,Sean Mannion,Rams,0,1,1,0,0,12,0.0,QB,0,0,0,0,0,3,0,-7,1,2017
32,32,0,1,Andy Dalton,Bengals,0,31,16,4,0,170,-3.0,QB,0,0,0,0,0,1,0,2,1,2017
33,33,0,0,Tom Brady,Saints,0,39,30,0,3,447,35.0,QB,0,0,0,0,0,2,0,9,2,2017
34,34,0,1,Trevor Siemian,Broncos,0,32,22,1,4,231,31.0,QB,0,0,0,0,0,5,0,14,2,2017
35,35,0,0,Carson Wentz,Chiefs,0,46,25,1,2,333,28.0,QB,0,0,0,0,0,4,0,55,2,2017
36,36,0,0,Derek Carr,Raiders,0,28,23,0,3,230,27.0,QB,0,0,0,0,0,0,0,0,2,2017
37,37,0,0,Drew Brees,Saints,0,45,27,0,2,356,26.0,QB,0,0,0,0,0,0,0,0,2,2017
38,38,0,1,Aaron Rodgers,Falcons,0,50,33,1,2,343,22.0,QB,0,0,0,0,0,2,0,8,2,2017
39,39,0,0,Ben Roethlisberger,Steelers,0,35,23,0,2,243,21.0,QB,0,0,0,0,0,2,0,-2,2,2017
40,40,0,1,Josh McCown,Raiders,0,24,16,0,2,166,20.0,QB,0,0,0,0,0,4,0,31,2,2017
41,41,0,0,Philip Rivers,Chargers,0,39,31,0,1,331,19.0,QB,0,0,0,0,0,1,0,0,2,2017
42,42,0,0,Dak Prescott,Broncos,0,50,30,2,2,238,19.0,QB,0,0,0,0,0,3,0,24,2,2017
43,43,0,0,Alex Smith,Chiefs,0,28,21,0,1,251,18.0,QB,0,0,0,0,0,4,0,21,2,2017
44,44,0,0,Joe Flacco,Ravens,0,34,25,1,2,217,18.0,QB,0,0,0,0,0,1,0,-1,2,2017
45,45,0,0,Deshaun Watson,Bengals,0,24,15,0,0,125,17.0,QB,0,0,0,0,0,5,1,67,2,2017
46,46,0,1,Matthew Stafford,Giants,0,21,15,0,2,122,17.0,QB,0,0,0,0,0,3,0,23,2,2017
47,47,0,0,Carson Palmer,Colts,0,36,19,1,1,332,17.0,QB,0,0,0,0,0,3,0,6,2,2017
48,48,0,0,Russell Wilson,Steelers,0,39,23,0,1,198,16.0,QB,0,0,0,0,0,12,0,34,2,2017
49,49,0,0,Matt Ryan,Falcons,0,28,19,0,1,252,16.0,QB,0,0,0,0,0,1,0,8,2,2017
50,50,0,0,Jay Cutler,Chargers,0,33,24,0,1,230,15.0,QB,0,0,0,0,0,2,0,-1,2,2017
51,51,0,0,Jameis Winston,Buccaneers,0,30,18,0,1,204,14.0,QB,0,0,0,0,0,1,0,3,2,2017
52,52,0,0,Marcus Mariota,Jaguars,0,27,15,1,1,215,14.0,QB,0,0,0,0,0,6,0,24,2,2017
53,53,0,0,Eli Manning,Giants,0,32,22,1,1,239,13.0,QB,0,0,0,0,0,0,0,0,2,2017
54,54,0,1,Mike Glennon,Buccaneers,0,45,31,2,1,301,13.0,QB,0,0,0,0,0,0,0,0,2,2017
55,55,0,0,Kirk Cousins,Rams,0,27,18,0,1,179,13.0,QB,0,0,0,0,0,3,0,7,2,2017
56,56,0,0,Jared Goff,Rams,0,24,14,1,1,219,12.0,QB,0,0,0,0,0,3,0,1,2,2017
57,57,0,0,Cam Newton,Panthers,0,32,20,0,0,228,11.0,QB,0,0,0,0,0,5,0,27,2,2017
58,58,0,1,Blake Bortles,Jaguars,0,34,20,2,1,223,11.0,QB,0,0,0,0,0,4,0,29,2,2017
59,59,0,0,Tyrod Taylor,Panthers,0,25,17,0,0,125,10.0,QB,0,0,0,0,0,8,0,55,2,2017
60,60,0,0,Kevin Hogan,Ravens,0,11,5,1,1,118,8.0,QB,0,0,0,0,0,1,0,5,2,2017
61,61,0,0,Andy Dalton,Bengals,0,35,20,0,0,224,8.0,QB,0,0,0,0,0,2,0,5,2,2017
62,62,0,0,Jacoby Brissett,Colts,0,37,20,1,0,216,8.0,QB,0,0,0,0,0,6,0,22,2,2017
63,63,0,0,Case Keenum,Steelers,0,37,20,0,0,167,6.0,QB,0,0,0,0,0,0,0,0,2,2017
64,64,0,1,DeShone Kizer,Ravens,0,31,15,3,0,182,2.0,QB,0,0,0,0,0,5,0,26,2,2017
65,65,0,0,Brian Hoyer,Steelers,0,27,15,1,0,99,1.0,QB,0,0,0,0,0,0,0,0,2,2017
66,66,0,0,Ryan Fitzpatrick,Buccaneers,0,1,0,0,0,0,0.0,QB,0,0,0,0,0,2,0,-2,2,2017
67,67,0,1,Tom Brady,Patriots,1,35,25,0,5,378,46.0,QB,0,0,0,0,0,1,0,6,3,2017
68,68,0,0,Russell Wilson,Titans,0,49,29,0,4,373,40.0,QB,0,0,0,0,0,7,0,26,3,2017
69,69,0,0,Blake Bortles,Jaguars,0,31,20,0,4,244,34.0,QB,0,0,0,0,0,3,0,18,3,2017
70,70,0,0,Case Keenum,Vikings,0,33,25,0,3,369,33.0,QB,0,0,0,0,0,6,0,18,3,2017
71,71,0,0,Kirk Cousins,Redskins,0,30,25,0,3,365,32.0,QB,0,0,0,0,0,1,0,2,3,2017
72,72,0,0,Aaron Rodgers,Packers,0,42,28,1,3,313,30.0,QB,0,0,0,0,0,4,0,23,3,2017
73,73,0,0,Brian Hoyer,49ers,0,37,23,1,2,332,29.0,QB,0,0,0,0,0,1,1,9,3,2017
74,74,0,0,Jared Goff,49ers,0,28,22,0,3,292,29.0,QB,0,0,0,0,0,1,0,-1,3,2017
75,75,0,0,Jacoby Brissett,Colts,0,24,17,0,1,259,29.0,QB,0,0,0,0,0,5,2,14,3,2017
76,76,0,0,Eli Manning,Eagles,0,47,35,2,3,366,28.0,QB,0,0,0,0,0,0,0,0,3,2017
77,77,0,0,Dak Prescott,Cardinals,0,18,13,0,2,183,26.0,QB,0,0,0,0,0,3,1,16,3,2017
78,78,0,0,Drew Brees,Panthers,0,29,22,0,3,220,26.0,QB,0,0,0,0,0,0,0,0,3,2017
79,79,0,0,Carson Palmer,Cardinals,0,48,29,0,2,325,25.0,QB,0,0,0,0,0,3,0,7,3,2017
80,80,0,0,DeShone Kizer,Colts,0,47,22,3,2,242,25.0,QB,0,0,0,0,0,7,1,44,3,2017
81,81,0,0,Deshaun Watson,Patriots,0,33,22,2,2,301,24.0,QB,0,0,0,0,0,8,0,41,3,2017
82,82,0,0,Marcus Mariota,Titans,0,32,20,0,2,225,23.0,QB,0,0,0,0,0,7,0,27,3,2017
83,83,0,0,Tyrod Taylor,Bills,0,26,20,0,2,213,21.0,QB,0,0,0,0,0,8,0,13,3,2017
84,84,0,0,Andy Dalton,Packers,0,27,21,0,2,212,20.0,QB,0,0,0,0,0,2,0,-2,3,2017
85,85,0,0,Jameis Winston,Vikings,0,40,28,3,2,328,19.0,QB,0,0,0,0,0,1,0,4,3,2017
86,86,0,0,Alex Smith,Chargers,0,21,16,0,2,155,18.0,QB,0,0,0,0,0,2,0,9,3,2017
87,87,0,0,Matthew Stafford,Lions,0,45,25,0,1,264,17.0,QB,0,0,0,0,0,2,0,19,3,2017
88,88,0,0,Matt Ryan,Lions,0,35,24,3,2,294,17.0,QB,0,0,0,0,0,1,0,-1,3,2017
89,89,0,0,Carson Wentz,Eagles,0,31,21,0,1,176,15.0,QB,0,0,0,0,0,6,0,22,3,2017
90,90,0,0,Josh McCown,Jets,0,23,18,0,1,249,15.0,QB,0,0,0,0,0,4,0,7,3,2017
91,91,0,1,Ben Roethlisberger,Bears,0,39,22,0,1,235,14.0,QB,0,0,0,0,0,1,0,6,3,2017
92,92,0,0,Jay Cutler,Jets,0,44,26,1,1,220,12.0,QB,0,0,0,0,0,1,0,9,3,2017
93,93,0,0,Mike Glennon,Bears,0,22,15,1,1,101,8.0,QB,0,0,0,0,0,3,0,4,3,2017
94,94,0,0,Trevor Siemian,Bills,0,40,24,2,0,259,7.0,QB,0,0,0,0,0,3,0,12,3,2017
95,95,0,0,Cam Newton,Panthers,0,26,17,3,0,167,7.0,QB,0,0,0,0,0,3,1,16,3,2017
96,96,0,0,Ryan Mallett,Jaguars,0,9,6,0,1,36,7.0,QB,0,0,0,0,0,0,0,0,3,2017
97,97,0,0,Derek Carr,Redskins,0,31,19,2,1,118,6.0,QB,0,0,0,0,0,2,0,5,3,2017
98,98,0,0,Philip Rivers,Chargers,0,40,20,3,0,237,3.0,QB,0,0,0,0,0,0,0,0,3,2017
99,99,0,0,Chad Henne,Jaguars,0,2,0,0,0,0,0.0,QB,0,0,0,0,0,3,0,-3,3,2017
100,100,0,0,Derek Anderson,Panthers,0,7,2,0,0,17,0.0,QB,0,0,0,0,0,0,0,0,3,2017
101,101,0,0,Joe Flacco,Jaguars,0,18,8,2,0,28,-3.0,QB,0,0,0,0,0,0,0,0,3,2017
102,102,0,0,Deshaun Watson,Texans,0,34,25,1,4,283,41.0,QB,0,0,0,0,0,4,1,24,4,2017
103,103,0,0,Cam Newton,Patriots,0,29,22,1,3,316,38.0,QB,0,0,0,0,0,8,1,44,4,2017
104,104,0,1,Andy Dalton,Browns,0,30,25,0,4,286,36.0,QB,0,0,0,0,0,4,0,29,4,2017
105,105,0,0,Jameis Winston,Buccaneers,0,38,22,0,3,332,32.0,QB,0,0,0,0,0,4,0,12,4,2017
106,106,0,0,Aaron Rodgers,Packers,0,26,18,0,4,179,31.0,QB,0,0,0,0,0,1,0,-1,4,2017
107,107,0,0,Eli Manning,Buccaneers,0,49,30,0,2,288,31.0,QB,0,0,0,0,0,3,1,22,4,2017
108,108,0,0,Russell Wilson,Steelers,1,26,21,2,2,295,30.0,QB,0,0,0,0,0,4,1,38,4,2017
109,109,0,0,Alex Smith,Chiefs,0,37,27,0,1,293,28.0,QB,0,0,0,0,0,7,1,56,4,2017
110,110,0,0,Dak Prescott,Cowboys,0,36,20,1,3,252,28.0,QB,0,0,0,0,0,3,0,25,4,2017
111,111,0,1,Philip Rivers,Chargers,0,38,22,0,2,347,24.0,QB,0,0,0,0,0,0,0,0,4,2017
112,112,0,0,Tom Brady,Patriots,0,45,32,0,2,307,24.0,QB,0,0,0,0,0,1,0,2,4,2017
113,113,0,0,Kirk Cousins,Chiefs,0,24,14,0,2,220,23.0,QB,0,0,0,0,0,7,0,38,4,2017
114,114,0,0,Jared Goff,Cowboys,0,36,21,0,2,255,22.0,QB,0,0,0,0,0,1,0,-1,4,2017
115,115,0,0,Drew Brees,Dolphins,0,41,29,0,2,268,22.0,QB,0,0,0,0,0,4,0,3,4,2017
116,116,0,0,Carson Palmer,Cardinals,0,51,33,1,1,357,18.0,QB,0,0,0,0,0,2,0,1,4,2017
117,117,0,0,Carson Wentz,Chargers,0,31,17,0,1,242,16.0,QB,0,0,0,0,0,6,0,14,4,2017
118,118,0,0,Tyrod Taylor,Falcons,0,20,12,0,1,182,14.0,QB,0,0,0,0,0,7,0,12,4,2017
119,119,0,0,Marcus Mariota,Texans,0,10,6,2,0,96,14.0,QB,0,0,0,0,0,4,2,39,4,2017
120,120,0,0,Trevor Siemian,Broncos,0,26,16,0,1,179,13.0,QB,0,0,0,0,0,4,0,1,4,2017
121,121,0,0,Ben Roethlisberger,Ravens,0,30,18,1,1,216,12.0,QB,0,0,0,0,0,1,0,-1,4,2017
122,122,0,1,Jacoby Brissett,Steelers,0,29,16,1,1,157,12.0,QB,0,0,0,0,0,3,0,33,4,2017
123,123,0,0,Blake Bortles,Jets,0,35,15,1,1,140,12.0,QB,0,0,0,0,0,4,0,38,4,2017
124,124,0,0,Joe Flacco,Ravens,0,49,31,2,1,235,11.0,QB,0,0,0,0,0,0,0,0,4,2017
125,125,0,0,Derek Carr,Broncos,0,18,10,0,1,143,11.0,QB,0,0,0,0,0,0,0,0,4,2017
126,126,0,0,Matthew Stafford,Vikings,1,31,19,0,0,209,10.0,QB,0,0,0,0,0,3,0,-3,4,2017
127,127,0,1,Matt Ryan,Falcons,0,42,24,2,1,242,10.0,QB,0,0,0,0,0,1,0,8,4,2017
128,128,0,0,Case Keenum,Vikings,0,30,16,0,0,219,8.0,QB,0,0,0,0,0,0,0,0,4,2017
129,129,0,2,Mike Glennon,Packers,0,33,21,2,1,218,8.0,QB,0,0,0,0,0,1,0,0,4,2017
130,130,0,0,Brian Hoyer,Cardinals,0,49,24,1,0,234,7.0,QB,0,0,0,0,0,1,0,3,4,2017
131,131,0,1,Josh McCown,Jets,0,31,22,1,0,224,5.0,QB,0,0,0,0,0,1,0,0,4,2017
132,132,0,0,Jay Cutler,Dolphins,0,28,20,1,0,164,4.0,QB,0,0,0,0,0,1,0,5,4,2017
133,133,0,0,DeShone Kizer,Browns,0,34,16,1,0,118,3.0,QB,0,0,0,0,0,5,0,10,4,2017
134,134,0,0,E.J. Manuel,Broncos,0,17,11,1,0,106,2.0,QB,0,0,0,0,0,0,0,0,4,2017
135,135,0,0,Kevin Hogan,Browns,0,8,5,0,0,65,2.0,QB,0,0,0,0,0,0,0,0,4,2017
136,136,0,0,Brett Hundley,Packers,0,1,1,0,0,0,0.0,QB,0,0,0,0,0,0,0,0,4,2017
137,137,0,1,Matt Cassel,Texans,0,10,4,2,0,21,-5.0,QB,0,0,0,0,0,0,0,0,4,2017
138,138,0,0,Deshaun Watson,Texans,0,31,16,0,5,261,45.0,QB,0,0,0,0,1,3,0,31,5,2017
139,139,0,0,Carson Wentz,Eagles,0,30,21,1,4,304,35.0,QB,0,0,0,0,0,6,0,11,5,2017
140,140,0,0,Dak Prescott,Cowboys,0,36,25,1,3,251,35.0,QB,0,0,0,0,0,4,1,37,5,2017
141,141,0,0,Cam Newton,Lions,0,33,26,0,3,355,32.0,QB,0,0,0,0,0,7,0,0,5,2017
142,142,0,0,Alex Smith,Texans,0,37,29,0,3,324,31.0,QB,0,0,0,0,0,5,0,19,5,2017
143,143,0,0,Aaron Rodgers,Cowboys,0,29,19,0,3,221,29.0,QB,0,0,0,0,0,4,0,32,5,2017
144,144,0,0,Philip Rivers,Giants,0,44,21,1,3,258,26.0,QB,0,0,0,0,0,4,0,5,5,2017
145,145,0,0,Brian Hoyer,Colts,0,46,29,0,2,353,26.0,QB,0,0,0,0,0,2,0,0,5,2017
146,146,0,0,Jameis Winston,Buccaneers,0,46,26,0,1,334,20.0,QB,0,0,0,0,0,3,0,11,5,2017
147,147,0,1,Matthew Stafford,Lions,0,35,23,0,2,229,20.0,QB,0,0,0,0,0,0,0,0,5,2017
148,148,0,0,Kevin Hogan,Browns,0,19,16,1,2,194,20.0,QB,0,0,0,0,0,4,0,30,5,2017
149,149,0,1,Eli Manning,Giants,0,36,21,1,2,225,18.0,QB,0,0,0,0,0,0,0,0,5,2017
150,150,0,0,Carson Palmer,Eagles,0,44,28,0,1,291,17.0,QB,0,0,0,0,0,0,0,0,5,2017
151,151,0,0,Josh McCown,Browns,0,30,23,1,2,194,17.0,QB,0,0,0,0,0,3,0,-3,5,2017
152,152,0,0,Jacoby Brissett,Colts,0,34,22,1,0,314,17.0,QB,0,0,0,0,0,8,1,14,5,2017
153,153,0,0,Andy Dalton,Bengals,0,36,22,2,1,328,15.0,QB,0,0,0,0,0,5,0,2,5,2017
154,154,0,1,Tom Brady,Buccaneers,0,40,30,1,1,303,15.0,QB,0,0,0,0,0,2,0,5,5,2017
155,155,0,0,E.J. Manuel,Raiders,0,26,13,0,1,159,13.0,QB,0,0,0,0,0,2,0,15,5,2017
156,156,0,0,Case Keenum,Bears,0,21,17,0,1,140,13.0,QB,0,0,0,0,0,1,0,22,5,2017
157,157,0,0,Russell Wilson,Rams,0,37,24,1,1,198,12.0,QB,0,0,0,0,0,5,0,16,5,2017
158,158,0,1,Mitchell Trubisky,Bears,0,25,12,1,1,128,12.0,QB,0,0,0,0,1,3,0,22,5,2017
159,159,0,0,Tyrod Taylor,Bengals,0,37,20,1,1,166,10.0,QB,0,0,0,0,0,1,0,3,5,2017
160,160,0,1,Matt Cassel,Dolphins,0,32,21,0,1,141,10.0,QB,0,0,0,0,0,0,0,0,5,2017
161,161,0,1,Jared Goff,Rams,0,47,22,2,0,288,8.0,QB,0,0,0,0,0,1,0,22,5,2017
162,162,0,0,Joe Flacco,Raiders,0,26,19,0,0,222,8.0,QB,0,0,0,0,0,3,0,-4,5,2017
163,163,0,0,Jay Cutler,Dolphins,0,26,12,1,1,92,7.0,QB,0,0,0,0,0,2,0,8,5,2017
164,164,0,0,Ben Roethlisberger,Steelers,0,55,33,5,0,312,2.0,QB,0,0,0,0,0,1,0,1,5,2017
165,165,0,1,DeShone Kizer,Browns,0,17,8,1,0,87,2.0,QB,0,0,0,0,0,6,0,29,5,2017
166,166,0,0,Sam Bradford,Bears,0,11,5,0,0,36,1.0,QB,0,0,0,0,0,0,0,0,5,2017
167,167,0,0,Blake Bortles,Steelers,0,14,8,1,0,95,1.0,QB,0,0,0,0,0,1,0,9,5,2017
168,168,0,0,Kirk Cousins,Redskins,0,37,25,1,2,330,31.0,QB,0,0,0,0,0,4,1,26,6,2017
169,169,0,0,Deshaun Watson,Texans,1,29,17,1,3,225,29.0,QB,0,0,0,0,0,6,0,23,6,2017
170,170,0,1,Carson Wentz,Panthers,0,30,16,0,3,222,27.0,QB,0,0,0,0,0,6,0,25,6,2017
171,171,0,0,Carson Palmer,Cardinals,0,22,18,1,3,283,27.0,QB,0,0,0,0,0,5,0,-4,6,2017
172,172,0,0,Ryan Fitzpatrick,Cardinals,0,32,22,2,3,290,26.0,QB,0,0,0,0,0,2,0,12,6,2017
173,173,0,0,Josh McCown,Jets,0,47,31,2,2,354,24.0,QB,0,0,0,0,0,3,0,21,6,2017
174,174,0,2,Matthew Stafford,Saints,0,52,25,3,3,312,22.0,QB,0,0,0,0,0,2,0,4,6,2017
175,175,0,0,Cam Newton,Panthers,0,52,28,3,1,239,22.0,QB,0,0,0,0,0,11,1,71,6,2017
176,176,0,0,Tom Brady,Jets,0,38,20,1,2,257,20.0,QB,0,0,0,0,0,1,0,-1,6,2017
177,177,0,0,Trevor Siemian,Broncos,0,50,29,2,1,376,17.0,QB,0,0,0,0,0,1,0,9,6,2017
178,178,0,0,Alex Smith,Chiefs,0,34,19,0,1,246,16.0,QB,0,0,0,0,0,4,0,13,6,2017
179,179,0,0,Philip Rivers,Raiders,0,36,25,0,1,268,16.0,QB,0,0,0,0,0,2,0,-4,6,2017
180,180,0,0,Marcus Mariota,Titans,0,32,23,1,1,306,16.0,QB,0,0,0,0,0,2,0,0,6,2017
181,181,0,0,Jay Cutler,Falcons,0,33,19,1,2,151,16.0,QB,0,0,0,0,0,1,0,-1,6,2017
182,182,0,0,Jacoby Brissett,Titans,0,37,21,0,1,212,15.0,QB,0,0,0,0,0,4,0,15,6,2017
183,183,0,0,Drew Brees,Saints,0,30,20,2,2,186,15.0,QB,0,0,0,0,0,1,0,1,6,2017
184,184,0,0,Ben Roethlisberger,Chiefs,0,25,17,1,1,252,14.0,QB,0,0,0,0,0,2,0,-2,6,2017
185,185,0,0,Case Keenum,Vikings,0,38,24,1,1,239,14.0,QB,0,0,0,0,0,2,0,15,6,2017
186,186,0,0,Blake Bortles,Jaguars,0,35,23,1,1,241,14.0,QB,0,0,0,0,0,2,0,19,6,2017
187,187,0,0,C.J. Beathard,Redskins,0,36,19,1,1,245,14.0,QB,0,0,0,0,0,1,0,14,6,2017
188,188,0,0,Matt Ryan,Falcons,0,35,24,1,1,248,13.0,QB,0,0,0,0,0,0,0,0,6,2017
189,189,0,1,Mitchell Trubisky,Ravens,0,16,8,0,1,113,12.0,QB,0,0,0,0,0,4,0,32,6,2017
190,190,0,0,Eli Manning,Broncos,0,19,11,0,1,128,11.0,QB,0,0,0,0,0,1,0,0,6,2017
191,191,0,0,Jared Goff,Jaguars,0,21,11,0,1,124,10.0,QB,0,0,0,0,0,4,0,9,6,2017
192,192,0,0,Kevin Hogan,Texans,0,37,20,3,1,140,8.0,QB,0,0,0,0,0,5,0,36,6,2017
193,193,0,0,Derek Carr,Raiders,0,30,21,2,1,171,8.0,QB,0,0,0,0,0,1,0,0,6,2017
194,194,0,0,Brett Hundley,Vikings,0,33,18,3,1,157,6.0,QB,0,0,0,0,0,1,0,3,6,2017
195,195,0,0,Joe Flacco,Ravens,1,41,24,2,0,180,5.0,QB,0,0,0,0,0,1,0,2,6,2017
196,196,0,0,Jameis Winston,Cardinals,0,10,5,0,0,61,2.0,QB,0,0,0,0,0,0,0,0,6,2017
197,197,0,0,Brian Hoyer,Redskins,0,11,4,0,0,34,1.0,QB,0,0,0,0,0,0,0,0,6,2017
198,198,0,0,Aaron Rodgers,Vikings,0,4,2,0,0,18,0.0,QB,0,0,0,0,0,0,0,0,6,2017
199,199,0,0,Brock Osweiler,Broncos,0,4,2,0,0,18,0.0,QB,0,0,0,0,0,1,0,-1,6,2017
200,200,0,0,Carson Wentz,Eagles,0,25,17,1,4,268,38.0,QB,0,0,0,0,0,8,0,63,7,2017
201,201,0,0,Dak Prescott,49ers,0,25,16,0,3,234,35.0,QB,0,0,0,0,0,4,1,26,7,2017
202,202,0,0,Derek Carr,Raiders,0,52,29,0,3,417,35.0,QB,0,0,0,0,0,1,0,15,7,2017
203,203,0,0,Russell Wilson,Giants,0,39,27,0,3,334,32.0,QB,0,0,0,0,0,2,0,10,7,2017
204,204,0,0,Alex Smith,Raiders,0,36,25,0,3,342,31.0,QB,0,0,0,0,0,1,0,0,7,2017
205,205,0,1,Jameis Winston,Bills,0,44,32,1,3,384,30.0,QB,0,0,0,0,0,1,0,0,7,2017
206,206,0,0,Josh McCown,Dolphins,0,27,17,1,3,209,30.0,QB,0,0,0,0,0,3,1,1,7,2017
207,207,0,0,Kirk Cousins,Eagles,0,40,30,1,3,303,29.0,QB,0,0,0,0,0,3,0,18,7,2017
208,208,0,0,Tyrod Taylor,Bills,0,33,20,0,1,268,21.0,QB,0,0,0,0,0,6,0,53,7,2017
209,209,0,0,Drew Brees,Packers,0,38,27,2,1,331,21.0,QB,0,0,0,0,0,5,1,-1,7,2017
210,210,0,0,Tom Brady,Patriots,0,29,21,0,2,249,21.0,QB,0,0,0,0,0,5,0,5,7,2017
211,211,0,0,Ben Roethlisberger,Steelers,0,24,14,0,2,224,20.0,QB,0,0,0,0,0,3,0,-3,7,2017
212,212,0,0,Jared Goff,Rams,0,37,22,1,1,235,20.0,QB,0,0,0,0,0,2,1,13,7,2017
213,213,0,0,Philip Rivers,Chargers,0,26,15,0,2,183,19.0,QB,0,0,0,0,0,0,0,0,7,2017
214,214,0,1,Blake Bortles,Colts,0,26,18,0,1,330,19.0,QB,0,0,0,0,0,4,0,11,7,2017
215,215,0,0,Matt Ryan,Patriots,0,33,23,0,1,233,18.0,QB,0,0,0,0,0,3,0,37,7,2017
216,216,0,0,Matt Moore,Dolphins,0,21,13,1,2,188,17.0,QB,0,0,0,0,0,0,0,0,7,2017
217,217,0,2,C.J. Beathard,49ers,0,38,22,0,0,235,16.0,QB,0,0,0,0,0,5,1,30,7,2017
218,218,0,0,Jay Cutler,Dolphins,0,16,12,1,2,138,15.0,QB,0,0,0,0,0,0,0,0,7,2017
219,219,0,0,Joe Flacco,Vikings,0,39,27,0,1,186,13.0,QB,0,0,0,0,0,1,0,0,7,2017
220,220,0,0,Andy Dalton,Steelers,0,30,17,2,2,140,13.0,QB,0,0,0,0,0,3,0,8,7,2017
221,221,0,0,Brett Hundley,Packers,0,25,12,1,0,87,11.0,QB,0,0,0,0,0,3,1,44,7,2017
222,222,0,0,Jacoby Brissett,Colts,0,37,22,0,0,200,11.0,QB,0,0,0,0,0,5,0,31,7,2017
223,223,0,1,Eli Manning,Giants,0,39,19,0,1,134,10.0,QB,0,0,0,0,0,0,0,0,7,2017
224,224,0,1,Cam Newton,Bears,0,34,21,2,0,211,8.0,QB,0,0,0,0,0,9,0,50,7,2017
225,225,0,0,Marcus Mariota,Browns,0,34,21,0,0,203,8.0,QB,0,0,0,0,0,1,0,8,7,2017
226,226,0,1,Trevor Siemian,Chargers,0,35,25,1,0,207,6.0,QB,0,0,0,0,0,2,0,14,7,2017
227,227,0,0,Case Keenum,Vikings,0,31,20,1,0,188,5.0,QB,0,0,0,0,0,1,0,9,7,2017
228,228,0,0,Mitchell Trubisky,Bears,0,7,4,0,0,107,4.0,QB,0,0,0,0,0,5,0,3,7,2017
229,229,0,0,Carson Palmer,Rams,0,18,10,1,0,122,2.0,QB,0,0,0,0,0,0,0,0,7,2017
230,230,0,0,Cody Kessler,Browns,0,19,10,1,0,121,2.0,QB,0,0,0,0,0,1,0,-1,7,2017
231,231,0,0,Cooper Rush,49ers,0,2,1,0,0,2,1.0,QB,0,0,0,0,0,2,0,13,7,2017
232,232,0,0,Drew Stanton,Rams,0,14,5,1,0,66,0.0,QB,0,0,0,0,0,1,0,4,7,2017
233,233,0,0,Sean Mannion,Rams,0,0,0,0,0,0,0.0,QB,0,0,0,0,0,1,0,-1,7,2017
234,234,0,0,DeShone Kizer,Browns,0,20,12,2,0,114,0.0,QB,0,0,0,0,0,0,0,0,7,2017
235,235,0,0,Austin Davis,Giants,0,0,0,0,0,0,0.0,QB,0,0,0,0,0,1,0,-1,7,2017
236,236,0,0,Russell Wilson,Steelers,0,41,26,1,4,452,43.0,QB,0,0,0,0,0,4,0,30,8,2017
237,237,0,0,Deshaun Watson,Steelers,0,30,19,3,4,402,40.0,QB,0,0,0,0,0,8,0,67,8,2017
238,238,0,0,Josh McCown,Jets,0,33,26,0,2,257,22.0,QB,0,0,0,0,0,1,0,0,8,2017
239,239,0,0,Andy Dalton,Bengals,0,29,17,0,2,243,22.0,QB,0,0,0,0,0,3,0,10,8,2017
240,240,0,2,Matt Ryan,Jets,0,29,18,0,2,254,21.0,QB,0,0,0,0,0,6,0,17,8,2017
241,241,0,0,Case Keenum,Browns,0,43,27,1,2,288,21.0,QB,0,0,0,0,0,0,0,0,8,2017
242,242,0,0,Carson Wentz,Eagles,1,32,18,1,2,211,20.0,QB,0,0,0,0,0,2,0,7,8,2017
243,243,0,0,Jacoby Brissett,Bengals,0,39,25,1,2,233,19.0,QB,0,0,0,0,0,1,0,6,8,2017
244,244,0,0,Tom Brady,Patriots,0,47,32,0,1,333,19.0,QB,0,0,0,0,0,1,0,2,8,2017
245,245,0,0,Tyrod Taylor,Bills,0,27,20,0,1,165,18.0,QB,0,0,0,0,0,6,1,1,8,2017
246,246,0,0,Matthew Stafford,Lions,0,45,27,0,0,423,17.0,QB,0,0,0,0,0,1,0,11,8,2017
247,247,0,1,Alex Smith,Chiefs,0,31,14,0,1,202,16.0,QB,0,0,0,0,0,4,0,33,8,2017
248,248,0,0,Ben Roethlisberger,Lions,0,31,17,1,1,317,16.0,QB,0,0,0,0,0,3,0,-2,8,2017
249,249,0,0,Cam Newton,Buccaneers,0,32,18,1,1,154,14.0,QB,0,0,0,0,0,11,0,44,8,2017
250,250,0,0,DeShone Kizer,Browns,0,34,18,0,0,179,14.0,QB,0,0,0,0,0,5,1,18,8,2017
251,251,0,0,Derek Carr,Bills,0,49,31,2,1,313,14.0,QB,0,0,0,0,0,0,0,0,8,2017
252,252,0,1,Kirk Cousins,Redskins,0,39,26,1,1,263,13.0,QB,0,0,0,0,0,1,0,0,8,2017
253,253,0,0,Philip Rivers,Patriots,0,30,17,1,1,212,12.0,QB,0,0,0,0,0,0,0,0,8,2017
254,254,0,0,C.J. Beathard,Eagles,0,36,17,2,1,167,12.0,QB,0,0,0,0,0,6,0,40,8,2017
255,255,0,0,Drew Brees,Saints,0,28,23,0,0,299,11.0,QB,0,0,0,0,0,4,0,-2,8,2017
256,256,0,0,Joe Flacco,Ravens,0,15,10,0,1,101,10.0,QB,0,0,0,0,0,1,0,9,8,2017
257,257,0,0,Mitchell Trubisky,Saints,0,32,14,1,0,164,9.0,QB,0,0,0,0,0,3,0,53,8,2017
258,258,0,0,Trevor Siemian,Chiefs,0,36,19,3,1,198,9.0,QB,0,0,0,0,0,2,0,20,8,2017
259,259,0,0,Dak Prescott,Redskins,0,22,14,0,0,143,6.0,QB,0,0,0,0,0,3,0,16,8,2017
260,260,0,0,Ryan Mallett,Ravens,0,7,3,0,1,20,6.0,QB,0,0,0,0,0,4,0,-3,8,2017
261,261,0,1,Jameis Winston,Buccaneers,0,38,21,2,0,210,4.0,QB,0,0,0,0,0,3,0,13,8,2017
262,262,0,0,Matt Moore,Ravens,0,44,25,2,0,176,3.0,QB,0,0,0,0,0,0,0,0,8,2017
263,263,0,0,Nick Foles,Eagles,0,0,0,0,0,0,0.0,QB,0,0,0,0,0,2,0,-2,8,2017
264,264,0,0,Jared Goff,Giants,0,22,14,0,4,311,36.0,QB,0,0,0,0,0,0,0,0,9,2017
265,265,0,0,Carson Wentz,Eagles,0,27,15,0,4,199,31.0,QB,0,0,0,0,0,2,0,8,9,2017
266,266,0,1,Tyrod Taylor,Jets,0,40,29,0,2,285,31.0,QB,0,0,0,0,0,6,1,35,9,2017
267,267,0,0,Jay Cutler,Dolphins,0,42,34,0,3,311,30.0,QB,0,0,0,0,0,1,0,0,9,2017
268,268,0,0,Dak Prescott,Cowboys,0,33,21,0,2,249,29.0,QB,0,0,0,0,0,3,1,27,9,2017
269,269,0,0,Russell Wilson,Steelers,0,45,24,2,2,297,26.0,QB,0,0,0,0,0,10,0,77,9,2017
270,270,0,0,Matthew Stafford,Packers,0,33,26,0,2,361,26.0,QB,0,0,0,0,0,1,0,0,9,2017
271,271,0,1,Jacoby Brissett,Texans,0,30,20,0,2,308,24.0,QB,0,0,0,0,0,2,0,12,9,2017
272,272,0,0,Matt Ryan,Panthers,0,38,24,1,2,313,22.0,QB,0,0,0,0,0,1,0,-1,9,2017
273,273,0,0,Drew Brees,Saints,0,27,22,0,2,263,22.0,QB,0,0,0,0,0,4,0,2,9,2017
274,274,0,0,Alex Smith,Cowboys,0,34,25,1,2,263,21.0,QB,0,0,0,0,0,5,0,19,9,2017
275,275,0,0,Cam Newton,Panthers,0,24,13,0,0,137,19.0,QB,0,0,0,0,0,9,1,86,9,2017
276,276,0,0,Drew Stanton,49ers,0,30,15,1,2,201,18.0,QB,0,0,0,0,0,4,0,2,9,2017
277,277,0,0,Josh McCown,Jets,0,20,14,0,1,140,18.0,QB,0,0,0,0,0,5,1,13,9,2017
278,278,0,0,Marcus Mariota,Titans,0,28,19,1,2,218,18.0,QB,0,0,0,0,0,3,0,6,9,2017
279,279,0,0,Joe Flacco,Titans,0,52,34,2,2,261,18.0,QB,0,0,0,0,0,1,0,7,9,2017
280,280,0,0,Blake Bortles,Jaguars,0,38,24,0,1,259,18.0,QB,0,0,0,0,0,5,0,20,9,2017
281,281,0,1,Eli Manning,Giants,0,36,20,1,2,220,17.0,QB,0,0,0,0,0,0,0,0,9,2017
282,282,0,0,Brett Hundley,Packers,0,38,26,0,0,245,17.0,QB,0,0,0,0,0,4,1,22,9,2017
283,283,0,0,Derek Carr,Dolphins,0,30,21,1,1,300,16.0,QB,0,0,0,0,0,4,0,-3,9,2017
284,284,0,0,C.J. Beathard,49ers,0,51,24,1,0,294,16.0,QB,0,0,0,0,0,3,1,16,9,2017
285,285,0,1,Tom Savage,Texans,0,44,19,0,1,219,13.0,QB,0,0,0,0,0,0,0,0,9,2017
286,286,0,0,Ryan Fitzpatrick,Saints,0,15,8,0,1,68,11.0,QB,0,0,0,0,0,3,0,30,9,2017
287,287,0,0,Brock Osweiler,Eagles,0,38,19,2,1,208,10.0,QB,0,0,0,0,0,0,0,0,9,2017
288,288,0,1,Kirk Cousins,Steelers,0,31,21,0,0,247,8.0,QB,0,0,0,0,0,3,0,4,9,2017
289,289,0,0,Andy Dalton,Jaguars,0,18,10,0,0,136,5.0,QB,0,0,0,0,0,3,0,-1,9,2017
290,290,0,0,Jameis Winston,Saints,0,13,7,0,0,67,2.0,QB,0,0,0,0,0,2,0,8,9,2017
291,291,0,0,Geno Smith,Giants,0,2,0,0,0,0,0.0,QB,0,0,0,0,0,1,0,-1,9,2017
292,292,0,0,Sean Mannion,Giants,0,0,0,0,0,0,0.0,QB,0,0,0,0,0,1,0,-1,9,2017
293,293,0,1,Nick Foles,Eagles,0,1,1,0,0,35,0.0,QB,0,0,0,0,0,1,0,-1,9,2017
294,294,0,0,Cam Newton,Panthers,0,35,21,0,4,254,43.0,QB,0,0,0,0,0,5,0,95,10,2017
295,295,0,0,Case Keenum,Redskins,0,29,21,2,4,304,32.0,QB,0,0,0,0,0,3,0,-1,10,2017
296,296,0,0,Jared Goff,Rams,0,37,25,0,3,355,32.0,QB,0,0,0,0,0,4,0,3,10,2017
297,297,0,0,Kirk Cousins,Redskins,0,45,26,1,1,327,29.0,QB,0,0,0,0,0,4,2,5,10,2017
298,298,0,0,Tom Brady,Broncos,0,34,25,0,3,266,28.0,QB,0,0,0,0,0,1,0,0,10,2017
299,299,0,0,C.J. Beathard,49ers,0,25,19,1,2,288,28.0,QB,0,0,0,0,0,5,1,15,10,2017
300,300,0,0,Matthew Stafford,Lions,0,26,17,1,3,249,26.0,QB,0,0,0,0,0,4,0,17,10,2017
301,301,0,0,DeShone Kizer,Lions,0,37,21,1,1,232,24.0,QB,0,0,0,0,0,7,1,57,10,2017
302,302,0,0,Russell Wilson,Cardinals,0,32,22,0,2,238,22.0,QB,0,0,0,0,0,5,0,19,10,2017
303,303,0,0,Ben Roethlisberger,Colts,1,31,19,1,2,236,21.0,QB,0,0,0,0,0,2,0,5,10,2017
304,304,0,1,Eli Manning,49ers,0,37,28,0,2,273,21.0,QB,0,0,0,0,0,0,0,0,10,2017
305,305,0,2,Andy Dalton,Titans,0,35,20,0,2,265,20.0,QB,0,0,0,0,0,1,0,0,10,2017
306,306,0,0,Philip Rivers,Jaguars,0,37,21,1,2,235,19.0,QB,0,0,0,0,0,2,0,-1,10,2017
307,307,0,0,Marcus Mariota,Titans,0,44,25,1,1,264,19.0,QB,0,0,0,0,0,6,0,51,10,2017
308,308,0,0,Matt Ryan,Falcons,0,29,22,1,2,215,18.0,QB,0,0,0,0,0,0,0,0,10,2017
309,309,0,0,Jay Cutler,Panthers,0,37,22,1,2,213,18.0,QB,0,0,0,0,0,1,0,-1,10,2017
310,310,0,0,Jacoby Brissett,Colts,0,24,14,1,2,222,18.0,QB,0,0,0,0,0,4,0,7,10,2017
311,311,0,0,Mitchell Trubisky,Bears,0,35,21,0,1,297,17.0,QB,0,0,0,0,0,0,0,0,10,2017
312,312,0,0,Blake Bortles,Jaguars,1,51,28,2,1,273,17.0,QB,0,0,0,0,0,5,0,34,10,2017
313,313,0,0,Drew Stanton,Cardinals,0,47,24,0,1,273,16.0,QB,0,0,0,0,0,1,0,1,10,2017
314,314,0,2,Dak Prescott,Falcons,0,30,20,0,0,176,15.0,QB,0,0,0,0,0,6,1,42,10,2017
315,315,0,0,Brett Hundley,Bears,0,25,18,0,1,212,15.0,QB,0,0,0,0,0,2,0,16,10,2017
316,316,0,0,Josh McCown,Buccaneers,0,39,23,1,1,262,14.0,QB,0,0,0,0,0,0,0,0,10,2017
317,317,0,0,Drew Brees,Bills,0,25,18,0,0,184,13.0,QB,0,0,0,0,0,2,1,6,10,2017
318,318,0,0,Brock Osweiler,Broncos,0,33,18,1,1,221,12.0,QB,0,0,0,0,0,1,0,-1,10,2017
319,319,0,0,Ryan Fitzpatrick,Buccaneers,0,34,17,1,1,187,11.0,QB,0,0,0,0,0,3,0,9,10,2017
320,320,0,0,Nathan Peterman,Bills,0,10,7,0,1,79,9.0,QB,0,0,0,0,0,0,0,0,10,2017
321,321,0,2,Tom Savage,Rams,0,36,18,2,1,221,8.0,QB,0,0,0,0,0,2,0,0,10,2017
322,322,0,0,Tyrod Taylor,Bills,0,18,9,1,0,56,2.0,QB,0,0,0,0,0,3,0,27,10,2017
323,323,0,0,Brian Hoyer,Broncos,0,3,3,0,0,37,1.0,QB,0,0,0,0,0,0,0,0,10,2017
324,324,0,0,Cody Kessler,Lions,0,3,1,0,0,5,0.0,QB,0,0,0,0,0,0,0,0,10,2017
325,325,0,0,Chase Daniel,Bills,0,0,0,0,0,0,0.0,QB,0,0,0,0,0,3,0,-2,10,2017
326,326,0,0,Derek Anderson,Panthers,0,0,0,0,0,0,0.0,QB,0,0,0,0,0,2,0,-2,10,2017
327,327,0,0,Ben Roethlisberger,Steelers,0,45,30,0,4,299,36.0,QB,0,0,0,0,0,1,0,10,11,2017
328,328,0,1,Russell Wilson,Steelers,1,42,26,1,2,258,35.0,QB,0,0,0,0,0,7,1,86,11,2017
329,329,0,0,Kirk Cousins,Saints,0,32,22,0,3,322,31.0,QB,0,0,0,0,0,3,0,11,11,2017
330,330,0,0,Tom Brady,Raiders,0,37,30,0,3,340,31.0,QB,0,0,0,0,0,0,0,0,11,2017
331,331,0,0,Blaine Gabbert,Texans,0,34,22,2,3,257,25.0,QB,0,0,0,0,0,3,0,13,11,2017
332,332,0,0,Drew Brees,Saints,0,41,29,1,2,385,25.0,QB,0,0,0,0,0,1,0,2,11,2017
333,333,0,0,Andy Dalton,Broncos,0,25,15,0,3,154,24.0,QB,0,0,0,0,0,3,0,4,11,2017
334,334,0,0,Carson Wentz,Cowboys,2,27,14,0,2,168,23.0,QB,0,0,0,0,0,6,0,13,11,2017
335,335,0,0,Ryan Fitzpatrick,Dolphins,0,37,22,0,2,275,23.0,QB,0,0,0,0,0,3,0,9,11,2017
336,336,0,1,Matthew Stafford,Bears,0,31,21,0,2,299,22.0,QB,0,0,0,0,0,3,0,3,11,2017
337,337,0,0,Philip Rivers,Chargers,0,32,20,0,2,251,22.0,QB,0,0,0,0,0,0,0,0,11,2017
338,338,0,1,Tyrod Taylor,Chargers,0,25,15,0,1,158,20.0,QB,0,0,0,0,0,4,1,38,11,2017
339,339,0,0,Matt Ryan,Steelers,0,27,19,0,2,195,20.0,QB,0,0,0,0,0,3,0,12,11,2017
340,340,0,0,Case Keenum,Vikings,0,38,27,0,1,280,19.0,QB,0,0,0,0,0,3,0,20,11,2017
341,341,0,1,Tom Savage,Texans,0,32,22,1,2,230,18.0,QB,0,0,0,0,0,1,0,3,11,2017
342,342,0,1,Mitchell Trubisky,Bears,0,30,18,0,1,179,17.0,QB,0,0,0,0,0,6,0,53,11,2017
343,343,0,0,Matt Moore,Dolphins,0,28,17,0,1,282,17.0,QB,0,0,0,0,0,1,0,0,11,2017
344,344,0,0,Brock Osweiler,Broncos,0,42,23,1,1,254,16.0,QB,0,0,0,0,0,4,0,24,11,2017
345,345,0,0,Marcus Mariota,Steelers,0,33,22,4,1,306,16.0,QB,0,0,0,0,0,5,1,5,11,2017
346,346,0,0,Derek Carr,Raiders,1,49,28,1,1,237,15.0,QB,0,0,0,0,0,0,0,0,11,2017
347,347,0,0,Joe Flacco,Packers,0,28,22,1,1,183,11.0,QB,0,0,0,0,0,2,0,-1,11,2017
348,348,0,1,Blake Bortles,Browns,0,30,17,0,1,154,11.0,QB,0,0,0,0,0,4,0,4,11,2017
349,349,0,2,DeShone Kizer,Browns,0,32,16,2,1,179,9.0,QB,0,0,0,0,0,5,0,22,11,2017
350,350,0,0,Jared Goff,Vikings,0,37,23,0,0,225,9.0,QB,0,0,0,0,0,2,0,8,11,2017
351,351,0,0,Eli Manning,Giants,0,35,19,0,0,205,8.0,QB,0,0,0,0,0,2,0,5,11,2017
352,352,0,0,Alex Smith,Giants,0,40,27,2,0,230,7.0,QB,0,0,0,0,0,5,0,27,11,2017
353,353,0,1,Brett Hundley,Packers,0,36,21,3,0,239,3.0,QB,0,0,0,0,0,3,0,19,11,2017
354,354,0,0,Jay Cutler,Dolphins,0,12,6,3,1,83,3.0,QB,0,0,0,0,0,1,0,1,11,2017
355,355,0,0,Kellen Clemens,Chargers,0,5,5,0,0,33,1.0,QB,0,0,0,0,0,3,0,-3,11,2017
356,356,0,0,Cooper Rush,Cowboys,0,1,0,0,0,0,0.0,QB,0,0,0,0,0,0,0,0,11,2017
357,357,0,0,Landry Jones,Steelers,0,0,0,0,0,0,0.0,QB,0,0,0,0,0,3,0,-3,11,2017
358,358,0,1,Dak Prescott,Cowboys,0,31,18,3,0,145,-1.0,QB,0,0,0,0,0,2,0,10,11,2017
359,359,0,0,Nathan Peterman,Chargers,0,14,6,5,0,66,-8.0,QB,0,0,0,0,0,2,0,4,11,2017
360,360,0,0,Ben Roethlisberger,Steelers,1,45,33,2,4,351,38.0,QB,0,0,0,0,0,3,0,25,12,2017
361,361,0,0,Philip Rivers,Cowboys,0,33,27,0,3,434,35.0,QB,0,0,0,0,0,5,0,-5,12,2017
362,362,0,1,Josh McCown,Jets,0,36,19,0,3,307,31.0,QB,0,0,0,0,0,2,0,28,12,2017
363,363,0,0,Case Keenum,Lions,0,30,21,0,2,282,31.0,QB,0,0,0,0,0,7,1,20,12,2017
364,364,0,1,Tom Brady,Patriots,0,28,18,1,4,227,30.0,QB,0,0,0,0,0,5,0,-4,12,2017
365,365,0,0,Carson Wentz,Eagles,0,36,23,0,3,227,29.0,QB,0,0,0,0,0,5,0,29,12,2017
366,366,0,0,Russell Wilson,49ers,0,34,20,1,2,228,27.0,QB,0,0,0,0,0,7,1,25,12,2017
367,367,0,0,Brett Hundley,Steelers,0,26,17,0,3,245,27.0,QB,0,0,0,0,0,1,0,6,12,2017
368,368,0,0,Jared Goff,Rams,0,43,28,1,2,354,24.0,QB,0,0,0,0,0,3,0,-3,12,2017
369,369,0,0,Andy Dalton,Bengals,0,28,18,0,2,214,22.0,QB,0,0,0,0,0,4,0,26,12,2017
370,370,0,0,Blake Bortles,Cardinals,0,33,19,1,0,160,22.0,QB,0,0,0,0,0,6,2,62,12,2017
371,371,0,1,Blaine Gabbert,Cardinals,1,38,22,1,2,241,21.0,QB,0,0,0,0,0,6,0,17,12,2017
372,372,0,1,Derek Carr,Raiders,0,24,18,0,2,253,21.0,QB,0,0,0,0,0,3,0,-3,12,2017
373,373,0,1,Matthew Stafford,Lions,0,35,20,1,2,250,19.0,QB,0,0,0,0,0,1,0,0,12,2017
374,374,0,0,DeShone Kizer,Bengals,0,31,18,0,0,268,19.0,QB,0,0,0,0,0,9,1,39,12,2017
375,375,0,0,Kirk Cousins,Redskins,0,31,19,1,2,242,19.0,QB,0,0,0,0,0,3,0,4,12,2017
376,376,0,0,Matt Ryan,Falcons,0,35,26,0,1,317,18.0,QB,0,0,0,0,0,1,0,1,12,2017
377,377,0,0,Trevor Siemian,Raiders,0,21,11,0,2,149,17.0,QB,0,0,0,0,0,2,0,9,12,2017
378,378,0,0,Cam Newton,Jets,0,28,11,0,0,168,16.0,QB,0,0,0,0,1,9,1,28,12,2017
379,379,0,0,Tyrod Taylor,Chiefs,0,29,19,0,1,183,15.0,QB,0,0,0,0,0,9,0,27,12,2017
380,380,0,0,Drew Brees,Rams,0,32,22,0,1,246,15.0,QB,0,0,0,0,0,1,0,5,12,2017
381,381,0,0,Alex Smith,Chiefs,0,36,23,1,1,199,14.0,QB,0,0,0,0,0,5,0,35,12,2017
382,382,0,0,Ryan Fitzpatrick,Falcons,0,44,27,0,0,283,13.0,QB,0,0,0,0,0,2,0,20,12,2017
383,383,0,0,Matt Moore,Patriots,0,34,23,2,1,215,10.0,QB,0,0,0,0,0,2,0,9,12,2017
384,384,0,0,Marcus Mariota,Colts,0,25,17,2,1,184,9.0,QB,0,0,0,0,0,3,0,4,12,2017
385,385,0,0,Joe Flacco,Ravens,0,32,20,0,0,141,9.0,QB,0,0,0,0,0,6,0,42,12,2017
386,386,0,0,C.J. Beathard,49ers,0,38,22,1,0,201,8.0,QB,0,0,0,0,0,6,0,21,12,2017
387,387,0,1,Jacoby Brissett,Colts,0,29,17,0,0,196,7.0,QB,0,0,0,0,0,3,0,16,12,2017
388,388,0,0,Jimmy Garoppolo,49ers,0,2,2,0,1,18,6.0,QB,0,0,0,0,0,1,0,4,12,2017
389,389,0,1,Tom Savage,Ravens,0,37,22,2,0,252,5.0,QB,0,0,0,0,0,0,0,0,12,2017
390,390,0,0,Dak Prescott,Cowboys,0,27,20,2,0,179,3.0,QB,0,0,0,0,0,0,0,0,12,2017
391,391,0,0,Mitchell Trubisky,Eagles,0,33,17,2,0,147,2.0,QB,0,0,0,0,0,4,0,12,12,2017
392,392,0,0,Eli Manning,Redskins,0,27,13,1,0,113,2.0,QB,0,0,0,0,0,1,0,-1,12,2017
393,393,0,0,Paxton Lynch,Raiders,0,14,9,1,0,41,0.0,QB,0,0,0,0,0,2,0,17,12,2017
394,394,0,0,Cody Kessler,Bengals,0,1,0,0,0,0,0.0,QB,0,0,0,0,0,0,0,0,12,2017
395,395,0,1,Nick Foles,Eagles,0,3,3,0,0,21,-1.0,QB,0,0,0,0,0,4,0,-3,12,2017
396,396,0,0,Alex Smith,Jets,0,33,19,0,4,366,45.0,QB,0,0,0,0,0,1,0,70,13,2017
397,397,0,0,Josh McCown,Jets,0,36,26,0,1,331,32.0,QB,0,0,0,0,0,7,2,19,13,2017
398,398,0,0,Russell Wilson,Steelers,0,31,20,0,3,227,30.0,QB,0,0,0,0,0,6,0,31,13,2017
399,399,0,0,Blake Bortles,Jaguars,1,35,26,0,2,309,28.0,QB,0,0,0,0,0,3,0,27,13,2017
400,400,0,0,Cam Newton,Saints,0,27,17,0,2,183,24.0,QB,0,0,0,0,0,6,0,51,13,2017
401,401,0,1,Jameis Winston,Packers,0,32,21,0,2,270,22.0,QB,0,0,0,0,0,5,0,18,13,2017
402,402,0,0,Joe Flacco,Ravens,0,36,23,0,2,269,22.0,QB,0,0,0,0,0,1,0,-1,13,2017
403,403,0,0,Andy Dalton,Bengals,0,36,21,0,2,234,22.0,QB,0,0,0,0,0,2,0,19,13,2017
404,404,0,0,Ben Roethlisberger,Bengals,0,40,24,1,2,290,21.0,QB,0,0,0,0,0,1,0,4,13,2017
405,405,0,0,Case Keenum,Falcons,0,30,25,0,2,227,21.0,QB,0,0,0,0,0,4,0,-1,13,2017
406,406,0,0,Marcus Mariota,Titans,0,23,15,0,1,150,20.0,QB,0,0,0,0,0,3,1,23,13,2017
407,407,0,1,Carson Wentz,Steelers,0,45,29,1,1,348,19.0,QB,0,0,0,0,0,6,0,30,13,2017
408,408,0,0,Philip Rivers,Chargers,0,43,31,0,1,344,19.0,QB,0,0,0,0,0,2,0,-2,13,2017
409,409,0,0,Tom Savage,Titans,0,49,31,1,1,365,18.0,QB,0,0,0,0,0,1,0,-1,13,2017
410,410,0,0,Dak Prescott,Cowboys,0,22,11,0,2,102,18.0,QB,0,0,0,0,0,5,0,28,13,2017
411,411,0,0,Jared Goff,Cardinals,0,31,21,1,2,220,18.0,QB,0,0,0,0,0,1,0,2,13,2017
412,412,0,0,Jay Cutler,Dolphins,0,31,18,2,2,235,17.0,QB,0,0,0,0,0,1,0,1,13,2017
413,413,0,1,Kirk Cousins,Cowboys,0,37,26,2,2,251,17.0,QB,0,0,0,0,0,3,0,6,13,2017
414,414,0,0,Derek Carr,Raiders,0,36,22,0,1,287,17.0,QB,0,0,0,0,0,1,0,-1,13,2017
415,415,0,0,Drew Brees,Saints,0,34,25,0,1,269,16.0,QB,0,0,0,0,0,4,0,-3,13,2017
416,416,0,1,DeShone Kizer,Chargers,0,32,15,1,1,215,15.0,QB,0,0,0,0,0,5,0,46,13,2017
417,417,0,1,Matthew Stafford,Ravens,0,29,24,1,1,292,14.0,QB,0,0,0,0,0,3,0,2,13,2017
418,418,0,2,Geno Smith,Raiders,0,34,21,0,1,212,13.0,QB,0,0,0,0,0,3,0,13,13,2017
419,419,0,0,Mitchell Trubisky,Bears,0,15,12,0,1,102,11.0,QB,0,0,0,0,0,4,0,19,13,2017
420,420,0,0,Blaine Gabbert,Cardinals,0,32,18,2,1,221,11.0,QB,0,0,0,0,0,4,0,12,13,2017
421,421,0,0,Jacoby Brissett,Jaguars,0,36,21,2,1,174,11.0,QB,0,0,0,0,0,6,0,36,13,2017
422,422,0,0,Jimmy Garoppolo,Bears,0,37,26,1,0,293,9.0,QB,0,0,0,0,0,4,0,8,13,2017
423,423,0,0,Tom Brady,Bills,0,30,21,1,0,258,8.0,QB,0,0,0,0,0,0,0,0,13,2017
424,424,0,0,Brett Hundley,Packers,0,22,13,1,0,84,7.0,QB,0,0,0,0,0,7,0,66,13,2017
425,425,0,0,Matt Ryan,Falcons,0,29,16,0,0,173,6.0,QB,0,0,0,0,0,1,0,1,13,2017
426,426,0,0,Tyrod Taylor,Bills,0,18,9,1,0,65,3.0,QB,0,0,0,0,0,3,0,32,13,2017
427,427,0,0,Trevor Siemian,Dolphins,0,41,19,3,0,200,3.0,QB,0,0,0,0,0,3,0,16,13,2017
428,428,0,0,Joe Webb,Bills,0,1,0,0,0,0,2.0,QB,0,0,0,0,0,3,0,27,13,2017
429,429,0,0,Nathan Peterman,Bills,0,15,6,0,0,50,2.0,QB,0,0,0,0,0,1,0,9,13,2017
430,430,0,0,Brian Hoyer,Bills,0,0,0,0,0,0,0.0,QB,0,0,0,0,0,2,0,-2,13,2017
431,431,0,0,David Fales,Dolphins,0,1,0,0,0,0,0.0,QB,0,0,0,0,0,0,0,0,13,2017
432,432,0,0,Jake Rudock,Ravens,0,5,3,1,0,24,-2.0,QB,0,0,0,0,0,0,0,0,13,2017
