,Fumble TD,Fumbles Lost,Name,Opponent,Pass 2PT,Pass Attempts,Pass Completions,Pass Interceptions,Pass TD,Pass Yards,Points,Position,Receiving 2PT,Receiving TD,Receiving Yards,Receptions,Rush 2PT,Rush Attempts,Rush TD,Rush Yards,Week,Year
0,0,0,Rob Gronkowski,Pit,0,0,0,0,0,0,27.00,TE,0,3,94,5,0,0,0,0,1,2015
1,0,0,Austin Seferian-Jenkins,Ten,0,0,0,0,0,0,23.00,TE,0,2,110,5,0,0,0,0,1,2015
2,0,0,Travis Kelce,@Hou,0,0,0,0,0,0,22.00,TE,0,2,106,6,0,0,0,0,1,2015
3,0,0,Tyler Eifert,@Oak,0,0,0,0,0,0,22.00,TE,0,2,104,9,0,0,0,0,1,2015
4,0,0,Jason Witten,NYG,0,0,0,0,0,0,18.00,TE,0,2,60,8,0,0,0,0,1,2015
5,0,0,Darren Fells,NO,0,0,0,0,0,0,14.00,TE,0,1,82,4,0,0,0,0,1,2015
6,0,0,Ladarius Green,Det,0,0,0,0,0,0,13.00,TE,0,1,74,5,0,0,0,0,1,2015
7,0,0,Jordan Reed,Mia,0,0,0,0,0,0,12.00,TE,0,1,63,7,0,0,0,0,1,2015
8,0,0,Jimmy Graham,@Stl,0,0,0,0,0,0,11.00,TE,0,1,51,6,0,0,0,0,1,2015
9,0,0,Eric Ebron,@SD,0,0,0,0,0,0,11.00,TE,0,1,53,4,0,0,0,0,1,2015
10,0,0,Martellus Bennett,GB,0,0,0,0,0,0,11.00,TE,0,1,55,5,0,0,0,0,1,2015
11,0,0,Delanie Walker,@TB,0,0,0,0,0,0,10.00,TE,0,1,43,3,0,0,0,0,1,2015
12,0,0,Lance Kendricks,Sea,0,0,0,0,0,0,10.00,TE,0,1,42,2,0,0,0,0,1,2015
13,0,0,Heath Miller,@NE,0,0,0,0,0,0,8.00,TE,0,0,84,8,0,0,0,0,1,2015
14,0,0,Jared Cook,Sea,0,0,0,0,0,0,8.00,TE,0,0,85,5,0,0,0,0,1,2015
15,0,0,Jordan Cameron,@Was,0,0,0,0,0,0,7.00,TE,0,0,73,4,0,0,0,0,1,2015
16,0,0,Dwayne Allen,@Buf,0,0,0,0,0,0,7.00,TE,0,1,17,3,0,0,0,0,1,2015
17,0,0,Gavin Escobar,NYG,0,0,0,0,0,0,6.00,TE,0,1,8,2,0,0,0,0,1,2015
18,0,0,Scott Chandler,Pit,0,0,0,0,0,0,6.00,TE,0,1,1,1,0,0,0,0,1,2015
19,0,0,Kyle Rudolph,@SF,0,0,0,0,0,0,5.00,TE,0,0,53,5,0,0,0,0,1,2015
20,0,0,Zach Ertz,@Atl,0,0,0,0,0,0,4.00,TE,0,0,46,3,0,0,0,0,1,2015
21,0,0,Vernon Davis,Min,0,0,0,0,0,0,4.00,TE,0,0,47,3,0,0,0,0,1,2015
22,0,0,Charles Clay,Ind,0,0,0,0,0,0,4.00,TE,0,0,43,4,0,0,0,0,1,2015
23,0,0,Garrett Celek,Min,0,0,0,0,0,0,4.00,TE,0,0,40,3,0,0,0,0,1,2015
24,0,0,Richard Rodgers,@Chi,0,0,0,0,0,0,3.00,TE,0,0,27,3,0,1,0,11,1,2015
25,0,0,Daniel Fells,@Dal,0,0,0,0,0,0,3.00,TE,0,0,33,3,0,0,0,0,1,2015
26,0,0,Gary Barnidge,@NYJ,0,0,0,0,0,0,3.00,TE,0,0,38,3,0,0,0,0,1,2015
27,0,0,Crockett Gillmore,@Den,0,0,0,0,0,0,2.00,TE,0,0,23,2,0,0,0,0,1,2015
28,0,0,Coby Fleener,@Buf,0,0,0,0,0,0,2.00,TE,1,0,5,1,0,0,0,0,1,2015
29,0,0,Larry Donnell,@Dal,0,0,0,0,0,0,2.00,TE,0,0,21,3,0,0,0,0,1,2015
30,0,0,Maxx Williams,@Den,0,0,0,0,0,0,1.00,TE,0,0,15,1,0,0,0,0,1,2015
31,0,0,Benjamin Watson,@Ari,0,0,0,0,0,0,1.00,TE,0,0,19,3,0,0,0,0,1,2015
32,0,0,Jacob Tamme,Phi,0,0,0,0,0,0,1.00,TE,0,0,19,3,0,0,0,0,1,2015
33,0,0,Greg Olsen,@Jax,0,0,0,0,0,0,1.00,TE,0,0,11,1,0,0,0,0,1,2015
34,0,0,Malcolm Johnson,@NYJ,0,0,0,0,0,0,1.00,TE,0,0,14,2,0,0,0,0,1,2015
35,0,0,Ryan Griffin,KC,0,0,0,0,0,0,1.00,TE,0,0,18,1,0,0,0,0,1,2015
36,0,0,C.J. Fiedorowicz,KC,0,0,0,0,0,0,1.00,TE,0,0,15,1,0,0,0,0,1,2015
37,0,0,Anthony Fasano,@TB,0,0,0,0,0,0,1.00,TE,0,0,18,1,0,0,0,0,1,2015
38,0,0,Jim Dray,@NYJ,0,0,0,0,0,0,1.00,TE,0,0,13,1,0,0,0,0,1,2015
39,0,0,Clive Walford,Cin,0,0,0,0,0,0,0.00,TE,0,0,1,1,0,0,0,0,1,2015
40,0,0,Levine Toilolo,Phi,0,0,0,0,0,0,0.00,TE,0,0,4,1,0,0,0,0,1,2015
41,0,0,Mychal Rivera,Cin,0,0,0,0,0,0,0.00,TE,0,0,4,1,0,0,0,0,1,2015
42,0,0,Vance McDonald,Min,0,0,0,0,0,0,0.00,TE,0,0,5,1,0,0,0,0,1,2015
43,0,0,Jermaine Gresham,NO,0,0,0,0,0,0,0.00,TE,0,0,4,1,0,0,0,0,1,2015
44,0,0,Rhett Ellison,@SF,0,0,0,0,0,0,0.00,TE,0,0,3,1,0,0,0,0,1,2015
45,0,0,Ed Dickson,@Jax,0,0,0,0,0,0,0.00,TE,0,0,9,1,0,0,0,0,1,2015
46,0,0,Owen Daniels,Bal,0,0,0,0,0,0,0.00,TE,0,0,5,2,0,0,0,0,1,2015
47,0,0,Brent Celek,@Atl,0,0,0,0,0,0,0.00,TE,0,0,6,1,0,0,0,0,1,2015
48,0,0,Crockett Gillmore,@Oak,0,0,0,0,0,0,20.00,TE,0,2,88,5,0,0,0,0,2,2015
49,0,0,Rob Gronkowski,@Buf,0,0,0,0,0,0,17.00,TE,0,1,113,7,0,0,0,0,2,2015
50,0,0,Anthony Fasano,@Cle,0,0,0,0,0,0,14.00,TE,0,1,84,5,0,0,0,0,2,2015
51,0,0,Richard Rodgers,Sea,0,0,0,0,0,0,10.00,TE,1,1,23,3,0,0,0,0,2,2015
52,0,0,Tyler Eifert,SD,0,0,0,0,0,0,10.00,TE,0,1,49,4,0,0,0,0,2,2015
53,0,0,Eric Ebron,@Min,0,0,0,0,0,0,10.00,TE,0,1,43,5,0,0,0,0,2,2015
54,0,0,Kyle Rudolph,Det,0,0,0,0,0,0,9.00,TE,0,1,30,5,0,0,0,0,2,2015
55,0,0,Heath Miller,SF,0,0,0,0,0,0,9.00,TE,1,1,15,2,0,0,0,0,2,2015
56,0,0,Jordan Reed,Stl,0,0,0,0,0,0,8.00,TE,0,0,82,6,0,0,0,0,2,2015
57,0,0,Larry Donnell,Atl,0,0,0,0,0,0,8.00,TE,0,1,28,4,0,0,0,0,2,2015
58,0,0,Jacob Tamme,@NYG,0,0,0,0,0,0,7.00,TE,0,0,77,4,0,0,0,0,2,2015
59,0,0,Jake Stoneburner,@Jax,0,0,0,0,0,0,7.00,TE,0,1,18,2,0,0,0,0,2,2015
60,0,0,Greg Olsen,Hou,0,0,0,0,0,0,7.00,TE,0,0,70,6,0,0,0,0,2,2015
61,0,0,Virgil Green,@KC,0,0,0,0,0,0,7.00,TE,0,1,12,2,0,0,0,0,2,2015
62,0,0,Charles Clay,NE,0,0,0,0,0,0,7.00,TE,0,1,19,3,0,0,0,0,2,2015
63,0,0,Garrett Graham,@Car,0,0,0,0,0,0,6.00,TE,0,1,7,1,0,0,0,0,2,2015
64,0,0,Vernon Davis,@Pit,0,0,0,0,0,0,6.00,TE,0,0,62,5,0,0,0,0,2,2015
65,0,0,Jordan Cameron,@Jax,0,0,0,0,0,0,6.00,TE,0,0,62,3,0,0,0,0,2,2015
66,0,0,Jason Witten,@Phi,0,0,0,0,0,0,5.00,TE,0,0,56,7,0,0,0,0,2,2015
67,0,0,James O'Shaughnessy,Den,0,0,0,0,0,0,5.00,TE,0,0,54,2,0,0,0,0,2,2015
68,0,0,Travis Kelce,Den,0,0,0,0,0,0,5.00,TE,0,0,58,4,0,0,0,0,2,2015
69,0,0,Ladarius Green,@Cin,0,0,0,0,0,0,4.00,TE,0,0,47,5,0,0,0,0,2,2015
70,0,0,Jared Cook,@Was,0,0,0,0,0,0,4.00,TE,0,0,47,5,0,0,0,0,2,2015
71,0,0,Chase Coffman,@Cle,0,0,0,0,0,0,4.00,TE,0,0,42,4,0,0,0,0,2,2015
72,0,0,Martellus Bennett,Ari,0,0,0,0,0,0,4.00,TE,0,0,48,4,0,0,0,0,2,2015
73,0,0,Luke Willson,@GB,0,0,0,0,0,0,3.00,TE,0,0,36,2,0,0,0,0,2,2015
74,0,0,Austin Seferian-Jenkins,@NO,0,0,0,0,0,0,2.00,TE,0,0,29,2,0,0,0,0,2,2015
75,0,0,Scott Chandler,@Buf,0,0,0,0,0,0,2.00,TE,0,0,23,3,0,0,0,0,2,2015
76,0,0,Michael Williams,@Buf,0,0,0,0,0,0,1.00,TE,0,0,15,1,0,0,0,0,2,2015
77,0,0,Benjamin Watson,TB,0,0,0,0,0,0,1.00,TE,0,0,12,2,0,0,0,0,2,2015
78,0,0,Craig Stevens,@Cle,0,0,0,0,0,0,1.00,TE,0,0,13,1,0,0,0,0,2,2015
79,0,0,Mychal Rivera,Bal,0,0,0,0,0,0,1.00,TE,0,0,15,3,0,0,0,0,2,2015
80,0,0,Zach Miller,Ari,0,0,0,0,0,0,1.00,TE,0,0,14,2,0,0,0,0,2,2015
81,0,0,Lance Kendricks,@Was,0,0,0,0,0,0,1.00,TE,0,0,15,1,0,0,0,0,2,2015
82,0,0,Jimmy Graham,@GB,0,0,0,0,0,0,1.00,TE,0,0,11,1,0,0,0,0,2,2015
83,0,0,C.J. Fiedorowicz,@Car,0,0,0,0,0,0,1.00,TE,0,0,19,1,0,0,0,0,2,2015
84,0,0,Zach Ertz,Dal,0,0,0,0,0,0,1.00,TE,0,0,17,3,0,0,0,0,2,2015
85,0,0,Owen Daniels,@KC,0,0,0,0,0,0,1.00,TE,0,0,19,3,0,0,0,0,2,2015
86,0,0,Garrett Celek,@Pit,0,0,0,0,0,0,1.00,TE,0,0,10,2,0,0,0,0,2,2015
87,0,0,Blake Bell,@Pit,0,0,0,0,0,0,1.00,TE,0,0,11,1,0,0,0,0,2,2015
88,0,0,Gary Barnidge,Ten,0,0,0,0,0,0,1.00,TE,0,0,17,1,0,0,0,0,2,2015
89,0,0,Maxx Williams,@Oak,0,0,0,0,0,0,0.00,TE,0,0,8,1,0,0,0,0,2,2015
90,0,0,Clive Walford,Bal,0,0,0,0,0,0,0.00,TE,0,0,4,1,0,0,0,0,2,2015
91,0,0,Geoff Swaim,@Phi,0,0,0,0,0,0,0.00,TE,0,0,0,1,0,0,0,0,2,2015
92,0,0,Lee Smith,Bal,0,0,0,0,0,0,0.00,TE,0,0,6,1,0,0,0,0,2,2015
93,0,0,Matthew Mulligan,NE,0,0,0,0,0,0,0.00,TE,0,0,2,1,0,0,0,0,2,2015
94,0,0,Josh Hill,TB,0,0,0,0,0,0,0.00,TE,0,0,2,1,0,0,0,0,2,2015
95,0,0,Jermaine Gresham,@Chi,0,0,0,0,0,0,0.00,TE,0,0,5,1,0,0,0,0,2,2015
96,0,1,Gavin Escobar,@Phi,0,0,0,0,0,0,0.00,TE,0,0,16,2,0,0,0,0,2,2015
97,0,0,Jerome Cunningham,Atl,0,0,0,0,0,0,0.00,TE,0,0,3,1,0,0,0,0,2,2015
98,0,0,Greg Olsen,NO,0,0,0,0,0,0,25.00,TE,0,2,134,8,0,0,0,0,3,2015
99,0,0,Gary Barnidge,Oak,0,0,0,0,0,0,16.00,TE,0,1,105,6,0,0,0,0,3,2015
100,0,0,Jimmy Graham,Chi,0,0,0,0,0,0,14.00,TE,0,1,83,7,0,0,0,0,3,2015
101,0,0,Charles Clay,@Mia,0,0,0,0,0,0,14.00,TE,0,1,82,5,0,0,0,0,3,2015
102,0,0,Travis Kelce,@GB,0,0,0,0,0,0,10.00,TE,1,0,80,6,0,0,0,0,3,2015
103,0,0,Clay Harbor,@NE,0,0,0,0,0,0,10.00,TE,0,1,43,3,0,0,0,0,3,2015
104,0,0,Rob Gronkowski,Jax,0,0,0,0,0,0,10.00,TE,0,0,101,4,0,0,0,0,3,2015
105,0,0,Jordan Reed,@NYG,0,0,0,0,0,0,9.00,TE,0,0,96,6,0,0,0,0,3,2015
106,0,0,Owen Daniels,@Det,0,0,0,0,0,0,8.00,TE,0,1,28,5,0,0,0,0,3,2015
107,0,0,Jason Witten,Atl,0,0,0,0,0,0,6.00,TE,0,0,65,6,0,0,0,0,3,2015
108,0,0,Delanie Walker,Ind,0,0,0,0,0,0,6.00,TE,0,0,68,7,0,0,0,0,3,2015
109,0,0,Eric Ebron,Den,0,0,0,0,0,0,6.00,TE,0,0,61,4,0,0,0,0,3,2015
110,0,0,Coby Fleener,@Ten,0,0,0,0,0,0,5.00,TE,0,0,51,4,0,0,0,0,3,2015
111,0,0,Maxx Williams,Cin,0,0,0,0,0,0,4.00,TE,0,0,44,3,0,0,0,0,3,2015
112,0,0,Crockett Gillmore,Cin,0,0,0,0,0,0,4.00,TE,0,0,40,3,0,0,0,0,3,2015
113,0,1,Benjamin Watson,@Car,0,0,0,0,0,0,3.00,TE,0,0,42,4,0,0,0,0,3,2015
114,0,0,John Phillips,@Min,0,0,0,0,0,0,3.00,TE,0,0,35,4,0,0,0,0,3,2015
115,0,0,Jermaine Gresham,SF,0,0,0,0,0,0,3.00,TE,0,0,34,2,0,0,0,0,3,2015
116,0,0,Zach Ertz,@NYJ,0,0,0,0,0,0,3.00,TE,0,0,30,2,0,0,0,0,3,2015
117,0,0,Jack Doyle,@Ten,0,0,0,0,0,0,3.00,TE,0,0,32,3,0,0,0,0,3,2015
118,0,0,Larry Donnell,Was,0,0,0,0,0,0,3.00,TE,0,0,32,3,0,0,0,0,3,2015
119,0,0,Levine Toilolo,@Dal,0,0,0,0,0,0,2.00,TE,1,0,6,1,0,0,0,0,3,2015
120,0,0,Craig Stevens,Ind,0,0,0,0,0,0,2.00,TE,0,0,29,2,0,0,0,0,3,2015
121,0,0,Zach Miller,@Sea,0,0,0,0,0,0,2.00,TE,0,0,21,1,0,0,0,0,3,2015
122,0,0,Virgil Green,@Det,0,0,0,0,0,0,2.00,TE,0,0,26,1,0,0,0,0,3,2015
123,0,0,Daniel Fells,Was,0,0,0,0,0,0,2.00,TE,0,0,27,3,0,0,0,0,3,2015
124,0,0,Anthony Fasano,Ind,0,0,0,0,0,0,2.00,TE,0,0,26,1,0,0,0,0,3,2015
125,0,0,Scott Chandler,Jax,0,0,0,0,0,0,2.00,TE,0,0,25,2,0,0,0,0,3,2015
126,0,0,Garrett Celek,@Ari,0,0,0,0,0,0,2.00,TE,0,0,29,3,0,0,0,0,3,2015
127,0,0,Jake Stoneburner,Buf,0,0,0,0,0,0,1.00,TE,0,0,13,1,0,0,0,0,3,2015
128,0,0,Kyle Rudolph,SD,0,0,0,0,0,0,1.00,TE,0,0,14,2,0,0,0,0,3,2015
129,0,0,Richard Rodgers,KC,0,0,0,0,0,0,1.00,TE,0,0,15,2,0,0,0,0,3,2015
130,0,0,Andrew Quarless,KC,0,0,0,0,0,0,1.00,TE,0,0,14,2,0,0,0,0,3,2015
131,0,0,Brandon Myers,@Hou,0,0,0,0,0,0,1.00,TE,0,0,18,3,0,0,0,0,3,2015
132,0,0,Heath Miller,@Stl,0,0,0,0,0,0,1.00,TE,0,0,17,2,0,0,0,0,3,2015
133,0,0,Lance Kendricks,Pit,0,0,0,0,0,0,1.00,TE,0,0,12,2,0,0,0,0,3,2015
134,0,0,Josh Hill,@Car,0,0,0,0,0,0,1.00,TE,0,0,10,1,0,0,0,0,3,2015
135,0,0,Darren Fells,SF,0,0,0,0,0,0,1.00,TE,0,0,13,1,0,0,0,0,3,2015
136,0,0,Ed Dickson,NO,0,0,0,0,0,0,1.00,TE,0,0,19,2,0,0,0,0,3,2015
137,0,0,Jordan Cameron,Buf,0,0,0,0,0,0,1.00,TE,0,0,16,3,0,0,0,0,3,2015
138,0,0,Nick Boyle,Cin,0,0,0,0,0,0,1.00,TE,0,0,19,2,0,0,0,0,3,2015
139,0,0,Martellus Bennett,@Sea,0,0,0,0,0,0,1.00,TE,0,0,15,4,0,0,0,0,3,2015
140,0,0,Jacob Tamme,@Dal,0,0,0,0,0,0,0.00,TE,0,0,8,1,0,0,0,0,3,2015
141,0,0,Lee Smith,@Cle,0,0,0,0,0,0,0.00,TE,0,0,8,1,0,0,0,0,3,2015
142,0,0,David Johnson,@Min,0,0,0,0,0,0,0.00,TE,0,0,0,0,0,1,0,2,3,2015
143,0,0,Garrett Graham,TB,0,0,0,0,0,0,0.00,TE,0,0,9,1,0,0,0,0,3,2015
144,0,0,Jared Cook,Pit,0,0,0,0,0,0,0.00,TE,0,0,7,1,0,0,0,0,3,2015
145,0,0,Blake Bell,@Ari,0,0,0,0,0,0,0.00,TE,0,0,0,1,0,0,0,0,3,2015
146,0,0,Coby Fleener,Jax,0,0,0,0,0,0,14.00,TE,0,1,83,9,0,0,0,0,4,2015
147,0,0,Martellus Bennett,Oak,0,0,0,0,0,0,14.00,TE,0,1,83,11,0,0,0,0,4,2015
148,0,0,Gary Barnidge,@SD,0,0,0,0,0,0,13.00,TE,0,1,75,6,0,0,0,0,4,2015
149,0,0,Ladarius Green,Cle,0,0,0,0,0,0,11.00,TE,0,1,53,4,0,0,0,0,4,2015
150,0,0,Charles Clay,NYG,0,0,0,0,0,0,11.00,TE,0,0,111,9,0,0,0,0,4,2015
151,0,0,Richard Rodgers,@SF,0,0,0,0,0,0,10.00,TE,0,1,45,5,0,0,0,0,4,2015
152,0,0,Jake Stoneburner,NYJ,0,0,0,0,0,0,7.00,TE,0,1,16,2,0,0,0,0,4,2015
153,0,0,Josh Hill,Dal,0,0,0,0,0,0,7.00,TE,0,1,11,2,0,0,0,0,4,2015
154,0,1,C.J. Fiedorowicz,@Atl,0,0,0,0,0,0,7.00,TE,0,1,28,3,0,0,0,0,4,2015
155,0,0,Brent Celek,@Was,0,0,0,0,0,0,7.00,TE,0,1,10,1,0,0,0,0,4,2015
156,0,0,John Phillips,Cle,0,0,0,0,0,0,6.00,TE,0,1,1,1,0,0,0,0,4,2015
157,0,0,Tyler Eifert,KC,0,0,0,0,0,0,6.00,TE,0,0,69,3,0,0,0,0,4,2015
158,0,0,Owen Daniels,Min,0,0,0,0,0,0,6.00,TE,0,1,9,2,0,0,0,0,4,2015
159,0,0,Jason Witten,@NO,0,0,0,0,0,0,5.00,TE,0,0,57,4,0,0,0,0,4,2015
160,0,0,Marcedes Lewis,@Ind,0,0,0,0,0,0,4.00,TE,0,0,40,5,0,0,0,0,4,2015
161,0,0,Benjamin Watson,Dal,0,0,0,0,0,0,3.00,TE,0,0,30,3,0,0,0,0,4,2015
162,0,1,Travis Kelce,@Cin,0,0,0,0,0,0,3.00,TE,0,0,49,5,0,0,0,0,4,2015
163,0,0,Clay Harbor,@Ind,0,0,0,0,0,0,3.00,TE,0,0,31,4,0,0,0,0,4,2015
164,0,0,Larry Donnell,@Buf,0,0,0,0,0,0,3.00,TE,0,0,38,5,0,0,0,0,4,2015
165,0,1,Jordan Reed,Phi,0,0,0,0,0,0,2.00,TE,0,0,37,5,0,0,0,0,4,2015
166,0,0,Greg Olsen,@TB,0,0,0,0,0,0,2.00,TE,0,0,28,2,0,0,0,0,4,2015
167,0,0,Jimmy Graham,Det,0,0,0,0,0,0,2.00,TE,0,0,29,4,0,0,0,0,4,2015
168,0,0,Eric Ebron,@Sea,0,0,0,0,0,0,2.00,TE,0,0,22,2,0,0,0,0,4,2015
169,0,0,Jared Cook,@Ari,0,0,0,0,0,0,2.00,TE,0,0,22,3,0,0,0,0,4,2015
170,0,0,Garrett Celek,GB,0,0,0,0,0,0,2.00,TE,0,0,26,3,0,0,0,0,4,2015
171,0,0,Luke Willson,Det,0,0,0,0,0,0,1.00,TE,0,0,15,2,0,0,0,0,4,2015
172,0,0,Maxx Williams,@Pit,0,0,0,0,0,0,1.00,TE,0,0,17,2,0,0,0,0,4,2015
173,0,0,Lee Smith,@Chi,0,0,0,0,0,0,1.00,TE,0,0,14,2,0,0,0,0,4,2015
174,0,0,Mychal Rivera,@Chi,0,0,0,0,0,0,1.00,TE,0,0,12,2,0,0,0,0,4,2015
175,0,0,Chris Gragg,NYG,0,0,0,0,0,0,1.00,TE,0,0,15,1,0,0,0,0,4,2015
176,0,0,Darren Fells,Stl,0,0,0,0,0,0,1.00,TE,0,0,17,1,0,0,0,0,4,2015
177,0,0,Zach Ertz,@Was,0,0,0,0,0,0,1.00,TE,0,0,11,2,0,0,0,0,4,2015
178,0,0,Ed Dickson,@TB,0,0,0,0,0,0,1.00,TE,0,0,11,1,0,0,0,0,4,2015
179,0,0,Jordan Cameron,NYJ,0,0,0,0,0,0,1.00,TE,0,0,19,2,0,0,0,0,4,2015
180,0,0,Nick Boyle,@Pit,0,0,0,0,0,0,1.00,TE,0,0,12,3,0,0,0,0,4,2015
181,0,0,Kyle Rudolph,@Den,0,0,0,0,0,0,0.00,TE,0,0,7,2,0,0,0,0,4,2015
182,0,0,James O'Shaughnessy,@Cin,0,0,0,0,0,0,0.00,TE,0,0,8,1,0,0,0,0,4,2015
183,0,0,Brandon Myers,Car,0,0,0,0,0,0,0.00,TE,0,0,8,1,0,0,0,0,4,2015
184,0,0,Heath Miller,Bal,0,0,0,0,0,0,0.00,TE,0,0,1,1,0,0,0,0,4,2015
185,0,0,Vance McDonald,GB,0,0,0,0,0,0,0.00,TE,0,0,7,1,0,0,0,0,4,2015
186,0,0,Cory Harkey,@Ari,0,0,0,0,0,0,0.00,TE,0,0,4,1,0,0,0,0,4,2015
187,0,0,James Hanna,@NO,0,0,0,0,0,0,0.00,TE,0,0,7,1,0,0,0,0,4,2015
188,0,0,Jermaine Gresham,Stl,0,0,0,0,0,0,0.00,TE,0,0,8,1,0,0,0,0,4,2015
189,0,0,Garrett Graham,@Atl,0,0,0,0,0,0,0.00,TE,0,0,6,1,0,0,0,0,4,2015
190,0,0,Cameron Brate,Car,0,0,0,0,0,0,0.00,TE,0,0,7,1,0,0,0,0,4,2015
191,0,0,Antonio Gates,Pit,0,0,0,0,0,0,21.00,TE,0,2,92,9,0,0,0,0,5,2015
192,0,0,Tyler Eifert,Sea,0,0,0,0,0,0,21.00,TE,0,2,90,8,0,0,0,0,5,2015
193,0,0,Gary Barnidge,@Bal,0,0,0,0,0,0,19.00,TE,0,1,139,8,0,0,0,0,5,2015
194,0,0,Brent Celek,NO,0,0,0,0,0,0,10.00,TE,0,1,44,3,0,0,0,0,5,2015
195,0,0,Benjamin Watson,@Phi,0,0,0,0,0,0,9.00,TE,0,1,36,3,0,0,0,0,5,2015
196,0,0,Jacob Tamme,Was,0,0,0,0,0,0,9.00,TE,0,0,94,8,0,0,0,0,5,2015
197,0,0,Larry Donnell,SF,0,0,0,0,0,0,9.00,TE,0,1,35,6,0,0,0,0,5,2015
198,0,0,Darren Fells,@Det,0,0,0,0,0,0,8.00,TE,0,1,25,2,0,0,0,0,5,2015
199,0,0,Garrett Celek,@NYG,0,0,0,0,0,0,8.00,TE,0,1,26,3,0,0,0,0,5,2015
200,0,0,Rob Gronkowski,@Dal,0,0,0,0,0,0,6.00,TE,0,0,67,4,0,0,0,0,5,2015
201,0,0,Zach Ertz,NO,0,0,0,0,0,0,6.00,TE,0,0,60,5,0,0,0,0,5,2015
202,0,0,Ladarius Green,Pit,0,0,0,0,0,0,5.00,TE,0,0,50,5,0,0,0,0,5,2015
203,0,0,Will Tye,SF,0,0,0,0,0,0,4.00,TE,0,0,48,4,0,0,0,0,5,2015
204,0,0,Richard Rodgers,Stl,0,0,0,0,0,0,4.00,TE,0,0,45,6,0,0,0,0,5,2015
205,0,0,Heath Miller,@SD,0,0,0,0,0,0,4.00,TE,0,0,46,3,0,0,0,0,5,2015
206,0,0,Delanie Walker,Buf,0,0,0,0,0,0,3.00,TE,0,0,36,4,0,0,0,0,5,2015
207,0,0,Clive Walford,Den,0,0,0,0,0,0,3.00,TE,0,0,33,1,0,0,0,0,5,2015
208,0,0,Mychal Rivera,Den,0,0,0,0,0,0,3.00,TE,0,0,33,3,0,0,0,0,5,2015
209,0,0,Brandon Myers,Jax,0,0,0,0,0,0,3.00,TE,0,0,34,2,0,0,0,0,5,2015
210,0,0,Travis Kelce,Chi,0,0,0,0,0,0,3.00,TE,0,0,35,3,0,0,0,0,5,2015
211,0,0,Jimmy Graham,@Cin,0,0,0,0,0,0,3.00,TE,0,0,30,3,0,0,0,0,5,2015
212,0,0,Martellus Bennett,@KC,0,0,0,0,0,0,3.00,TE,0,0,32,4,0,0,0,0,5,2015
213,0,1,Jason Witten,NE,0,0,0,0,0,0,2.00,TE,0,0,33,5,0,0,0,0,5,2015
214,0,0,Julius Thomas,@TB,0,0,0,0,0,0,2.00,TE,0,0,20,2,0,0,0,0,5,2015
215,0,0,Brandon Pettigrew,Ari,0,0,0,0,0,0,2.00,TE,0,0,29,3,0,0,0,0,5,2015
216,0,0,Nick Boyle,Cle,0,0,0,0,0,0,2.00,TE,0,0,27,3,0,0,0,0,5,2015
217,0,0,Dwayne Allen,@Hou,0,0,0,0,0,0,2.00,TE,0,0,21,1,0,0,0,0,5,2015
218,0,0,Luke Willson,@Cin,0,0,0,0,0,0,1.00,TE,0,0,17,2,0,0,0,0,5,2015
219,0,0,Lance Kendricks,@GB,0,0,0,0,0,0,1.00,TE,0,0,16,2,0,0,0,0,5,2015
220,0,0,Maxx Williams,Cle,0,0,0,0,0,0,0.00,TE,0,0,0,1,0,0,0,0,5,2015
221,0,0,Craig Stevens,Buf,0,0,0,0,0,0,0.00,TE,0,0,1,1,0,0,0,0,5,2015
222,0,0,Vance McDonald,@NYG,0,0,0,0,0,0,0.00,TE,0,0,9,2,0,0,0,0,5,2015
223,0,0,Rob Housler,@Bal,0,0,0,0,0,0,0.00,TE,0,0,6,1,0,0,0,0,5,2015
224,0,0,Garrett Graham,Ind,0,0,0,0,0,0,0.00,TE,0,0,8,1,0,0,0,0,5,2015
225,0,0,Coby Fleener,@Hou,0,0,0,0,0,0,0.00,TE,0,0,9,2,0,0,0,0,5,2015
226,0,0,C.J. Fiedorowicz,Ind,0,0,0,0,0,0,0.00,TE,0,0,4,1,0,0,0,0,5,2015
227,0,0,Jim Dray,@Bal,0,0,0,0,0,0,0.00,TE,0,0,7,1,0,0,0,0,5,2015
228,0,0,Jack Doyle,@Hou,0,0,0,0,0,0,0.00,TE,0,0,0,1,0,0,0,0,5,2015
229,0,0,Jared Cook,@GB,0,0,0,0,0,0,0.00,TE,0,0,8,1,0,0,0,0,5,2015
230,0,0,Charles Clay,@Ten,0,0,0,0,0,0,0.00,TE,0,0,7,1,0,0,0,0,5,2015
231,0,0,Blake Bell,@NYG,0,0,0,0,0,0,0.00,TE,0,0,6,1,0,0,0,0,5,2015
232,0,1,Michael Hoomanawanui,@Phi,0,0,0,0,0,0,-1.00,TE,0,0,4,2,0,0,0,0,5,2015
233,0,0,Greg Olsen,@Sea,0,0,0,0,0,0,19.00,TE,0,1,131,7,0,0,0,0,6,2015
234,0,0,Benjamin Watson,Atl,0,0,0,0,0,0,18.00,TE,0,1,127,10,0,0,0,0,6,2015
235,0,0,Gary Barnidge,Den,0,0,0,0,0,0,15.00,TE,0,2,39,3,0,0,0,0,6,2015
236,0,0,Jimmy Graham,Car,0,0,0,0,0,0,14.00,TE,0,0,140,8,0,0,0,0,6,2015
237,0,0,Julius Thomas,Hou,0,0,0,0,0,0,13.00,TE,0,1,78,7,0,0,0,0,6,2015
238,0,0,Rob Gronkowski,@Ind,0,0,0,0,0,0,11.00,TE,0,1,50,3,0,0,0,0,6,2015
239,0,0,Delanie Walker,Mia,0,0,0,0,0,0,9.00,TE,0,0,97,8,0,0,0,0,6,2015
240,0,0,Dion Sims,@Ten,0,0,0,0,0,0,9.00,TE,0,1,33,4,0,0,0,0,6,2015
241,0,0,Ladarius Green,@GB,0,0,0,0,0,0,9.00,TE,0,1,35,3,0,0,0,0,6,2015
242,0,0,Antonio Gates,@GB,0,0,0,0,0,0,9.00,TE,0,0,95,9,0,0,0,0,6,2015
243,0,0,Tyler Eifert,@Buf,0,0,0,0,0,0,9.00,TE,0,1,30,4,0,0,0,0,6,2015
244,0,0,Jordan Cameron,@Ten,0,0,0,0,0,0,9.00,TE,0,1,30,3,0,0,0,0,6,2015
245,0,0,Travis Kelce,@Min,0,0,0,0,0,0,8.00,TE,0,0,88,5,0,0,0,0,6,2015
246,0,0,Kyle Rudolph,KC,0,0,0,0,0,0,6.00,TE,0,1,9,2,0,0,0,0,6,2015
247,0,0,Charles Clay,Cin,0,0,0,0,0,0,6.00,TE,0,0,62,9,0,0,0,0,6,2015
248,0,0,Chris Gragg,Cin,0,0,0,0,0,0,5.00,TE,0,0,54,5,0,0,0,0,6,2015
249,0,0,Martellus Bennett,@Det,0,0,0,0,0,0,5.00,TE,0,0,59,6,0,0,0,0,6,2015
250,0,0,Zach Ertz,NYG,0,0,0,0,0,0,4.00,TE,0,0,43,4,0,0,0,0,6,2015
251,0,0,Jacob Tamme,@NO,0,0,0,0,0,0,3.00,TE,0,0,32,3,0,0,0,0,6,2015
252,0,0,Richard Rodgers,SD,0,0,0,0,0,0,3.00,TE,0,0,34,2,0,0,0,0,6,2015
253,0,0,Josh Hill,Atl,0,0,0,0,0,0,3.00,TE,0,0,38,3,0,0,0,0,6,2015
254,0,0,Crockett Gillmore,@SF,0,0,0,0,0,0,3.00,TE,0,0,30,3,0,0,0,0,6,2015
255,0,0,Scott Chandler,@Ind,0,0,0,0,0,0,3.00,TE,0,0,39,2,0,0,0,0,6,2015
256,0,0,Maxx Williams,@SF,0,0,0,0,0,0,2.00,TE,0,0,24,4,0,0,0,0,6,2015
257,0,0,Will Tye,@Phi,0,0,0,0,0,0,2.00,TE,0,0,22,2,0,0,0,0,6,2015
258,0,0,Justin Perillo,SD,0,0,0,0,0,0,2.00,TE,0,0,21,1,0,0,0,0,6,2015
259,0,0,James O'Shaughnessy,@Min,0,0,0,0,0,0,2.00,TE,0,0,23,2,0,0,0,0,6,2015
260,0,0,Coby Fleener,NE,0,0,0,0,0,0,2.00,TE,0,0,20,3,0,0,0,0,6,2015
261,0,0,Larry Donnell,@Phi,0,0,0,0,0,0,2.00,TE,0,0,29,3,0,0,0,0,6,2015
262,0,0,Ed Dickson,@Sea,0,0,0,0,0,0,2.00,TE,0,0,24,3,0,0,0,0,6,2015
263,0,0,Owen Daniels,@Cle,0,0,0,0,0,0,2.00,TE,0,0,24,2,0,0,0,0,6,2015
264,0,0,Dwayne Allen,NE,0,0,0,0,0,0,2.00,TE,0,0,23,3,0,0,0,0,6,2015
265,0,0,Luke Willson,Car,0,0,0,0,0,0,1.00,TE,0,0,16,1,0,0,0,0,6,2015
266,0,0,Levine Toilolo,@NO,0,0,0,0,0,0,1.00,TE,0,0,18,2,0,0,0,0,6,2015
267,0,0,Troy Niklas,@Pit,0,0,0,0,0,0,1.00,TE,0,0,13,1,0,0,0,0,6,2015
268,0,0,Vance McDonald,Bal,0,0,0,0,0,0,1.00,TE,0,0,10,1,0,0,0,0,6,2015
269,0,0,Ryan Hewitt,@Buf,0,0,0,0,0,0,1.00,TE,0,0,16,1,0,0,0,0,6,2015
270,0,0,Demetrius Harris,@Min,0,0,0,0,0,0,1.00,TE,0,0,15,2,0,0,0,0,6,2015
271,0,0,Rhett Ellison,KC,0,0,0,0,0,0,1.00,TE,0,0,11,1,0,0,0,0,6,2015
272,0,0,Heath Miller,Ari,0,0,0,0,0,0,0.00,TE,0,0,5,1,0,0,0,0,6,2015
273,0,0,Marcedes Lewis,Hou,0,0,0,0,0,0,0.00,TE,0,0,8,1,0,0,0,0,6,2015
274,0,0,Malcolm Johnson,Den,0,0,0,0,0,0,0.00,TE,0,0,0,1,0,0,0,0,6,2015
275,0,0,C.J. Fiedorowicz,@Jax,0,0,0,0,0,0,0.00,TE,0,0,8,1,0,0,0,0,6,2015
276,0,0,Darren Fells,@Pit,0,0,0,0,0,0,0.00,TE,0,0,9,1,0,0,0,0,6,2015
277,0,0,Anthony Fasano,Mia,0,0,0,0,0,0,0.00,TE,0,0,1,2,0,0,0,0,6,2015
278,0,0,Jack Doyle,NE,0,0,0,0,0,0,0.00,TE,0,0,7,2,0,0,0,0,6,2015
279,0,0,Jordan Reed,TB,0,0,0,0,0,0,19.00,TE,0,2,72,11,0,0,0,0,7,2015
280,0,0,Rob Gronkowski,NYJ,0,0,0,0,0,0,16.00,TE,0,1,108,11,0,0,0,0,7,2015
281,0,0,Ladarius Green,Oak,0,0,0,0,0,0,14.00,TE,2,1,45,4,0,0,0,0,7,2015
282,0,0,Eric Ebron,Min,0,0,0,0,0,0,14.00,TE,0,1,89,5,0,0,0,0,7,2015
283,0,0,Clive Walford,@SD,0,0,0,0,0,0,10.00,TE,0,1,42,2,0,0,0,0,7,2015
284,0,0,Gary Barnidge,@Stl,0,0,0,0,0,0,10.00,TE,0,0,101,6,0,0,0,0,7,2015
285,0,0,Michael Hoomanawanui,@Ind,0,0,0,0,0,0,9.00,TE,0,1,31,5,0,0,0,0,7,2015
286,0,0,Jason Witten,@NYG,0,0,0,0,0,0,7.00,TE,0,0,73,6,0,0,0,0,7,2015
287,0,0,Kyle Rudolph,@Det,0,0,0,0,0,0,7.00,TE,0,1,10,2,0,0,0,0,7,2015
288,0,0,Travis Kelce,Pit,0,0,0,0,0,0,7.00,TE,0,0,73,5,0,0,0,0,7,2015
289,0,0,Greg Olsen,Phi,0,0,0,0,0,0,6.00,TE,0,0,65,3,0,0,0,0,7,2015
290,0,0,Jermaine Gresham,Bal,0,0,0,0,0,0,6.00,TE,0,0,62,4,0,0,0,0,7,2015
291,0,0,Zach Ertz,@Car,0,0,0,0,0,0,6.00,TE,0,0,63,5,0,0,0,0,7,2015
292,0,0,Vernon Davis,Sea,0,0,0,0,0,0,6.00,TE,0,0,61,4,0,0,0,0,7,2015
293,0,0,Benjamin Watson,@Ind,0,0,0,0,0,0,5.00,TE,0,0,59,4,0,0,0,0,7,2015
294,0,0,Delanie Walker,Atl,0,0,0,0,0,0,5.00,TE,0,0,55,7,0,0,0,0,7,2015
295,0,0,Crockett Gillmore,@Ari,0,0,0,0,0,0,5.00,TE,0,0,53,5,0,0,0,0,7,2015
296,0,0,Coby Fleener,NO,0,0,0,0,0,0,4.00,TE,0,0,47,3,0,0,0,0,7,2015
297,0,0,Nick Boyle,@Ari,0,0,0,0,0,0,4.00,TE,1,0,20,2,0,0,0,0,7,2015
298,0,0,Jacob Tamme,@Ten,0,0,0,0,0,0,3.00,TE,0,0,36,3,0,0,0,0,7,2015
299,0,0,Jimmy Graham,@SF,0,0,0,0,0,0,3.00,TE,0,0,31,2,0,0,0,0,7,2015
300,0,0,Chris Gragg,@Jax,0,0,0,0,0,0,3.00,TE,0,0,35,2,0,0,0,0,7,2015
301,0,0,Scott Chandler,NYJ,0,0,0,0,0,0,3.00,TE,0,0,34,2,0,0,0,0,7,2015
302,0,0,Luke Stocker,@Was,0,0,0,0,0,0,2.00,TE,0,0,22,3,0,0,0,0,7,2015
303,0,0,Anthony Fasano,Atl,0,0,0,0,0,0,2.00,TE,0,0,21,3,0,0,0,0,7,2015
304,0,0,Charles Clay,@Jax,0,0,0,0,0,0,2.00,TE,0,0,26,3,0,0,0,0,7,2015
305,0,0,Jordan Cameron,Hou,0,0,0,0,0,0,2.00,TE,0,0,23,2,0,0,0,0,7,2015
306,0,0,Mychal Rivera,@SD,0,0,0,0,0,0,1.00,TE,0,0,11,2,0,0,0,0,7,2015
307,0,0,MyCole Pruitt,@Det,0,0,0,0,0,0,1.00,TE,0,0,13,1,0,0,0,0,7,2015
308,0,0,Tony Moeaki,@Ten,0,0,0,0,0,0,1.00,TE,0,0,11,1,0,0,0,0,7,2015
309,0,0,Marcedes Lewis,Buf,0,0,0,0,0,0,1.00,TE,0,0,13,2,0,0,0,0,7,2015
310,0,0,Jim Dray,@Stl,0,0,0,0,0,0,1.00,TE,0,0,10,2,0,0,0,0,7,2015
311,0,0,Larry Donnell,Dal,0,0,0,0,0,0,1.00,TE,0,0,18,4,0,0,0,0,7,2015
312,0,0,Brent Celek,@Car,0,0,0,0,0,0,1.00,TE,0,0,11,2,0,0,0,0,7,2015
313,0,0,Dwayne Allen,NO,0,0,0,0,0,0,1.00,TE,0,0,10,1,0,0,0,0,7,2015
314,0,0,Michael Williams,NYJ,0,0,0,0,0,0,0.00,TE,0,0,4,1,0,0,0,0,7,2015
315,0,0,Julius Thomas,Buf,0,0,0,0,0,0,0.00,TE,0,0,4,1,0,0,0,0,7,2015
316,0,0,Lee Smith,@SD,0,0,0,0,0,0,0.00,TE,0,0,1,2,0,0,0,0,7,2015
317,0,0,Dion Sims,Hou,0,0,0,0,0,0,0.00,TE,0,0,-3,1,0,0,0,0,7,2015
318,0,0,John Phillips,Oak,0,0,0,0,0,0,0.00,TE,0,0,5,1,0,0,0,0,7,2015
319,0,0,James O'Shaughnessy,Pit,0,0,0,0,0,0,0.00,TE,0,0,2,1,0,0,0,0,7,2015
320,0,0,Vance McDonald,Sea,0,0,0,0,0,0,0.00,TE,0,0,1,1,0,0,0,0,7,2015
321,0,0,Cory Harkey,Cle,0,0,0,0,0,0,0.00,TE,0,0,4,1,0,0,0,0,7,2015
322,0,0,James Hanna,@NYG,0,0,0,0,0,0,0.00,TE,0,0,6,1,0,0,0,0,7,2015
323,0,1,Jared Cook,Cle,0,0,0,0,0,0,0.00,TE,0,0,19,2,0,0,0,0,7,2015
324,0,0,Garrett Celek,Sea,0,0,0,0,0,0,0.00,TE,0,0,8,1,0,0,0,0,7,2015
325,0,0,Cameron Brate,@Was,0,0,0,0,0,0,0.00,TE,0,0,6,1,0,0,0,0,7,2015
326,0,0,Benjamin Watson,NYG,0,0,0,0,0,0,20.00,TE,0,1,147,9,0,0,0,0,8,2015
327,0,0,Rob Gronkowski,Mia,0,0,0,0,0,0,17.00,TE,0,1,113,6,0,0,0,0,8,2015
328,0,0,Jacob Tamme,TB,0,0,0,0,0,0,16.00,TE,0,1,103,10,0,0,0,0,8,2015
329,0,0,Greg Olsen,Ind,0,0,0,0,0,0,13.00,TE,0,1,79,6,0,0,0,0,8,2015
330,0,0,Troy Niklas,@Cle,0,0,0,0,0,0,13.00,TE,0,2,12,2,0,0,0,0,8,2015
331,0,0,Gary Barnidge,Ari,0,0,0,0,0,0,11.00,TE,0,1,53,7,0,0,0,0,8,2015
332,0,0,Luke Willson,@Dal,0,0,0,0,0,0,10.00,TE,0,1,41,2,0,0,0,0,8,2015
333,0,0,Heath Miller,Cin,0,0,0,0,0,0,10.00,TE,0,0,105,10,0,0,0,0,8,2015
334,0,0,Travis Kelce,Det,0,0,0,0,0,0,10.00,TE,0,1,49,6,0,0,0,0,8,2015
335,0,0,Coby Fleener,@Car,0,0,0,0,0,0,10.00,TE,0,1,43,7,0,0,0,0,8,2015
336,0,0,Cameron Brate,@Atl,0,0,0,0,0,0,10.00,TE,0,1,48,2,0,0,0,0,8,2015
337,0,0,Jimmy Graham,@Dal,0,0,0,0,0,0,7.00,TE,0,0,75,7,0,0,0,0,8,2015
338,0,0,Jared Cook,SF,0,0,0,0,0,0,7.00,TE,1,0,57,2,0,0,0,0,8,2015
339,0,0,Delanie Walker,@Hou,0,0,0,0,0,0,6.00,TE,0,0,62,6,0,0,0,0,8,2015
340,0,0,Virgil Green,GB,0,0,0,0,0,0,6.00,TE,0,0,61,3,0,0,0,0,8,2015
341,0,0,Crockett Gillmore,SD,0,0,0,0,0,0,6.00,TE,0,1,8,2,0,0,0,0,8,2015
342,0,0,Kellen Davis,@Oak,0,0,0,0,0,0,6.00,TE,0,1,1,1,0,0,0,0,8,2015
343,0,0,Antonio Gates,@Bal,0,0,0,0,0,0,5.00,TE,0,0,56,4,0,0,0,0,8,2015
344,0,0,Owen Daniels,GB,0,0,0,0,0,0,4.00,TE,0,0,44,3,0,0,0,0,8,2015
345,0,0,Brandon Myers,@Atl,0,0,0,0,0,0,3.00,TE,0,0,32,3,0,0,0,0,8,2015
346,0,0,Tyler Eifert,@Pit,0,0,0,0,0,0,3.00,TE,0,0,39,4,0,0,0,0,8,2015
347,0,0,Jordan Cameron,@NE,0,0,0,0,0,0,3.00,TE,0,0,34,2,0,0,0,0,8,2015
348,0,0,Martellus Bennett,Min,0,0,0,0,0,0,3.00,TE,0,0,32,3,0,0,0,0,8,2015
349,0,0,Kyle Rudolph,@Chi,0,0,0,0,0,0,2.00,TE,0,0,22,2,0,0,0,0,8,2015
350,0,0,Ryan Hewitt,@Pit,0,0,0,0,0,0,2.00,TE,0,0,22,1,0,0,0,0,8,2015
351,0,0,Eric Ebron,@KC,0,0,0,0,0,0,2.00,TE,0,0,24,3,0,0,0,0,8,2015
352,0,0,Larry Donnell,@NO,0,0,0,0,0,0,2.00,TE,0,0,22,1,0,0,0,0,8,2015
353,0,0,Vernon Davis,@Stl,0,0,0,0,0,0,2.00,TE,0,0,24,6,0,0,0,0,8,2015
354,0,0,Jason Witten,Sea,0,0,0,0,0,0,1.00,TE,0,0,16,2,0,0,0,0,8,2015
355,0,0,Clive Walford,NYJ,0,0,0,0,0,0,1.00,TE,0,0,13,2,0,0,0,0,8,2015
356,0,0,Richard Rodgers,@Den,0,0,0,0,0,0,1.00,TE,0,0,16,2,0,0,0,0,8,2015
357,0,0,MyCole Pruitt,@Chi,0,0,0,0,0,0,1.00,TE,0,0,15,2,0,0,0,0,8,2015
358,0,0,John Phillips,@Bal,0,0,0,0,0,0,1.00,TE,0,0,11,2,0,0,0,0,8,2015
359,0,0,Vance McDonald,@Stl,0,0,0,0,0,0,1.00,TE,0,0,13,1,0,0,0,0,8,2015
360,0,0,Jermaine Gresham,@Cle,0,0,0,0,0,0,1.00,TE,0,0,19,2,0,0,0,0,8,2015
361,0,0,Ladarius Green,@Bal,0,0,0,0,0,0,1.00,TE,0,0,10,1,0,0,0,0,8,2015
362,0,0,C.J. Fiedorowicz,Ten,0,0,0,0,0,0,1.00,TE,0,0,15,2,0,0,0,0,8,2015
363,0,0,Nick Boyle,SD,0,0,0,0,0,0,1.00,TE,0,0,15,1,0,0,0,0,8,2015
364,0,0,Levine Toilolo,TB,0,0,0,0,0,0,0.00,TE,0,0,7,1,0,0,0,0,8,2015
365,0,0,Craig Stevens,@Hou,0,0,0,0,0,0,0.00,TE,0,0,9,1,0,0,0,0,8,2015
366,0,0,Matt Spaeth,Cin,0,0,0,0,0,0,0.00,TE,0,0,4,1,0,0,0,0,8,2015
367,0,0,Lee Smith,NYJ,0,0,0,0,0,0,0.00,TE,0,0,6,1,0,0,0,0,8,2015
368,0,0,Dion Sims,@NE,0,0,0,0,0,0,0.00,TE,0,0,6,1,0,0,0,0,8,2015
369,0,0,Justin Perillo,@Den,0,0,0,0,0,0,0.00,TE,0,0,6,1,0,0,0,0,8,2015
370,0,0,Lance Kendricks,SF,0,0,0,0,0,0,0.00,TE,0,0,7,2,0,0,0,0,8,2015
371,0,0,Josh Hill,NYG,0,0,0,0,0,0,0.00,TE,0,0,5,1,0,0,0,0,8,2015
372,0,0,James Hanna,Sea,0,0,0,0,0,0,0.00,TE,0,0,0,1,0,0,0,0,8,2015
373,0,0,Anthony Fasano,@Hou,0,0,0,0,0,0,0.00,TE,0,0,9,1,0,0,0,0,8,2015
374,0,0,Scott Chandler,Mia,0,0,0,0,0,0,0.00,TE,0,0,9,1,0,0,0,0,8,2015
375,0,0,Dwayne Allen,@Car,0,0,0,0,0,0,0.00,TE,0,0,4,1,0,0,0,0,8,2015
376,0,1,Will Tye,@NO,0,0,0,0,0,0,-1.00,TE,0,0,7,2,0,0,0,0,8,2015
377,0,0,Delanie Walker,@NO,0,0,0,0,0,0,23.00,TE,1,2,95,7,0,0,0,0,9,2015
378,0,0,Tyler Eifert,Cle,0,0,0,0,0,0,23.00,TE,0,3,53,5,0,0,0,0,9,2015
379,0,0,Owen Daniels,@Ind,0,0,0,0,0,0,16.00,TE,0,1,102,6,0,0,0,0,9,2015
380,0,0,Richard Rodgers,@Car,0,0,0,0,0,0,13.00,TE,0,2,19,5,0,0,0,0,9,2015
381,0,0,Garrett Celek,Atl,0,0,0,0,0,0,13.00,TE,0,2,12,2,0,0,0,0,9,2015
382,0,0,Greg Olsen,GB,0,0,0,0,0,0,12.00,TE,0,1,66,4,0,0,0,0,9,2015
383,0,0,Martellus Bennett,@SD,0,0,0,0,0,0,11.00,TE,0,1,57,8,0,0,0,0,9,2015
384,0,0,Anthony Fasano,@NO,0,0,0,0,0,0,9.00,TE,0,1,33,3,0,0,0,0,9,2015
385,0,0,Zach Miller,@SD,0,0,0,0,0,0,8.00,TE,0,1,23,2,0,0,0,0,9,2015
386,0,0,Josh Hill,Ten,0,0,0,0,0,0,8.00,TE,0,1,21,2,0,0,0,0,9,2015
387,0,0,Jordan Reed,@NE,0,0,0,0,0,0,7.00,TE,0,1,18,3,0,0,0,0,9,2015
388,0,0,Jesse James,Oak,0,0,0,0,0,0,7.00,TE,0,1,13,2,0,0,0,0,9,2015
389,0,0,Jack Doyle,Den,0,0,0,0,0,0,7.00,TE,0,1,18,2,0,0,0,0,9,2015
390,0,0,Benjamin Watson,Ten,0,0,0,0,0,0,6.00,TE,0,0,60,5,0,0,0,0,9,2015
391,0,0,Clive Walford,@Pit,0,0,0,0,0,0,6.00,TE,0,1,1,1,0,0,0,0,9,2015
392,0,0,Jacob Tamme,@SF,0,0,0,0,0,0,6.00,TE,0,0,61,6,0,0,0,0,9,2015
393,0,0,Michael Hoomanawanui,Ten,0,0,0,0,0,0,6.00,TE,0,1,1,1,0,0,0,0,9,2015
394,0,0,Antonio Gates,Chi,0,0,0,0,0,0,6.00,TE,0,0,69,6,0,0,0,0,9,2015
395,0,0,Jason Witten,Phi,0,0,0,0,0,0,4.00,TE,0,0,43,6,0,0,0,0,9,2015
396,0,0,Rob Gronkowski,Was,0,0,0,0,0,0,4.00,TE,0,0,47,4,0,0,0,0,9,2015
397,0,0,Zach Ertz,@Dal,0,0,0,0,0,0,4.00,TE,0,0,44,5,0,0,0,0,9,2015
398,0,0,Kyle Rudolph,Stl,0,0,0,0,0,0,3.00,TE,0,0,30,2,0,0,0,0,9,2015
399,0,0,Heath Miller,Oak,0,0,0,0,0,0,3.00,TE,0,0,32,3,0,0,0,0,9,2015
400,0,0,Gary Barnidge,@Cin,0,0,0,0,0,0,3.00,TE,0,0,35,2,0,0,0,0,9,2015
401,0,0,Craig Stevens,@NO,0,0,0,0,0,0,2.00,TE,0,0,25,2,0,0,0,0,9,2015
402,0,0,Marcedes Lewis,@NYJ,0,0,0,0,0,0,2.00,TE,0,0,27,1,0,0,0,0,9,2015
403,0,0,Lance Kendricks,@Min,0,0,0,0,0,0,2.00,TE,0,0,25,2,0,0,0,0,9,2015
404,0,0,Coby Fleener,Den,0,0,0,0,0,0,2.00,TE,0,0,22,4,0,0,0,0,9,2015
405,0,0,Will Tye,@TB,0,0,0,0,0,0,1.00,TE,0,0,19,2,0,0,0,0,9,2015
406,0,0,Julius Thomas,@NYJ,0,0,0,0,0,0,1.00,TE,0,0,14,3,0,0,0,0,9,2015
407,0,0,Lee Smith,@Pit,0,0,0,0,0,0,1.00,TE,0,0,10,1,0,0,0,0,9,2015
408,0,0,Mychal Rivera,@Pit,0,0,0,0,0,0,1.00,TE,0,0,16,2,0,0,0,0,9,2015
409,0,0,Vance McDonald,Atl,0,0,0,0,0,0,1.00,TE,0,0,19,2,0,0,0,0,9,2015
410,0,0,Virgil Green,@Ind,0,0,0,0,0,0,1.00,TE,0,0,13,1,0,0,0,0,9,2015
411,0,0,Rhett Ellison,Stl,0,0,0,0,0,0,1.00,TE,0,0,11,2,0,0,0,0,9,2015
412,0,0,Jim Dray,@Cin,0,0,0,0,0,0,1.00,TE,0,0,13,1,0,0,0,0,9,2015
413,0,0,Jerome Cunningham,@TB,0,0,0,0,0,0,1.00,TE,0,0,10,2,0,0,0,0,9,2015
414,0,0,Jared Cook,@Min,0,0,0,0,0,0,1.00,TE,0,0,10,1,0,0,0,0,9,2015
415,0,0,Cameron Brate,NYG,0,0,0,0,0,0,1.00,TE,0,0,17,1,0,0,0,0,9,2015
416,0,0,Levine Toilolo,@SF,0,0,0,0,0,0,0.00,TE,0,0,1,1,0,0,0,0,9,2015
417,0,0,Dion Sims,@Buf,0,0,0,0,0,0,0.00,TE,0,0,9,1,0,0,0,0,9,2015
418,0,0,MyCole Pruitt,Stl,0,0,0,0,0,0,0.00,TE,0,0,6,1,0,0,0,0,9,2015
419,0,0,Nic Jacobs,@NYJ,0,0,0,0,0,0,0.00,TE,0,0,6,1,0,0,0,0,9,2015
420,0,0,Ed Dickson,GB,0,0,0,0,0,0,0.00,TE,0,0,6,1,0,0,0,0,9,2015
421,0,0,Charles Clay,Mia,0,0,0,0,0,0,0.00,TE,0,0,6,1,0,0,0,0,9,2015
422,0,0,Scott Chandler,Was,0,0,0,0,0,0,0.00,TE,0,0,5,1,0,0,0,0,9,2015
423,0,0,Jordan Cameron,@Buf,0,0,0,0,0,0,0.00,TE,0,0,6,1,0,0,0,0,9,2015
424,0,0,Zach Miller,@Stl,0,0,0,0,0,0,22.00,TE,0,2,107,5,0,0,0,0,10,2015
425,0,0,Rob Gronkowski,@NYG,0,0,0,0,0,0,17.00,TE,0,1,113,5,0,0,0,0,10,2015
426,0,0,Jordan Reed,NO,0,0,0,0,0,0,14.00,TE,0,2,29,3,0,0,0,0,10,2015
427,0,0,Brent Celek,Mia,0,0,0,0,0,0,13.00,TE,0,0,134,4,0,0,0,0,10,2015
428,0,0,Gary Barnidge,@Pit,0,0,0,0,0,0,12.00,TE,0,1,65,6,0,0,0,0,10,2015
429,0,0,Justin Perillo,Det,0,0,0,0,0,0,11.00,TE,0,1,58,5,0,0,0,0,10,2015
430,0,0,Maxx Williams,Jax,0,0,0,0,0,0,10.00,TE,0,1,40,4,0,0,0,0,10,2015
431,0,0,Crockett Gillmore,Jax,0,0,0,0,0,0,10.00,TE,0,1,42,4,0,0,0,0,10,2015
432,0,0,Richard Rodgers,Det,0,0,0,0,0,0,9.00,TE,0,1,32,5,0,0,0,0,10,2015
433,0,0,Greg Olsen,@Ten,0,0,0,0,0,0,8.00,TE,0,0,80,8,0,0,0,0,10,2015
434,0,0,Jermaine Gresham,@Sea,0,0,0,0,0,0,8.00,TE,0,1,26,2,0,0,0,0,10,2015
435,0,0,Ed Dickson,@Ten,0,0,0,0,0,0,8.00,TE,0,1,21,3,0,0,0,0,10,2015
436,0,0,Clive Walford,Min,0,0,0,0,0,0,7.00,TE,0,1,18,2,0,0,0,0,10,2015
437,0,0,Rhett Ellison,@Oak,0,0,0,0,0,0,7.00,TE,0,1,18,2,0,0,0,0,10,2015
438,0,0,Brandon Pettigrew,@GB,0,0,0,0,0,0,6.00,TE,0,1,2,1,0,0,0,0,10,2015
439,0,0,Zach Ertz,Mia,0,0,0,0,0,0,6.00,TE,0,0,68,7,0,0,0,0,10,2015
440,0,0,Scott Chandler,@NYG,0,0,0,0,0,0,6.00,TE,0,1,1,1,0,0,0,0,10,2015
441,0,0,Delanie Walker,Car,0,0,0,0,0,0,5.00,TE,0,0,52,3,0,0,0,0,10,2015
442,0,0,Will Tye,NE,0,0,0,0,0,0,5.00,TE,0,0,56,5,0,0,0,0,10,2015
443,0,0,Charles Clay,@NYJ,0,0,0,0,0,0,5.00,TE,0,0,52,5,0,0,0,0,10,2015
444,0,0,Jason Witten,@TB,0,0,0,0,0,0,4.00,TE,0,0,42,5,0,0,0,0,10,2015
445,0,0,Mychal Rivera,Min,0,0,0,0,0,0,4.00,TE,0,0,46,6,0,0,0,0,10,2015
446,0,0,Heath Miller,Cle,0,0,0,0,0,0,4.00,TE,0,0,40,4,0,0,0,0,10,2015
447,0,0,Jimmy Graham,Ari,0,0,0,0,0,0,4.00,TE,0,0,41,3,0,0,0,0,10,2015
448,0,0,Brandon Myers,Dal,0,0,0,0,0,0,3.00,TE,0,0,35,3,0,0,0,0,10,2015
449,0,0,Travis Kelce,@Den,0,0,0,0,0,0,3.00,TE,0,0,36,5,0,0,0,0,10,2015
450,0,0,Ryan Griffin,@Cin,0,0,0,0,0,0,3.00,TE,0,0,36,3,0,0,0,0,10,2015
451,0,0,C.J. Fiedorowicz,@Cin,0,0,0,0,0,0,3.00,TE,0,0,30,2,0,0,0,0,10,2015
452,0,0,Jared Cook,Chi,0,0,0,0,0,0,3.00,TE,0,0,35,2,0,0,0,0,10,2015
453,0,0,Nick Boyle,Jax,0,0,0,0,0,0,3.00,TE,0,0,35,3,0,0,0,0,10,2015
454,0,0,Julius Thomas,@Bal,0,0,0,0,0,0,2.00,TE,0,0,23,2,0,0,0,0,10,2015
455,0,0,Darren Fells,@Sea,0,0,0,0,0,0,2.00,TE,0,0,21,3,0,0,0,0,10,2015
456,0,0,Gavin Escobar,@TB,0,0,0,0,0,0,2.00,TE,0,0,22,1,0,0,0,0,10,2015
457,0,0,Tyler Eifert,Hou,0,0,0,0,0,0,2.00,TE,0,0,26,3,0,0,0,0,10,2015
458,0,0,Eric Ebron,@GB,0,0,0,0,0,0,2.00,TE,0,0,28,4,0,0,0,0,10,2015
459,0,0,Benjamin Watson,@Was,0,0,0,0,0,0,1.00,TE,0,0,19,3,0,0,0,0,10,2015
460,0,0,Anthony Fasano,Car,0,0,0,0,0,0,1.00,TE,0,0,19,1,0,0,0,0,10,2015
461,0,0,Vernon Davis,KC,0,0,0,0,0,0,1.00,TE,0,0,19,2,0,0,0,0,10,2015
462,0,0,Owen Daniels,KC,0,0,0,0,0,0,1.00,TE,0,0,14,1,0,0,0,0,10,2015
463,0,0,Jerome Cunningham,NE,0,0,0,0,0,0,1.00,TE,0,0,16,1,0,0,0,0,10,2015
464,0,0,Martellus Bennett,@Stl,0,0,0,0,0,0,1.00,TE,0,0,18,3,0,0,0,0,10,2015
465,0,0,Lee Smith,Min,0,0,0,0,0,0,0.00,TE,0,0,1,1,0,0,0,0,10,2015
466,0,0,Dion Sims,@Phi,0,0,0,0,0,0,0.00,TE,0,0,8,1,0,0,0,0,10,2015
467,0,0,Kyle Rudolph,@Oak,0,0,0,0,0,0,0.00,TE,0,0,7,1,0,0,0,0,10,2015
468,0,0,MyCole Pruitt,@Oak,0,0,0,0,0,0,0.00,TE,0,0,7,2,0,0,0,0,10,2015
469,0,0,Brian Parker,@Den,0,0,0,0,0,0,0.00,TE,0,0,6,1,0,0,0,0,10,2015
470,0,0,Marcedes Lewis,@Bal,0,0,0,0,0,0,0.00,TE,0,0,9,1,0,0,0,0,10,2015
471,0,0,Lance Kendricks,Chi,0,0,0,0,0,0,0.00,TE,0,0,4,1,0,0,0,0,10,2015
472,0,0,Jesse James,Cle,0,0,0,0,0,0,0.00,TE,0,0,2,1,0,0,0,0,10,2015
473,0,0,Ryan Hewitt,Hou,0,0,0,0,0,0,0.00,TE,0,0,7,1,0,0,0,0,10,2015
474,0,0,Virgil Green,KC,0,0,0,0,0,0,0.00,TE,0,0,8,1,0,0,0,0,10,2015
475,0,0,Jordan Cameron,@Phi,0,0,0,0,0,0,0.00,TE,0,0,5,1,0,0,0,0,10,2015
476,0,0,Cameron Brate,Dal,0,0,0,0,0,0,0.00,TE,0,0,6,1,0,0,0,0,10,2015
477,0,0,Kyle Rudolph,GB,0,0,0,0,0,0,16.00,TE,0,1,106,6,0,0,0,0,11,2015
478,0,0,Tyler Eifert,@Ari,0,0,0,0,0,0,14.00,TE,0,2,22,3,0,0,0,0,11,2015
479,0,0,Vance McDonald,@Sea,0,0,0,0,0,0,12.00,TE,0,1,65,4,0,0,0,0,11,2015
480,0,0,Greg Olsen,Was,0,0,0,0,0,0,11.00,TE,0,1,54,3,0,0,0,0,11,2015
481,0,0,Delanie Walker,@Jax,0,0,0,0,0,0,10.00,TE,0,0,109,8,0,0,0,0,11,2015
482,0,0,Lance Kendricks,@Bal,0,0,0,0,0,0,10.00,TE,0,1,43,2,0,0,0,0,11,2015
483,0,0,Crockett Gillmore,Stl,0,0,0,0,0,0,10.00,TE,0,0,101,5,0,0,0,0,11,2015
484,0,0,Cameron Brate,@Phi,0,0,0,0,0,0,10.00,TE,0,1,47,3,0,0,0,0,11,2015
485,0,0,Julius Thomas,Ten,0,0,0,0,0,0,8.00,TE,0,1,28,5,0,0,0,0,11,2015
486,0,0,Jordan Cameron,Dal,0,0,0,0,0,0,8.00,TE,0,1,21,2,0,0,0,0,11,2015
487,0,0,Darren Fells,Cin,0,0,0,0,0,0,7.00,TE,0,1,18,1,0,0,0,0,11,2015
488,0,0,Brent Celek,TB,0,0,0,0,0,0,7.00,TE,0,0,79,7,0,0,0,0,11,2015
489,0,0,Vernon Davis,@Chi,0,0,0,0,0,0,6.00,TE,0,0,68,6,0,0,0,0,11,2015
490,0,0,Owen Daniels,@Chi,0,0,0,0,0,0,6.00,TE,0,0,69,4,0,0,0,0,11,2015
491,0,0,Zach Miller,Den,0,0,0,0,0,0,4.00,TE,0,0,47,3,0,0,0,0,11,2015
492,0,0,Travis Kelce,@SD,0,0,0,0,0,0,4.00,TE,0,0,46,5,0,0,0,0,11,2015
493,0,0,Coby Fleener,@Atl,0,0,0,0,0,0,4.00,TE,0,0,45,3,0,0,0,0,11,2015
494,0,1,Jordan Reed,@Car,0,0,0,0,0,0,3.00,TE,0,0,46,6,0,0,0,0,11,2015
495,0,0,Rob Gronkowski,Buf,0,0,0,0,0,0,3.00,TE,0,0,37,2,0,0,0,0,11,2015
496,0,0,Jimmy Graham,SF,0,0,0,0,0,0,3.00,TE,0,0,39,3,0,0,0,0,11,2015
497,0,0,Jared Cook,@Bal,0,0,0,0,0,0,3.00,TE,0,0,31,4,0,0,0,0,11,2015
498,0,0,Garrett Celek,@Sea,0,0,0,0,0,0,3.00,TE,0,0,35,2,0,0,0,0,11,2015
499,0,0,Jason Witten,@Mia,0,0,0,0,0,0,2.00,TE,0,0,27,2,0,0,0,0,11,2015
500,0,0,Maxx Williams,Stl,0,0,0,0,0,0,2.00,TE,0,0,20,3,0,0,0,0,11,2015
501,0,0,Clive Walford,@Det,0,0,0,0,0,0,2.00,TE,0,0,25,2,0,0,0,0,11,2015
502,0,0,Mychal Rivera,@Det,0,0,0,0,0,0,2.00,TE,0,0,21,1,0,0,0,0,11,2015
503,0,0,Demetrius Harris,@SD,0,0,0,0,0,0,2.00,TE,0,0,26,2,0,0,0,0,11,2015
504,0,0,Gavin Escobar,@Mia,0,0,0,0,0,0,2.00,TE,0,0,20,2,0,0,0,0,11,2015
505,0,0,Martellus Bennett,Den,0,0,0,0,0,0,2.00,TE,0,0,26,2,0,0,0,0,11,2015
506,0,0,Luke Willson,SF,0,0,0,0,0,0,1.00,TE,0,0,15,2,0,0,0,0,11,2015
507,0,0,Jacob Tamme,Ind,0,0,0,0,0,0,1.00,TE,0,0,16,1,0,0,0,0,11,2015
508,0,0,Clay Harbor,Ten,0,0,0,0,0,0,1.00,TE,0,0,17,2,0,0,0,0,11,2015
509,0,0,Anthony Fasano,@Jax,0,0,0,0,0,0,1.00,TE,0,0,14,2,0,0,0,0,11,2015
510,0,0,Zach Ertz,TB,0,0,0,0,0,0,1.00,TE,0,0,12,2,0,0,0,0,11,2015
511,0,0,Rhett Ellison,GB,0,0,0,0,0,0,1.00,TE,0,0,19,2,0,0,0,0,11,2015
512,0,0,Charles Clay,@NE,0,0,0,0,0,0,1.00,TE,0,0,14,1,0,0,0,0,11,2015
513,0,1,Phillip Supernaw,@Jax,0,0,0,0,0,0,0.00,TE,0,0,16,2,0,0,0,0,11,2015
514,0,0,Richard Rodgers,@Min,0,0,0,0,0,0,0.00,TE,0,0,7,3,0,0,0,0,11,2015
515,0,0,Joe Reitz,@Atl,0,0,0,0,0,0,0.00,TE,0,0,0,0,0,1,0,0,11,2015
516,0,0,MyCole Pruitt,GB,0,0,0,0,0,0,0.00,TE,0,0,8,1,0,0,0,0,11,2015
517,0,0,Brandon Pettigrew,Oak,0,0,0,0,0,0,0.00,TE,0,0,8,1,0,0,0,0,11,2015
518,0,0,Cooper Helfet,SF,0,0,0,0,0,0,0.00,TE,0,0,7,1,0,0,0,0,11,2015
519,0,0,Ryan Griffin,NYJ,0,0,0,0,0,0,0.00,TE,0,0,6,2,0,0,0,0,11,2015
520,0,0,Virgil Green,@Chi,0,0,0,0,0,0,0.00,TE,0,0,9,1,0,0,0,0,11,2015
521,0,0,Ladarius Green,KC,0,0,0,0,0,0,0.00,TE,0,0,9,1,0,0,0,0,11,2015
522,0,0,Antonio Gates,KC,0,0,0,0,0,0,0.00,TE,0,0,6,1,0,0,0,0,11,2015
523,0,0,Scott Chandler,Buf,0,0,0,0,0,0,0.00,TE,0,0,3,1,0,0,0,0,11,2015
524,0,0,Dwayne Allen,@Atl,0,0,0,0,0,0,0.00,TE,0,0,7,1,0,0,0,0,11,2015
525,0,0,Julius Thomas,SD,0,0,0,0,0,0,17.00,TE,0,1,116,9,0,0,0,0,12,2015
526,0,0,Antonio Gates,@Jax,0,0,0,0,0,0,17.00,TE,0,2,53,4,0,0,0,0,12,2015
527,0,0,Rob Gronkowski,@Den,0,0,0,0,0,0,14.00,TE,0,1,88,6,0,0,0,0,12,2015
528,0,0,Vance McDonald,Ari,0,0,0,0,0,0,13.00,TE,0,1,71,6,0,0,0,0,12,2015
529,0,0,Ryan Griffin,NO,0,0,0,0,0,0,13.00,TE,0,1,72,4,0,0,0,0,12,2015
530,0,0,Travis Kelce,Buf,0,0,0,0,0,0,12.00,TE,0,1,69,4,0,0,0,0,12,2015
531,0,0,Scott Chandler,@Den,0,0,0,0,0,0,11.00,TE,0,1,58,5,0,0,0,0,12,2015
532,0,0,Cameron Brate,@Ind,0,0,0,0,0,0,11.00,TE,0,1,53,5,0,0,0,0,12,2015
533,0,0,Tyler Eifert,Stl,0,0,0,0,0,0,10.00,TE,0,1,40,3,0,0,0,0,12,2015
534,0,0,Delanie Walker,Oak,0,0,0,0,0,0,9.00,TE,0,0,91,6,0,0,0,0,12,2015
535,0,0,Jordan Reed,NYG,0,0,0,0,0,0,9.00,TE,0,0,98,8,0,0,0,0,12,2015
536,0,0,Gary Barnidge,Bal,0,0,0,0,0,0,9.00,TE,0,0,91,7,0,0,0,0,12,2015
537,0,0,Craig Stevens,Oak,0,0,0,0,0,0,8.00,TE,0,1,20,1,0,0,0,0,12,2015
538,0,0,Will Tye,@Was,0,0,0,0,0,0,7.00,TE,0,0,74,6,0,0,0,0,12,2015
539,0,0,Greg Olsen,@Dal,0,0,0,0,0,0,7.00,TE,0,0,70,5,0,0,0,0,12,2015
540,0,0,Zach Miller,@GB,0,0,0,0,0,0,7.00,TE,0,1,10,2,0,0,0,0,12,2015
541,0,0,Jimmy Graham,Pit,0,0,0,0,0,0,7.00,TE,0,0,75,4,0,0,0,0,12,2015
542,0,0,Brent Celek,@Det,0,0,0,0,0,0,7.00,TE,0,1,10,2,0,0,0,0,12,2015
543,0,0,Jacob Tamme,Min,0,0,0,0,0,0,6.00,TE,0,0,69,5,0,0,0,0,12,2015
544,0,0,Blake Bell,Ari,0,0,0,0,0,0,6.00,TE,0,0,67,3,0,0,0,0,12,2015
545,0,0,Benjamin Watson,@Hou,0,0,0,0,0,0,5.00,TE,0,0,53,4,0,0,0,0,12,2015
546,0,0,Kyle Rudolph,@Atl,0,0,0,0,0,0,5.00,TE,0,0,53,7,0,0,0,0,12,2015
547,0,0,Jared Cook,@Cin,0,0,0,0,0,0,5.00,TE,0,0,58,4,0,0,0,0,12,2015
548,0,0,Heath Miller,@Sea,0,0,0,0,0,0,4.00,TE,0,0,45,5,0,0,0,0,12,2015
549,0,0,Owen Daniels,NE,0,0,0,0,0,0,4.00,TE,0,0,48,5,0,0,0,0,12,2015
550,0,0,Trey Burton,@Det,0,0,0,0,0,0,4.00,TE,0,0,49,2,0,0,0,0,12,2015
551,0,0,Jason Witten,Car,0,0,0,0,0,0,3.00,TE,0,0,36,4,0,0,0,0,12,2015
552,0,0,Richard Rodgers,Chi,0,0,0,0,0,0,3.00,TE,0,0,30,4,0,0,0,0,12,2015
553,0,0,Charles Clay,@KC,0,0,0,0,0,0,3.00,TE,0,0,31,5,0,0,0,0,12,2015
554,0,0,Mychal Rivera,@Ten,0,0,0,0,0,0,2.00,TE,0,0,28,2,0,0,0,0,12,2015
555,0,0,Brandon Pettigrew,Phi,0,0,0,0,0,0,2.00,TE,0,0,21,1,0,0,0,0,12,2015
556,0,0,Marcedes Lewis,SD,0,0,0,0,0,0,2.00,TE,0,0,24,1,0,0,0,0,12,2015
557,0,0,Jesse James,@Sea,0,0,0,0,0,0,2.00,TE,1,0,8,1,0,0,0,0,12,2015
558,0,0,Ryan Hewitt,Stl,0,0,0,0,0,0,2.00,TE,0,0,29,2,0,0,0,0,12,2015
559,0,0,Crockett Gillmore,@Cle,0,0,0,0,0,0,2.00,TE,0,0,20,3,0,0,0,0,12,2015
560,0,0,Coby Fleener,TB,0,0,0,0,0,0,2.00,TE,0,0,27,3,0,0,0,0,12,2015
561,0,0,C.J. Fiedorowicz,NO,0,0,0,0,0,0,2.00,TE,0,0,20,2,0,0,0,0,12,2015
562,0,0,Anthony Fasano,Oak,0,0,0,0,0,0,2.00,TE,0,0,22,2,0,0,0,0,12,2015
563,0,0,Rhett Ellison,@Atl,0,0,0,0,0,0,2.00,TE,0,0,23,1,0,0,0,0,12,2015
564,0,0,Eric Ebron,Phi,0,0,0,0,0,0,2.00,TE,0,0,28,2,0,0,0,0,12,2015
565,0,0,Luke Willson,Pit,0,0,0,0,0,0,1.00,TE,0,0,12,1,0,0,0,0,12,2015
566,0,0,Clive Walford,@Ten,0,0,0,0,0,0,1.00,TE,0,0,14,1,0,0,0,0,12,2015
567,0,0,Lance Kendricks,@Cin,0,0,0,0,0,0,1.00,TE,0,0,17,3,0,0,0,0,12,2015
568,0,0,Clay Harbor,SD,0,0,0,0,0,0,1.00,TE,0,0,12,1,0,0,0,0,12,2015
569,0,0,Ladarius Green,@Jax,0,0,0,0,0,0,1.00,TE,0,0,19,1,0,0,0,0,12,2015
570,0,0,Vernon Davis,NE,0,0,0,0,0,0,1.00,TE,0,0,10,2,0,0,0,0,12,2015
571,0,0,Jordan Cameron,@NYJ,0,0,0,0,0,0,1.00,TE,0,0,13,2,0,0,0,0,12,2015
572,0,0,Nick Boyle,@Cle,0,0,0,0,0,0,1.00,TE,0,0,10,1,0,0,0,0,12,2015
573,0,0,Dwayne Allen,TB,0,0,0,0,0,0,1.00,TE,0,0,19,2,0,0,0,0,12,2015
574,0,0,Matt Spaeth,@Sea,0,0,0,0,0,0,0.00,TE,0,0,6,1,0,0,0,0,12,2015
575,0,0,Lee Smith,@Ten,0,0,0,0,0,0,0.00,TE,0,0,2,1,0,0,0,0,12,2015
576,0,0,Dion Sims,@NYJ,0,0,0,0,0,0,0.00,TE,0,0,-1,1,0,0,0,0,12,2015
577,0,0,Justin Perillo,Chi,0,0,0,0,0,0,0.00,TE,0,0,9,2,0,0,0,0,12,2015
578,0,0,Khari Lee,@GB,0,0,0,0,0,0,0.00,TE,0,0,7,1,0,0,0,0,12,2015
579,0,0,Tyler Kroft,Stl,0,0,0,0,0,0,0.00,TE,0,0,4,1,0,0,0,0,12,2015
580,0,0,Malcolm Johnson,Bal,0,0,0,0,0,0,0.00,TE,0,0,1,1,0,0,0,0,12,2015
581,0,0,Cory Harkey,@Cin,0,0,0,0,0,0,0.00,TE,0,0,2,1,0,0,0,0,12,2015
582,0,0,Jermaine Gresham,@SF,0,0,0,0,0,0,0.00,TE,0,0,9,1,0,0,0,0,12,2015
583,0,0,Gavin Escobar,Car,0,0,0,0,0,0,0.00,TE,0,0,-2,1,0,0,0,0,12,2015
584,0,0,Jack Doyle,TB,0,0,0,0,0,0,0.00,TE,0,0,5,1,0,0,0,0,12,2015
585,0,0,Jerome Cunningham,@Was,0,0,0,0,0,0,0.00,TE,0,0,2,1,0,0,0,0,12,2015
586,0,0,Asante Cleveland,@Den,0,0,0,0,0,0,0.00,TE,0,0,1,1,0,0,0,0,12,2015
587,0,0,Richard Rodgers,@Det,0,0,0,0,0,0,20.00,TE,0,1,146,8,0,0,0,0,13,2015
588,0,0,Delanie Walker,Jax,0,0,0,0,0,0,15.00,TE,0,1,92,8,0,0,0,0,13,2015
589,0,0,Charles Clay,Hou,0,0,0,0,0,0,12.00,TE,0,1,66,4,0,0,0,0,13,2015
590,0,0,Scott Chandler,Phi,0,0,0,0,0,0,12.00,TE,0,1,61,4,0,0,0,0,13,2015
591,0,1,Greg Olsen,@NO,0,0,0,0,0,0,11.00,TE,0,0,129,9,0,0,0,0,13,2015
592,0,0,Benjamin Watson,Car,0,0,0,0,0,0,9.00,TE,0,1,38,4,0,0,0,0,13,2015
593,0,0,Ryan Griffin,@Buf,0,0,0,0,0,0,8.00,TE,0,1,29,3,0,0,0,0,13,2015
594,0,0,Will Tye,NYJ,0,0,0,0,0,0,7.00,TE,0,0,70,3,0,0,0,0,13,2015
595,0,0,Julius Thomas,@Ten,0,0,0,0,0,0,7.00,TE,0,1,15,2,0,0,0,0,13,2015
596,0,0,Craig Stevens,Jax,0,0,0,0,0,0,7.00,TE,0,1,11,2,0,0,0,0,13,2015
597,0,0,Lee Smith,KC,0,0,0,0,0,0,6.00,TE,0,1,5,1,0,0,0,0,13,2015
598,0,0,Zach Ertz,@NE,0,0,0,0,0,0,6.00,TE,0,1,9,2,0,0,0,0,13,2015
599,0,0,Eric Ebron,GB,0,0,0,0,0,0,6.00,TE,0,1,9,2,0,0,0,0,13,2015
600,0,0,Clive Walford,KC,0,0,0,0,0,0,5.00,TE,0,0,53,5,0,0,0,0,13,2015
601,0,1,Travis Kelce,@Oak,0,0,0,0,0,0,5.00,TE,1,0,42,2,0,0,0,0,13,2015
602,0,0,Antonio Gates,Den,0,0,0,0,0,0,5.00,TE,0,0,50,6,0,0,0,0,13,2015
603,0,0,Gary Barnidge,Cin,0,0,0,0,0,0,5.00,TE,0,0,59,5,0,0,0,0,13,2015
604,0,0,Jason Witten,@Was,0,0,0,0,0,0,4.00,TE,0,0,46,5,0,0,0,0,13,2015
605,0,0,Luke Willson,@Min,0,0,0,0,0,0,3.00,TE,0,0,36,2,0,0,0,0,13,2015
606,0,0,Austin Seferian-Jenkins,Atl,0,0,0,0,0,0,3.00,TE,0,0,31,3,0,0,0,0,13,2015
607,0,0,Jordan Reed,Dal,0,0,0,0,0,0,3.00,TE,0,0,33,3,0,0,0,0,13,2015
608,0,0,Jesse James,Ind,0,0,0,0,0,0,3.00,TE,0,0,30,3,0,0,0,0,13,2015
609,0,0,Jacob Tamme,@TB,0,0,0,0,0,0,2.00,TE,0,0,26,3,0,0,0,0,13,2015
610,0,0,Virgil Green,@SD,0,0,0,0,0,0,2.00,TE,0,0,22,1,0,0,0,0,13,2015
611,0,0,Ladarius Green,Den,0,0,0,0,0,0,2.00,TE,0,0,21,2,0,0,0,0,13,2015
612,0,0,Coby Fleener,@Pit,0,0,0,0,0,0,2.00,TE,0,0,20,4,0,0,0,0,13,2015
613,0,0,Darren Fells,@Stl,0,0,0,0,0,0,2.00,TE,0,0,22,1,0,0,0,0,13,2015
614,0,0,Ed Dickson,@NO,0,0,0,0,0,0,2.00,TE,0,0,27,3,0,0,0,0,13,2015
615,0,0,Vernon Davis,@SD,0,0,0,0,0,0,2.00,TE,0,0,25,2,0,0,0,0,13,2015
616,0,0,Jared Cook,Ari,0,0,0,0,0,0,2.00,TE,0,0,22,3,0,0,0,0,13,2015
617,0,0,Kyle Rudolph,Sea,0,0,0,0,0,0,1.00,TE,0,0,13,3,0,0,0,0,13,2015
618,0,0,Mychal Rivera,KC,0,0,0,0,0,0,1.00,TE,0,0,13,2,0,0,0,0,13,2015
619,0,0,Vance McDonald,@Chi,0,0,0,0,0,0,1.00,TE,0,0,18,2,0,0,0,0,13,2015
620,0,0,Tyler Kroft,@Cle,0,0,0,0,0,0,1.00,TE,0,0,17,1,0,0,0,0,13,2015
621,0,0,Michael Hoomanawanui,Car,0,0,0,0,0,0,1.00,TE,0,0,19,1,0,0,0,0,13,2015
622,0,0,Josh Hill,Car,0,0,0,0,0,0,1.00,TE,0,0,11,2,0,0,0,0,13,2015
623,0,0,Cooper Helfet,@Min,0,0,0,0,0,0,1.00,TE,0,0,13,1,0,0,0,0,13,2015
624,0,0,James Hanna,@Was,0,0,0,0,0,0,1.00,TE,0,0,11,1,0,0,0,0,13,2015
625,0,0,Jermaine Gresham,@Stl,0,0,0,0,0,0,1.00,TE,0,0,13,1,0,0,0,0,13,2015
626,0,0,Owen Daniels,@SD,0,0,0,0,0,0,1.00,TE,0,0,13,2,0,0,0,0,13,2015
627,0,0,Brent Celek,@NE,0,0,0,0,0,0,1.00,TE,0,0,16,1,0,0,0,0,13,2015
628,0,0,Cameron Brate,Atl,0,0,0,0,0,0,1.00,TE,0,0,12,2,0,0,0,0,13,2015
629,0,0,Nick Boyle,@Mia,0,0,0,0,0,0,1.00,TE,0,0,15,3,0,0,0,0,13,2015
630,0,0,Martellus Bennett,SF,0,0,0,0,0,0,1.00,TE,0,0,14,3,0,0,0,0,13,2015
631,0,0,C.J. Uzomah,@Cle,0,0,0,0,0,0,0.00,TE,0,0,4,1,0,0,0,0,13,2015
632,0,0,Luke Stocker,Atl,0,0,0,0,0,0,0.00,TE,0,0,4,1,0,0,0,0,13,2015
633,0,0,Dion Sims,Bal,0,0,0,0,0,0,0.00,TE,0,0,4,1,0,0,0,0,13,2015
634,0,0,MyCole Pruitt,Sea,0,0,0,0,0,0,0.00,TE,0,0,4,1,0,0,0,0,13,2015
635,0,0,John Phillips,Den,0,0,0,0,0,0,0.00,TE,0,0,8,1,0,0,0,0,13,2015
636,0,0,Zach Miller,SF,0,0,0,0,0,0,0.00,TE,0,0,6,1,0,0,0,0,13,2015
637,0,0,Marcedes Lewis,@Ten,0,0,0,0,0,0,0.00,TE,0,0,7,1,0,0,0,0,13,2015
638,0,0,David Johnson,Den,0,0,0,0,0,0,0.00,TE,0,0,0,0,0,1,0,2,13,2015
639,0,0,Ryan Hewitt,@Cle,0,0,0,0,0,0,0.00,TE,0,0,7,1,0,0,0,0,13,2015
640,0,0,Cory Harkey,Ari,0,0,0,0,0,0,0.00,TE,0,0,4,1,0,0,0,0,13,2015
641,0,0,Crockett Gillmore,@Mia,0,0,0,0,0,0,0.00,TE,0,0,7,1,0,0,0,0,13,2015
642,0,0,C.J. Fiedorowicz,@Buf,0,0,0,0,0,0,0.00,TE,0,0,8,1,0,0,0,0,13,2015
643,0,0,Kellen Davis,@NYG,0,0,0,0,0,0,0.00,TE,0,0,8,1,0,0,0,0,13,2015
644,0,0,Jordan Cameron,Bal,0,0,0,0,0,0,0.00,TE,0,0,4,1,0,0,0,0,13,2015
645,0,0,E.J. Bibbs,Cin,0,0,0,0,0,0,0.00,TE,0,0,7,1,0,0,0,0,13,2015
646,0,0,Blake Bell,@Chi,0,0,0,0,0,0,0.00,TE,0,0,5,1,0,0,0,0,13,2015
647,0,0,Dwayne Allen,@Pit,0,0,0,0,0,0,0.00,TE,0,0,6,1,0,0,0,0,13,2015
648,0,0,Jordan Reed,@Chi,0,0,0,0,0,0,18.00,TE,0,1,120,9,0,0,0,0,14,2015
649,0,0,Zach Miller,Was,0,0,0,0,0,0,14.00,TE,0,1,85,5,0,0,0,0,14,2015
650,0,0,Rob Gronkowski,@Hou,0,0,0,0,0,0,14.00,TE,0,1,87,4,0,0,0,0,14,2015
651,0,0,Gary Barnidge,SF,0,0,0,0,0,0,14.00,TE,0,1,84,5,0,0,0,0,14,2015
652,0,0,Julius Thomas,Ind,0,0,0,0,0,0,11.00,TE,0,1,54,5,0,0,0,0,14,2015
653,0,0,Mychal Rivera,@Den,0,0,0,0,0,0,10.00,TE,0,1,49,3,0,0,0,0,14,2015
654,0,0,Will Tye,@Mia,0,0,0,0,0,0,9.00,TE,0,1,30,5,0,0,0,0,14,2015
655,0,0,Zach Ertz,Buf,0,0,0,0,0,0,9.00,TE,0,0,98,5,0,0,0,0,14,2015
656,0,0,Benjamin Watson,@TB,0,0,0,0,0,0,7.00,TE,0,0,70,7,0,0,0,0,14,2015
657,0,0,Delanie Walker,@NYJ,0,0,0,0,0,0,7.00,TE,0,0,71,7,0,0,0,0,14,2015
658,0,0,Antonio Gates,@KC,0,0,0,0,0,0,7.00,TE,0,0,76,6,0,0,0,0,14,2015
659,0,0,Vernon Davis,Oak,0,0,0,0,0,0,7.00,TE,0,0,74,7,0,0,0,0,14,2015
660,0,0,Kyle Rudolph,@Ari,0,0,0,0,0,0,6.00,TE,0,0,67,6,0,0,0,0,14,2015
661,0,0,Richard Rodgers,Dal,0,0,0,0,0,0,6.00,TE,0,1,3,1,0,0,0,0,14,2015
662,0,0,Heath Miller,@Cin,0,0,0,0,0,0,6.00,TE,0,0,66,10,0,1,0,2,14,2015
663,0,0,Ed Dickson,Atl,0,0,0,0,0,0,6.00,TE,0,1,4,1,0,0,0,0,14,2015
664,0,0,Greg Olsen,Atl,0,0,0,0,0,0,5.00,TE,0,0,52,3,0,0,0,0,14,2015
665,0,0,Jason Witten,@GB,0,0,0,0,0,0,4.00,TE,0,0,40,5,0,0,0,0,14,2015
666,0,0,Clive Walford,@Den,0,0,0,0,0,0,4.00,TE,0,0,47,3,0,0,0,0,14,2015
667,0,0,Darren Fells,Min,0,0,0,0,0,0,4.00,TE,0,0,43,3,0,0,0,0,14,2015
668,0,0,Rhett Ellison,@Ari,0,0,0,0,0,0,4.00,TE,0,0,41,1,0,0,0,0,14,2015
669,0,0,Tyler Eifert,Pit,0,0,0,0,0,0,4.00,TE,0,0,42,2,0,0,0,0,14,2015
670,0,0,Owen Daniels,Oak,0,0,0,0,0,0,4.00,TE,0,0,43,3,0,0,0,0,14,2015
671,0,0,Blake Bell,@Cle,0,0,0,0,0,0,4.00,TE,0,0,49,3,0,0,0,0,14,2015
672,0,0,Austin Seferian-Jenkins,NO,0,0,0,0,0,0,3.00,TE,0,0,31,3,0,0,0,0,14,2015
673,0,0,MyCole Pruitt,@Ari,0,0,0,0,0,0,3.00,TE,0,0,36,2,0,0,0,0,14,2015
674,0,0,Tyler Kroft,Pit,0,0,0,0,0,0,3.00,TE,0,0,31,2,0,0,0,0,14,2015
675,0,0,Jordan Cameron,NYG,0,0,0,0,0,0,3.00,TE,0,0,35,3,0,0,0,0,14,2015
676,0,0,Jacob Tamme,@Car,0,0,0,0,0,0,2.00,TE,0,0,26,4,0,0,0,0,14,2015
677,0,0,Cooper Helfet,@Bal,0,0,0,0,0,0,2.00,TE,0,0,20,2,0,0,0,0,14,2015
678,0,0,Clay Harbor,Ind,0,0,0,0,0,0,2.00,TE,0,0,21,2,0,0,0,0,14,2015
679,0,0,Ryan Griffin,NE,0,0,0,0,0,0,2.00,TE,0,0,20,1,0,0,0,0,14,2015
680,0,0,Ladarius Green,@KC,0,0,0,0,0,0,2.00,TE,0,0,26,2,0,0,0,0,14,2015
681,0,0,Eric Ebron,@Stl,0,0,0,0,0,0,2.00,TE,0,0,27,3,0,0,0,0,14,2015
682,0,0,Phillip Supernaw,@NYJ,0,0,0,0,0,0,1.00,TE,0,0,16,1,0,0,0,0,14,2015
683,0,0,Scott Simonson,Atl,0,0,0,0,0,0,1.00,TE,0,0,10,1,0,0,0,0,14,2015
684,0,0,Marcedes Lewis,Ind,0,0,0,0,0,0,1.00,TE,0,0,14,1,0,0,0,0,14,2015
685,0,0,Travis Kelce,SD,0,0,0,0,0,0,1.00,TE,0,0,18,3,0,0,0,0,14,2015
686,0,0,Demetrius Harris,SD,0,0,0,0,0,0,1.00,TE,0,0,18,2,0,0,0,0,14,2015
687,0,0,Chris Gragg,@Phi,0,0,0,0,0,0,1.00,TE,0,0,11,1,0,0,0,0,14,2015
688,0,0,Jared Cook,Det,0,0,0,0,0,0,1.00,TE,0,0,11,1,0,0,0,0,14,2015
689,0,0,Cameron Brate,NO,0,0,0,0,0,0,1.00,TE,0,0,16,2,0,0,0,0,14,2015
690,0,0,Luke Willson,@Bal,0,0,0,0,0,0,0.00,TE,0,0,8,1,0,0,0,0,14,2015
691,0,1,Dion Sims,NYG,0,0,0,0,0,0,0.00,TE,0,0,14,3,0,0,0,0,14,2015
692,0,0,Brandon Pettigrew,@Stl,0,0,0,0,0,0,0.00,TE,0,0,7,1,0,0,0,0,14,2015
693,0,0,Justin Perillo,Dal,0,0,0,0,0,0,0.00,TE,0,0,3,1,0,0,0,0,14,2015
694,0,0,Brian Leonhardt,@Cle,0,0,0,0,0,0,0.00,TE,0,0,4,1,0,0,0,0,14,2015
695,0,0,Josh Hill,@TB,0,0,0,0,0,0,0.00,TE,0,0,6,1,0,0,0,0,14,2015
696,0,0,Ryan Hewitt,Pit,0,0,0,0,0,0,0.00,TE,0,0,9,1,0,0,0,0,14,2015
697,0,0,Coby Fleener,@Jax,0,0,0,0,0,0,0.00,TE,0,0,6,1,0,0,0,0,14,2015
698,0,0,Charles Clay,@Phi,0,0,0,0,0,0,0.00,TE,0,0,9,1,0,0,0,0,14,2015
699,0,0,Brent Celek,Buf,0,0,0,0,0,0,0.00,TE,0,0,1,1,0,0,0,0,14,2015
700,0,0,Dwayne Allen,@Jax,0,0,0,0,0,0,0.00,TE,0,0,-3,2,0,0,0,0,14,2015
701,0,0,Jordan Reed,Buf,0,0,0,0,0,0,20.00,TE,0,2,84,7,0,0,0,0,15,2015
702,0,0,Delanie Walker,@NE,0,0,0,0,0,0,18.00,TE,0,2,64,2,0,0,0,0,15,2015
703,0,0,Greg Olsen,@NYG,0,0,0,0,0,0,13.00,TE,0,1,79,6,0,0,0,0,15,2015
704,0,0,Zach Ertz,Ari,0,0,0,0,0,0,13.00,TE,0,1,78,8,0,0,0,0,15,2015
705,0,0,Rob Gronkowski,Ten,0,0,0,0,0,0,11.00,TE,0,1,54,5,0,0,0,0,15,2015
706,0,0,Benjamin Watson,Det,0,0,0,0,0,0,10.00,TE,0,1,49,6,0,0,0,0,15,2015
707,0,0,Will Tye,Car,0,0,0,0,0,0,10.00,TE,0,1,43,5,0,0,0,0,15,2015
708,0,0,Tyler Kroft,@SF,0,0,0,0,0,0,9.00,TE,0,1,31,3,0,0,0,0,15,2015
709,0,0,Luke Stocker,@Stl,0,0,0,0,0,0,8.00,TE,0,1,25,3,0,0,0,0,15,2015
710,0,0,Austin Seferian-Jenkins,@Stl,0,0,0,0,0,0,8.00,TE,0,1,29,3,0,0,0,0,15,2015
711,0,0,Antonio Gates,Mia,0,0,0,0,0,0,8.00,TE,0,0,88,6,0,0,0,0,15,2015
712,0,0,Gary Barnidge,@Sea,0,0,0,0,0,0,8.00,TE,0,1,29,3,0,0,0,0,15,2015
713,0,0,Julius Thomas,Atl,0,0,0,0,0,0,7.00,TE,0,0,79,6,0,0,0,0,15,2015
714,0,0,Travis Kelce,@Bal,0,0,0,0,0,0,7.00,TE,0,0,73,6,0,0,0,0,15,2015
715,0,0,Eric Ebron,@NO,0,0,0,0,0,0,7.00,TE,0,0,79,4,0,0,0,0,15,2015
716,0,0,Jared Cook,TB,0,0,0,0,0,0,6.00,TE,0,0,64,4,0,0,0,0,15,2015
717,0,0,Zach Miller,@Min,0,0,0,0,0,0,5.00,TE,0,0,57,6,0,0,0,0,15,2015
718,0,0,Darren Fells,@Phi,0,0,0,0,0,0,5.00,TE,0,0,54,3,0,0,0,0,15,2015
719,0,0,Jason Witten,NYJ,0,0,0,0,0,0,4.00,TE,0,0,49,5,0,0,0,0,15,2015
720,0,0,Blake Bell,Cin,0,0,0,0,0,0,4.00,TE,0,0,43,4,0,0,0,0,15,2015
721,0,0,Maxx Williams,KC,0,0,0,0,0,0,3.00,TE,0,0,31,5,0,0,0,0,15,2015
722,0,0,Nick O'Leary,@Was,0,0,0,0,0,0,3.00,TE,0,0,37,1,0,0,0,0,15,2015
723,0,0,Ryan Griffin,@Ind,0,0,0,0,0,0,3.00,TE,0,0,30,2,0,0,0,0,15,2015
724,0,0,Brent Celek,Ari,0,0,0,0,0,0,3.00,TE,0,0,31,2,0,0,0,0,15,2015
725,0,0,Kyle Rudolph,Chi,0,0,0,0,0,0,2.00,TE,0,0,21,2,0,0,0,0,15,2015
726,0,0,Mychal Rivera,GB,0,0,0,0,0,0,2.00,TE,0,0,20,3,0,0,0,0,15,2015
727,0,0,Marcedes Lewis,Atl,0,0,0,0,0,0,2.00,TE,0,0,26,1,0,0,0,0,15,2015
728,0,0,Lance Kendricks,TB,0,0,0,0,0,0,2.00,TE,0,0,27,3,0,0,0,0,15,2015
729,0,0,Anthony Fasano,@NE,0,0,0,0,0,0,2.00,TE,0,0,21,3,0,0,0,0,15,2015
730,0,0,Cameron Brate,@Stl,0,0,0,0,0,0,2.00,TE,0,0,20,3,0,0,0,0,15,2015
731,0,0,Luke Willson,Cle,0,0,0,0,0,0,1.00,TE,0,0,17,2,0,0,0,0,15,2015
732,0,0,Clive Walford,GB,0,0,0,0,0,0,1.00,TE,0,0,10,2,0,0,0,0,15,2015
733,0,0,Heath Miller,Den,0,0,0,0,0,0,1.00,TE,0,0,12,3,0,0,0,0,15,2015
734,0,0,Vance McDonald,Cin,0,0,0,0,0,0,1.00,TE,0,0,10,1,0,0,0,0,15,2015
735,0,0,James Hanna,NYJ,0,0,0,0,0,0,1.00,TE,0,0,17,1,0,0,0,0,15,2015
736,0,0,Ladarius Green,Mia,0,0,0,0,0,0,1.00,TE,0,0,13,2,0,0,0,0,15,2015
737,0,0,Chris Gragg,@Was,0,0,0,0,0,0,1.00,TE,0,0,16,1,0,0,0,0,15,2015
738,0,0,Coby Fleener,Hou,0,0,0,0,0,0,1.00,TE,0,0,12,1,0,0,0,0,15,2015
739,0,0,Owen Daniels,@Pit,0,0,0,0,0,0,1.00,TE,0,0,14,2,0,0,0,0,15,2015
740,0,0,Michael Williams,Ten,0,0,0,0,0,0,0.00,TE,0,0,7,1,0,0,0,0,15,2015
741,0,0,Craig Stevens,@NE,0,0,0,0,0,0,0.00,TE,0,0,5,1,0,0,0,0,15,2015
742,0,0,Dion Sims,@SD,0,0,0,0,0,0,0.00,TE,0,0,9,1,0,0,0,0,15,2015
743,0,0,Richard Rodgers,@Oak,0,0,0,0,0,0,0.00,TE,0,0,7,1,0,0,0,0,15,2015
744,0,0,Justin Perillo,@Oak,0,0,0,0,0,0,0.00,TE,0,0,5,1,0,0,0,0,15,2015
745,0,0,Rob Housler,@Min,0,0,0,0,0,0,0.00,TE,0,0,9,1,0,0,0,0,15,2015
746,0,0,Michael Hoomanawanui,Det,0,0,0,0,0,0,0.00,TE,0,0,0,0,0,1,0,0,15,2015
747,0,0,Ryan Hewitt,@SF,0,0,0,0,0,0,0.00,TE,0,0,9,1,0,0,0,0,15,2015
748,0,0,Cooper Helfet,Cle,0,0,0,0,0,0,0.00,TE,0,0,5,1,0,0,0,0,15,2015
749,0,0,Vernon Davis,@Pit,0,0,0,0,0,0,0.00,TE,0,0,5,1,0,0,0,0,15,2015
750,0,0,Kellen Davis,@Dal,0,0,0,0,0,0,0.00,TE,0,0,9,1,0,0,0,0,15,2015
751,0,0,Jerome Cunningham,Car,0,0,0,0,0,0,0.00,TE,0,0,7,1,0,0,0,0,15,2015
752,0,0,Jordan Cameron,@SD,0,0,0,0,0,0,0.00,TE,0,0,5,1,0,0,0,0,15,2015
753,0,0,Dwayne Allen,Hou,0,0,0,0,0,0,0.00,TE,0,0,5,1,0,1,0,1,15,2015
754,0,0,Jordan Reed,@Phi,0,0,0,0,0,0,24.00,TE,0,2,129,9,0,0,0,0,16,2015
755,0,0,Austin Seferian-Jenkins,Chi,0,0,0,0,0,0,12.00,TE,0,1,60,2,0,0,0,0,16,2015
756,0,0,Vance McDonald,@Det,0,0,0,0,0,0,12.00,TE,0,1,61,5,0,0,0,0,16,2015
757,0,0,Kyle Rudolph,NYG,0,0,0,0,0,0,11.00,TE,0,1,53,2,0,0,0,0,16,2015
758,0,1,Zach Ertz,Was,0,0,0,0,0,0,11.00,TE,0,0,122,13,0,0,0,0,16,2015
759,0,0,Travis Kelce,Cle,0,0,0,0,0,0,10.00,TE,0,1,43,6,0,0,0,0,16,2015
760,0,0,Rob Gronkowski,@NYJ,0,0,0,0,0,0,8.00,TE,0,0,86,4,0,0,0,0,16,2015
761,0,0,Michael Hoomanawanui,Jax,0,0,0,0,0,0,7.00,TE,0,1,17,1,0,0,0,0,16,2015
762,0,0,Owen Daniels,Cin,0,0,0,0,0,0,7.00,TE,0,0,70,5,0,0,0,0,16,2015
763,0,0,Zach Miller,@TB,0,0,0,0,0,0,6.00,TE,0,0,69,7,0,0,0,0,16,2015
764,0,0,Delanie Walker,Hou,0,0,0,0,0,0,5.00,TE,0,0,59,9,0,0,0,0,16,2015
765,0,0,Greg Olsen,@Atl,0,0,0,0,0,0,4.00,TE,0,0,40,4,0,0,0,0,16,2015
766,0,0,Heath Miller,@Bal,0,0,0,0,0,0,4.00,TE,0,0,49,5,0,0,0,0,16,2015
767,0,0,Tyler Kroft,@Den,0,0,0,0,0,0,4.00,TE,0,0,46,4,0,0,0,0,16,2015
768,0,0,Cooper Helfet,Stl,0,0,0,0,0,0,4.00,TE,0,0,43,4,0,0,0,0,16,2015
769,0,0,Eric Ebron,SF,0,0,0,0,0,0,4.00,TE,0,0,49,4,0,0,0,0,16,2015
770,0,0,Cameron Brate,Chi,0,0,0,0,0,0,4.00,TE,0,0,46,1,0,0,0,0,16,2015
771,0,0,Gary Barnidge,@KC,0,0,0,0,0,0,4.00,TE,0,0,47,3,0,0,0,0,16,2015
772,0,0,Jordan Cameron,Ind,0,0,0,0,0,0,3.00,TE,0,0,34,3,0,0,0,0,16,2015
773,0,0,Clive Walford,SD,0,0,0,0,0,0,2.00,TE,0,0,22,1,0,0,0,0,16,2015
774,0,0,Will Tye,@Min,0,0,0,0,0,0,2.00,TE,0,0,28,3,0,0,0,0,16,2015
775,0,0,Jacob Tamme,Car,0,0,0,0,0,0,2.00,TE,0,0,29,4,0,0,0,0,16,2015
776,0,0,Matt LaCosse,@Min,0,0,0,0,0,0,2.00,TE,0,0,22,3,0,0,0,0,16,2015
777,0,0,Clay Harbor,@NO,0,0,0,0,0,0,2.00,TE,1,0,7,1,0,0,0,0,16,2015
778,0,0,Ladarius Green,@Oak,0,0,0,0,0,0,2.00,TE,0,0,27,2,0,0,0,0,16,2015
779,0,0,Anthony Fasano,Hou,0,0,0,0,0,0,2.00,TE,0,0,21,2,0,0,0,0,16,2015
780,0,0,Jerome Cunningham,@Min,0,0,0,0,0,0,2.00,TE,0,0,21,2,0,0,0,0,16,2015
781,0,0,Jason Witten,@Buf,0,0,0,0,0,0,1.00,TE,0,0,12,1,0,0,0,0,16,2015
782,0,0,Maxx Williams,Pit,0,0,0,0,0,0,1.00,TE,0,0,16,2,0,0,0,0,16,2015
783,0,0,Julius Thomas,@NO,0,0,0,0,0,0,1.00,TE,0,0,12,2,0,0,0,0,16,2015
784,0,0,Lee Smith,SD,0,0,0,0,0,0,1.00,TE,0,0,17,1,0,0,0,0,16,2015
785,0,0,Andrew Quarless,@Ari,0,0,0,0,0,0,1.00,TE,0,0,17,2,0,0,0,0,16,2015
786,0,0,Marcedes Lewis,@NO,0,0,0,0,0,0,1.00,TE,0,0,13,1,0,0,0,0,16,2015
787,0,0,Josh Hill,Jax,0,0,0,0,0,0,1.00,TE,0,0,12,2,0,0,0,0,16,2015
788,0,0,James Hanna,@Buf,0,0,0,0,0,0,1.00,TE,0,0,10,1,0,0,0,0,16,2015
789,0,0,Ryan Griffin,@Ten,0,0,0,0,0,0,1.00,TE,0,0,13,1,0,0,0,0,16,2015
790,0,0,Chris Gragg,Dal,0,0,0,0,0,0,1.00,TE,0,0,19,2,0,0,0,0,16,2015
791,0,0,Antonio Gates,@Oak,0,0,0,0,0,0,1.00,TE,0,0,11,2,0,0,0,0,16,2015
792,0,0,Coby Fleener,@Mia,0,0,0,0,0,0,1.00,TE,0,0,13,2,0,0,0,0,16,2015
793,0,0,Jim Dray,@KC,0,0,0,0,0,0,1.00,TE,0,0,18,1,0,0,0,0,16,2015
794,0,0,Brent Celek,Was,0,0,0,0,0,0,1.00,TE,0,0,18,1,0,0,0,0,16,2015
795,0,0,Benjamin Watson,Jax,0,0,0,0,0,0,0.00,TE,0,0,5,1,0,0,0,0,16,2015
796,0,0,Luke Stocker,Chi,0,0,0,0,0,0,0.00,TE,0,0,7,1,0,0,0,0,16,2015
797,0,0,Craig Stevens,Hou,0,0,0,0,0,0,0.00,TE,0,0,8,1,0,0,0,0,16,2015
798,0,0,Dion Sims,Ind,0,0,0,0,0,0,0.00,TE,0,0,8,1,0,0,0,0,16,2015
799,0,0,Richard Rodgers,@Ari,0,0,0,0,0,0,0.00,TE,0,0,2,1,0,0,0,0,16,2015
800,0,0,John Phillips,@Oak,0,0,0,0,0,0,0.00,TE,0,0,9,1,0,0,0,0,16,2015
801,0,0,Jesse James,@Bal,0,0,0,0,0,0,0.00,TE,0,0,3,1,0,0,0,0,16,2015
802,0,0,Jermaine Gresham,GB,0,0,0,0,0,0,0.00,TE,0,0,7,1,0,0,0,0,16,2015
803,0,0,Virgil Green,Cin,0,0,0,0,0,0,0.00,TE,0,0,8,1,0,0,0,0,16,2015
804,0,0,C.J. Fiedorowicz,@Ten,0,0,0,0,0,0,0.00,TE,0,0,6,1,0,0,0,0,16,2015
805,0,0,Jack Doyle,@Mia,0,0,0,0,0,0,0.00,TE,0,0,7,2,0,0,0,0,16,2015
806,0,0,Jared Cook,@Sea,0,0,0,0,0,0,0.00,TE,0,0,5,1,0,0,0,0,16,2015
807,0,1,David Johnson,@Oak,0,0,0,0,0,0,-1.00,TE,0,0,4,1,0,0,0,0,16,2015
808,0,0,Zach Ertz,@NYG,0,0,0,0,0,0,15.00,TE,0,0,152,9,0,0,0,0,17,2015
809,0,0,Coby Fleener,Ten,0,0,0,0,0,0,14.00,TE,0,1,88,7,0,0,0,0,17,2015
810,0,0,Delanie Walker,@Ind,0,0,0,0,0,0,12.00,TE,0,0,94,9,0,1,0,36,17,2015
811,0,0,Will Tye,Phi,0,0,0,0,0,0,12.00,TE,0,1,67,5,0,0,0,0,17,2015
812,0,0,Jason Witten,Was,0,0,0,0,0,0,11.00,TE,0,1,58,6,0,0,0,0,17,2015
813,0,0,Benjamin Watson,@Atl,0,0,0,0,0,0,11.00,TE,0,1,59,6,0,0,0,0,17,2015
814,0,0,Richard Rodgers,Min,0,0,0,0,0,0,11.00,TE,0,1,59,7,0,0,0,0,17,2015
815,0,0,Tyler Eifert,Bal,0,0,0,0,0,0,11.00,TE,0,1,51,4,0,0,0,0,17,2015
816,0,0,Tony Moeaki,NO,0,0,0,0,0,0,10.00,TE,0,1,47,2,0,0,0,0,17,2015
817,0,0,Antonio Gates,@Den,0,0,0,0,0,0,9.00,TE,0,1,34,3,0,0,0,0,17,2015
818,0,0,Eric Ebron,@Chi,0,0,0,0,0,0,8.00,TE,0,1,25,5,0,0,0,0,17,2015
819,0,0,Chase Coffman,@Ari,0,0,0,0,0,0,8.00,TE,0,1,29,4,0,0,0,0,17,2015
820,0,0,Heath Miller,@Cle,0,0,0,0,0,0,7.00,TE,0,1,18,3,0,0,0,0,17,2015
821,0,0,Demetrius Harris,Oak,0,0,0,0,0,0,7.00,TE,0,1,15,1,0,0,0,0,17,2015
822,0,0,Jacob Tamme,NO,0,0,0,0,0,0,6.00,TE,0,0,61,4,0,0,0,0,17,2015
823,0,0,Jordan Cameron,NE,0,0,0,0,0,0,6.00,TE,0,1,6,2,0,0,0,0,17,2015
824,0,0,Gary Barnidge,Pit,0,0,0,0,0,0,6.00,TE,0,0,66,8,0,0,0,0,17,2015
825,0,0,Maxx Williams,@Cin,0,0,0,0,0,0,5.00,TE,0,0,53,6,0,0,0,0,17,2015
826,0,0,Clive Walford,@KC,0,0,0,0,0,0,4.00,TE,0,0,46,4,0,0,0,0,17,2015
827,0,0,Dion Sims,NE,0,0,0,0,0,0,4.00,TE,0,0,40,3,0,0,0,0,17,2015
828,0,0,Austin Seferian-Jenkins,@Car,0,0,0,0,0,0,4.00,TE,0,0,48,3,0,0,0,0,17,2015
829,0,0,Jordan Reed,@Dal,0,0,0,0,0,0,4.00,TE,0,0,45,4,0,0,0,0,17,2015
830,0,0,Marcedes Lewis,@Hou,0,0,0,0,0,0,4.00,TE,0,0,45,1,0,0,0,0,17,2015
831,0,0,Cooper Helfet,@Ari,0,0,0,0,0,0,4.00,TE,0,0,42,4,0,0,0,0,17,2015
832,0,0,Vance McDonald,Stl,0,0,0,0,0,0,3.00,TE,0,0,37,3,0,0,0,0,17,2015
833,0,0,Lance Kendricks,@SF,0,0,0,0,0,0,3.00,TE,0,0,37,5,0,0,0,0,17,2015
834,0,0,Jermaine Gresham,Sea,0,0,0,0,0,0,3.00,TE,0,0,36,2,0,0,0,0,17,2015
835,0,0,Brent Celek,@NYG,0,0,0,0,0,0,3.00,TE,0,0,38,2,0,0,0,0,17,2015
836,0,0,James Hanna,Was,0,0,0,0,0,0,2.00,TE,0,0,28,3,0,0,0,0,17,2015
837,0,0,Ryan Griffin,Jax,0,0,0,0,0,0,2.00,TE,0,0,27,3,0,0,0,0,17,2015
838,0,0,Julius Thomas,@Hou,0,0,0,0,0,0,1.00,TE,0,0,12,2,0,0,0,0,17,2015
839,0,0,Mychal Rivera,@KC,0,0,0,0,0,0,1.00,TE,0,0,12,2,0,0,0,0,17,2015
840,0,0,Greg Olsen,TB,0,0,0,0,0,0,1.00,TE,0,0,16,2,0,0,0,0,17,2015
841,0,0,Travis Kelce,Oak,0,0,0,0,0,0,1.00,TE,0,0,10,1,0,0,0,0,17,2015
842,0,0,Rob Housler,Det,0,0,0,0,0,0,1.00,TE,0,0,18,2,0,0,0,0,17,2015
843,0,0,Cory Harkey,@SF,0,0,0,0,0,0,1.00,TE,0,0,12,1,0,0,0,0,17,2015
844,0,0,Clay Harbor,@Hou,0,0,0,0,0,0,1.00,TE,0,0,18,1,0,0,0,0,17,2015
845,0,0,Rob Gronkowski,@Mia,0,0,0,0,0,0,1.00,TE,0,0,18,2,0,0,0,0,17,2015
846,0,0,Virgil Green,SD,0,0,0,0,0,0,1.00,TE,0,0,14,1,0,0,0,0,17,2015
847,0,0,C.J. Fiedorowicz,Jax,0,0,0,0,0,0,1.00,TE,0,0,14,2,0,0,0,0,17,2015
848,0,0,Owen Daniels,SD,0,0,0,0,0,0,1.00,TE,0,0,15,1,0,0,0,0,17,2015
849,0,0,Cameron Brate,@Car,0,0,0,0,0,0,1.00,TE,0,0,10,1,0,0,0,0,17,2015
850,0,0,Levine Toilolo,NO,0,0,0,0,0,0,0.00,TE,0,0,8,1,0,0,0,0,17,2015
851,0,0,Luke Stocker,@Car,0,0,0,0,0,0,0.00,TE,0,0,3,1,0,0,0,0,17,2015
852,0,0,Troy Niklas,Sea,0,0,0,0,0,0,0.00,TE,0,0,8,1,0,0,0,0,17,2015
853,0,0,Michael Hoomanawanui,@Atl,0,0,0,0,0,0,0.00,TE,0,0,4,1,0,0,0,0,17,2015
854,0,0,Josh Hill,@Atl,0,0,0,0,0,0,0.00,TE,0,0,4,1,0,0,0,0,17,2015
855,0,0,Darren Fells,Sea,0,0,0,0,0,0,0.00,TE,0,0,7,1,0,0,0,0,17,2015
856,0,0,Rhett Ellison,@GB,0,0,0,0,0,0,0.00,TE,0,0,-2,1,0,0,0,0,17,2015
857,0,0,Jack Doyle,Ten,0,0,0,0,0,0,0.00,TE,0,0,3,1,0,0,0,0,17,2015
858,0,0,Ed Dickson,TB,0,0,0,0,0,0,0.00,TE,0,0,0,2,0,0,0,0,17,2015
859,0,0,Trey Burton,@NYG,0,0,0,0,0,0,0.00,TE,0,0,5,1,0,0,0,0,17,2015
860,0,0,Blake Bell,Stl,0,0,0,0,0,0,0.00,TE,0,0,5,1,0,0,0,0,17,2015
