,Blocks,Fumble Returns,Interception,Opponent,Pass Yards Allowed,Point After,Points,Position,Rush Yards Allowed,Sack,Safety,Team,Total Yards,Touchdowns,Week,Year
0,0,0,2,SF,214,6,22.00,DST,49,2.0,0,Seattle SeahawksSeattle,263,1,1,2010
1,1,1,3,@Stl,240,13,19.00,DST,85,2.0,0,Arizona CardinalsArizona,325,0,1,2010
2,0,1,1,Cin,341,24,18.00,DST,87,1.0,0,New England PatriotsNew England,428,2,1,2010
3,0,2,3,Car,148,18,18.00,DST,89,4.0,0,New York GiantsNY Giants,237,0,1,2010
4,0,3,1,@Chi,362,19,16.00,DST,101,4.0,0,Detroit LionsDetroit,463,0,1,2010
5,0,1,0,Dal,277,7,16.00,DST,103,1.0,0,Washington RedskinsWashington,380,1,1,2010
6,0,2,1,Bal,233,10,15.00,DST,49,2.0,0,New York JetsNY Jets,282,0,1,2010
7,0,1,1,Oak,150,13,15.00,DST,136,4.0,0,Tennessee TitansTennessee,286,0,1,2010
8,0,1,0,SD,280,14,14.00,DST,109,2.0,0,Kansas City ChiefsKansas City,389,1,1,2010
9,0,4,0,Ari,266,17,14.00,DST,112,2.0,0,St. Louis RamsSt. Louis,378,0,1,2010
10,1,1,3,@NYG,258,31,13.00,DST,118,1.0,1,Carolina PanthersCarolina,376,0,1,2010
11,0,2,1,Det,148,14,12.00,DST,20,2.0,0,Chicago BearsChicago,168,0,1,2010
12,0,1,0,@Phi,171,20,12.00,DST,149,6.0,0,Green Bay PackersGreen Bay,320,0,1,2010
13,0,0,0,@Buf,116,10,12.00,DST,50,3.0,1,Miami DolphinsMiami,166,0,1,2010
14,1,0,1,Min,162,9,12.00,DST,91,1.0,0,New Orleans SaintsNew Orleans,253,0,1,2010
15,0,1,0,@NYJ,60,9,11.00,DST,116,2.0,0,Baltimore RavensBaltimore,176,0,1,2010
16,0,1,1,@TB,169,17,11.00,DST,119,3.0,0,Cleveland BrownsCleveland,288,0,1,2010
17,0,1,1,Den,274,17,11.00,DST,89,3.0,0,Jacksonville JaguarsJacksonville,363,0,1,2010
18,0,0,1,Atl,237,9,11.00,DST,58,2.0,0,Pittsburgh SteelersPittsburgh,295,0,1,2010
19,0,1,2,Cle,236,14,10.00,DST,104,0.0,0,Tampa Bay BuccaneersTampa Bay,340,0,1,2010
20,0,0,1,@Pit,211,15,9.00,DST,143,3.0,0,Atlanta FalconsAtlanta,354,0,1,2010
21,0,0,0,@Was,161,13,8.00,DST,89,1.0,0,Dallas CowboysDallas,250,0,1,2010
22,0,0,2,GB,167,27,8.00,DST,132,3.0,0,Philadelphia EaglesPhiladelphia,299,0,1,2010
23,0,0,0,Mia,164,15,7.00,DST,132,3.0,0,Buffalo BillsBuffalo,296,0,1,2010
24,0,1,0,Ind,419,24,5.00,DST,44,2.0,0,Houston TexansHouston,463,0,1,2010
25,0,0,0,@NO,229,14,5.00,DST,79,1.0,0,Minnesota VikingsMinnesota,308,0,1,2010
26,0,0,1,@Hou,98,34,4.00,DST,257,2.0,0,Indianapolis ColtsIndianapolis,355,0,1,2010
27,0,1,0,@Ten,140,38,4.00,DST,205,2.0,0,Oakland RaidersOakland,345,0,1,2010
28,0,0,1,@Sea,165,31,3.00,DST,77,1.0,0,San Francisco 49ersSan Francisco,242,0,1,2010
29,0,0,0,@Jax,165,24,2.00,DST,134,1.0,0,Denver BroncosDenver,299,0,1,2010
30,0,0,0,@KC,62,21,2.00,DST,135,1.0,0,San Diego ChargersSan Diego,197,0,1,2010
31,0,0,0,@NE,258,38,0.00,DST,118,0.0,0,Cincinnati BengalsCincinnati,376,0,1,2010
32,0,4,3,@Ten,192,11,31.00,DST,46,4.0,0,Pittsburgh SteelersPittsburgh,238,1,2,2010
33,0,1,3,@Min,208,10,24.00,DST,156,3.0,0,Miami DolphinsMiami,364,1,2,2010
34,0,2,4,Jax,279,13,21.00,DST,71,2.0,0,San Diego ChargersSan Diego,350,0,2,2010
35,0,2,1,NYG,137,14,20.00,DST,120,4.0,0,Indianapolis ColtsIndianapolis,257,1,2,2010
36,0,1,2,@Car,159,7,17.00,DST,119,4.0,0,Tampa Bay BuccaneersTampa Bay,278,0,2,2010
37,0,0,4,Bal,150,10,16.00,DST,109,1.0,0,Cincinnati BengalsCincinnati,259,0,2,2010
38,0,0,3,Ari,149,7,15.00,DST,118,2.0,0,Atlanta FalconsAtlanta,267,0,2,2010
39,0,0,2,Buf,62,7,15.00,DST,124,4.0,0,Green Bay PackersGreen Bay,186,0,2,2010
40,0,1,1,@Cle,226,14,15.00,DST,73,1.0,0,Kansas City ChiefsKansas City,299,1,2,2010
41,0,1,3,Sea,230,14,13.00,DST,109,1.0,0,Denver BroncosDenver,339,0,2,2010
42,0,2,2,@SF,275,22,11.00,DST,142,0.0,1,New Orleans SaintsNew Orleans,417,0,2,2010
43,0,1,2,NE,239,14,11.00,DST,52,1.0,0,New York JetsNY Jets,291,0,2,2010
44,0,1,2,@Dal,374,20,10.00,DST,36,0.0,0,Chicago BearsChicago,410,0,2,2010
45,0,2,0,Mia,106,14,10.00,DST,120,2.0,0,Minnesota VikingsMinnesota,226,0,2,2010
46,0,0,2,@Oak,231,16,10.00,DST,173,2.0,0,St. Louis RamsSt. Louis,404,0,2,2010
47,0,1,0,Pit,21,19,10.00,DST,106,4.0,0,Tennessee TitansTennessee,127,0,2,2010
48,0,0,2,KC,172,16,9.00,DST,140,1.0,0,Cleveland BrownsCleveland,312,0,2,2010
49,1,1,2,@SD,326,38,9.00,DST,151,1.0,0,Jacksonville JaguarsJacksonville,477,0,2,2010
50,0,0,1,Stl,135,14,9.00,DST,75,3.0,0,Oakland RaidersOakland,210,0,2,2010
51,0,0,0,Chi,270,27,8.00,DST,38,1.0,0,Dallas CowboysDallas,308,1,2,2010
52,0,0,1,Hou,468,30,7.00,DST,58,5.0,0,Washington RedskinsWashington,526,0,2,2010
53,1,0,0,@Was,403,27,6.00,DST,18,3.0,0,Houston TexansHouston,421,0,2,2010
54,0,0,2,@Det,329,32,6.00,DST,115,2.0,0,Philadelphia EaglesPhiladelphia,444,0,2,2010
55,0,0,0,@Cin,159,15,5.00,DST,94,1.0,0,Baltimore RavensBaltimore,253,0,2,2010
56,0,0,0,Phi,248,35,5.00,DST,162,5.0,0,Detroit LionsDetroit,410,0,2,2010
57,0,0,0,TB,178,20,4.00,DST,95,0.0,0,Carolina PanthersCarolina,273,0,2,2010
58,0,1,0,@Atl,223,41,3.00,DST,221,1.0,0,Arizona CardinalsArizona,444,0,2,2010
59,0,0,0,@NYJ,200,28,3.00,DST,136,3.0,0,New England PatriotsNew England,336,0,2,2010
60,0,1,0,@Ind,250,38,3.00,DST,160,1.0,0,New York GiantsNY Giants,410,0,2,2010
61,0,0,0,NO,237,25,3.00,DST,50,2.0,0,San Francisco 49ersSan Francisco,287,0,2,2010
62,0,0,0,@Den,304,31,1.00,DST,65,1.0,0,Seattle SeahawksSeattle,369,0,2,2010
63,0,0,0,@GB,255,34,0.00,DST,91,0.0,0,Buffalo BillsBuffalo,346,0,2,2010
64,0,3,2,SD,429,20,30.00,DST,89,4.0,0,Seattle SeahawksSeattle,518,2,3,2010
65,0,1,1,@TB,228,13,21.00,DST,75,4.0,0,Pittsburgh SteelersPittsburgh,303,1,3,2010
66,0,0,1,@Jax,52,3,19.00,DST,139,7.0,0,Philadelphia EaglesPhiladelphia,191,0,3,2010
67,0,1,2,@Hou,216,13,17.00,DST,124,4.0,0,Dallas CowboysDallas,340,0,3,2010
68,0,1,2,@NYG,364,10,17.00,DST,107,2.0,1,Tennessee TitansTennessee,471,0,3,2010
69,1,1,1,GB,316,17,16.00,DST,63,0.0,0,Chicago BearsChicago,379,1,3,2010
70,0,3,1,@Car,180,7,16.00,DST,87,1.0,0,Cincinnati BengalsCincinnati,267,0,3,2010
71,0,0,1,SF,208,10,14.00,DST,43,5.0,0,Kansas City ChiefsKansas City,251,0,3,2010
72,0,1,2,Det,232,10,14.00,DST,63,1.0,0,Minnesota VikingsMinnesota,295,0,3,2010
73,0,0,1,Oak,231,23,12.00,DST,133,3.0,0,Arizona CardinalsArizona,364,1,3,2010
74,0,1,1,@Den,472,13,12.00,DST,47,1.0,0,Indianapolis ColtsIndianapolis,519,0,3,2010
75,1,1,1,Was,233,16,11.00,DST,116,1.0,0,St. Louis RamsSt. Louis,349,0,3,2010
76,0,1,2,@NO,355,24,9.00,DST,43,2.0,0,Atlanta FalconsAtlanta,398,0,3,2010
77,0,1,0,@NE,245,38,9.00,DST,200,1.0,0,Buffalo BillsBuffalo,445,1,3,2010
78,0,0,2,Cin,185,20,9.00,DST,120,1.0,0,Carolina PanthersCarolina,305,0,3,2010
79,0,1,2,@Min,185,24,9.00,DST,183,2.0,0,Detroit LionsDetroit,368,0,3,2010
80,0,0,1,@Chi,199,20,9.00,DST,77,3.0,0,Green Bay PackersGreen Bay,276,0,3,2010
81,0,2,1,@Ari,108,24,9.00,DST,119,2.0,0,Oakland RaidersOakland,227,0,3,2010
82,0,0,1,@Sea,203,27,8.00,DST,68,3.0,1,San Diego ChargersSan Diego,271,0,3,2010
83,1,0,1,@Mia,352,23,7.00,DST,84,2.0,0,New York JetsNY Jets,436,0,3,2010
84,1,1,1,@Stl,232,30,7.00,DST,133,1.0,0,Washington RedskinsWashington,365,0,3,2010
85,0,0,0,Cle,131,17,6.00,DST,173,2.0,0,Baltimore RavensBaltimore,304,0,3,2010
86,0,0,2,Buf,240,30,5.00,DST,134,1.0,0,New England PatriotsNew England,374,0,3,2010
87,0,1,0,Atl,215,27,5.00,DST,202,2.0,0,New Orleans SaintsNew Orleans,417,0,3,2010
88,0,0,2,Pit,186,38,4.00,DST,201,0.0,0,Tampa Bay BuccaneersTampa Bay,387,0,3,2010
89,0,0,0,Phi,267,28,3.00,DST,106,3.0,0,Jacksonville JaguarsJacksonville,373,0,3,2010
90,1,0,0,NYJ,256,31,2.00,DST,146,0.0,0,Miami DolphinsMiami,402,0,3,2010
91,0,0,1,@KC,250,31,2.00,DST,207,0.0,0,San Francisco 49ersSan Francisco,457,0,3,2010
92,0,0,0,@Bal,256,24,1.00,DST,109,0.0,0,Cleveland BrownsCleveland,365,0,3,2010
93,0,0,0,Ind,325,27,1.00,DST,40,0.0,0,Denver BroncosDenver,365,0,3,2010
94,0,0,0,Dal,284,27,1.00,DST,101,0.0,0,Houston TexansHouston,385,0,3,2010
95,0,0,0,Ten,110,29,1.00,DST,161,1.0,0,New York GiantsNY Giants,271,0,3,2010
96,2,0,4,@Mia,308,14,36.00,DST,92,2.0,0,New England PatriotsNew England,400,3,4,2010
97,0,1,2,Ari,87,10,28.00,DST,47,9.0,0,San Diego ChargersSan Diego,134,1,4,2010
98,0,1,2,Chi,51,3,26.00,DST,59,10.0,0,New York GiantsNY Giants,110,0,4,2010
99,1,0,2,@Atl,259,16,19.00,DST,98,3.0,0,San Francisco 49ersSan Francisco,357,1,4,2010
100,0,1,1,Sea,193,3,18.00,DST,64,4.0,0,St. Louis RamsSt. Louis,257,0,4,2010
101,0,1,2,Det,308,26,16.00,DST,123,3.0,0,Green Bay PackersGreen Bay,431,1,4,2010
102,0,0,1,Den,308,26,15.00,DST,19,6.0,0,Tennessee TitansTennessee,327,1,4,2010
103,1,2,0,Cin,346,20,14.00,DST,67,4.0,0,Cleveland BrownsCleveland,413,0,4,2010
104,0,3,0,@NYG,183,17,12.00,DST,189,2.0,0,Chicago BearsChicago,372,0,4,2010
105,0,1,1,@Phi,243,12,12.00,DST,110,1.0,0,Washington RedskinsWashington,353,0,4,2010
106,0,1,2,SF,181,14,11.00,DST,81,1.0,0,Atlanta FalconsAtlanta,262,0,4,2010
107,0,1,2,@Oak,245,24,11.00,DST,118,4.0,0,Houston TexansHouston,363,0,4,2010
108,0,2,0,@Buf,109,14,11.00,DST,114,3.0,0,New York JetsNY Jets,223,0,4,2010
109,0,2,0,@NO,262,16,10.00,DST,121,2.0,0,Carolina PanthersCarolina,383,0,4,2010
110,0,2,0,@Ten,167,20,10.00,DST,121,2.0,0,Denver BroncosDenver,288,0,4,2010
111,0,2,2,@GB,169,28,10.00,DST,92,2.0,0,Detroit LionsDetroit,261,0,4,2010
112,0,0,1,@Stl,261,20,10.00,DST,88,4.0,0,Seattle SeahawksSeattle,349,0,4,2010
113,0,1,0,@SD,239,41,9.00,DST,180,1.0,0,Arizona CardinalsArizona,419,1,4,2010
114,0,1,0,Car,133,14,9.00,DST,118,3.0,0,New Orleans SaintsNew Orleans,251,0,4,2010
115,0,1,1,Bal,250,17,9.00,DST,70,1.0,0,Pittsburgh SteelersPittsburgh,320,0,4,2010
116,0,0,1,@Pit,126,14,8.00,DST,84,2.0,0,Baltimore RavensBaltimore,210,0,4,2010
117,0,0,1,Was,124,17,7.00,DST,169,1.0,0,Philadelphia EaglesPhiladelphia,293,0,4,2010
118,0,1,1,Ind,348,28,5.00,DST,58,1.0,0,Jacksonville JaguarsJacksonville,406,0,4,2010
119,0,0,1,@Cle,179,23,4.00,DST,116,1.0,0,Cincinnati BengalsCincinnati,295,0,4,2010
120,0,0,0,NE,146,41,3.00,DST,119,3.0,0,Miami DolphinsMiami,265,0,4,2010
121,0,0,0,NYJ,171,38,0.00,DST,273,0.0,0,Buffalo BillsBuffalo,444,0,4,2010
122,0,0,0,@Jax,163,31,0.00,DST,174,0.0,0,Indianapolis ColtsIndianapolis,337,0,4,2010
123,0,0,0,Hou,192,31,0.00,DST,249,0.0,0,Oakland RaidersOakland,441,0,4,2010
124,0,1,2,Stl,213,6,29.00,DST,128,1.0,0,Detroit LionsDetroit,341,2,5,2010
125,2,3,0,SD,415,27,28.00,DST,91,3.0,1,Oakland RaidersOakland,506,2,5,2010
126,0,1,3,NO,273,20,25.00,DST,85,1.0,0,Arizona CardinalsArizona,358,2,5,2010
127,0,1,2,@Cle,221,10,22.00,DST,48,3.0,0,Atlanta FalconsAtlanta,269,1,5,2010
128,0,0,3,@Car,62,6,21.00,DST,85,5.0,0,Chicago BearsChicago,147,0,5,2010
129,0,2,1,Min,240,20,20.00,DST,96,4.0,0,New York JetsNY Jets,336,1,5,2010
130,0,3,2,@SF,290,24,19.00,DST,74,2.0,0,Philadelphia EaglesPhiladelphia,364,1,5,2010
131,0,1,3,@Cin,209,21,15.00,DST,149,0.0,0,Tampa Bay BuccaneersTampa Bay,358,1,5,2010
132,0,1,1,GB,270,13,15.00,DST,157,4.0,0,Washington RedskinsWashington,427,0,5,2010
133,0,1,1,@Hou,171,10,14.00,DST,24,3.0,0,New York GiantsNY Giants,195,0,5,2010
134,0,0,3,@Dal,370,27,13.00,DST,141,6.0,0,Tennessee TitansTennessee,511,0,5,2010
135,0,0,4,Chi,29,23,12.00,DST,218,3.0,0,Carolina PanthersCarolina,247,0,5,2010
136,0,0,1,@Was,322,16,11.00,DST,51,5.0,0,Green Bay PackersGreen Bay,373,0,5,2010
137,0,2,1,TB,266,24,10.00,DST,125,3.0,0,Cincinnati BengalsCincinnati,391,0,5,2010
138,1,1,0,Atl,173,20,10.00,DST,165,2.0,0,Cleveland BrownsCleveland,338,0,5,2010
139,0,1,0,KC,148,9,10.00,DST,113,1.0,0,Indianapolis ColtsIndianapolis,261,0,5,2010
140,0,2,1,Jax,165,36,8.00,DST,216,2.0,0,Buffalo BillsBuffalo,381,0,5,2010
141,0,1,0,Den,307,17,7.00,DST,39,1.0,0,Baltimore RavensBaltimore,346,0,5,2010
142,0,0,1,@Ind,244,19,7.00,DST,97,1.0,0,Kansas City ChiefsKansas City,341,0,5,2010
143,0,1,0,Phi,227,27,7.00,DST,125,4.0,0,San Francisco 49ersSan Francisco,352,0,5,2010
144,0,0,1,@Ari,153,30,6.00,DST,41,4.0,0,New Orleans SaintsNew Orleans,194,0,5,2010
145,0,0,2,NYG,297,34,4.00,DST,117,0.0,0,Houston TexansHouston,414,0,5,2010
146,0,0,0,@Buf,196,26,4.00,DST,110,3.0,0,Jacksonville JaguarsJacksonville,306,0,5,2010
147,0,0,0,Ten,163,34,3.00,DST,158,3.0,0,Dallas CowboysDallas,321,0,5,2010
148,0,0,0,@Oak,168,35,3.00,DST,111,3.0,0,San Diego ChargersSan Diego,279,0,5,2010
149,0,0,0,@NYJ,173,29,2.00,DST,155,2.0,0,Minnesota VikingsMinnesota,328,0,5,2010
150,0,0,0,@Bal,182,31,1.00,DST,233,1.0,0,Denver BroncosDenver,415,0,5,2010
151,0,0,0,@Det,233,44,1.00,DST,89,1.0,0,St. Louis RamsSt. Louis,322,0,5,2010
152,0,1,3,@Jax,173,3,20.00,DST,76,2.0,0,Tennessee TitansTennessee,249,0,6,2010
153,0,1,2,Cle,258,10,19.00,DST,69,6.0,0,Pittsburgh SteelersPittsburgh,327,0,6,2010
154,1,0,1,SD,208,17,15.00,DST,79,7.0,0,St. Louis RamsSt. Louis,287,0,6,2010
155,0,1,0,@TB,235,6,13.00,DST,42,1.0,0,New Orleans SaintsNew Orleans,277,0,6,2010
156,0,0,2,Oak,69,9,13.00,DST,110,2.0,0,San Francisco 49ersSan Francisco,179,0,6,2010
157,0,2,1,Det,302,20,12.00,DST,64,2.0,0,New York GiantsNY Giants,366,0,6,2010
158,0,0,0,@Chi,246,20,12.00,DST,61,6.0,1,Seattle SeahawksSeattle,307,0,6,2010
159,0,0,1,@GB,283,20,11.00,DST,76,5.0,0,Miami DolphinsMiami,359,0,6,2010
160,0,0,2,Dal,220,21,11.00,DST,94,0.0,0,Minnesota VikingsMinnesota,314,1,6,2010
161,0,1,1,Atl,228,17,11.00,DST,65,3.0,0,Philadelphia EaglesPhiladelphia,293,0,6,2010
162,1,3,0,Ind,299,27,10.00,DST,170,1.0,0,Washington RedskinsWashington,469,0,6,2010
163,0,1,2,NYJ,190,24,9.00,DST,129,2.0,0,Denver BroncosDenver,319,0,6,2010
164,0,2,0,@Den,201,20,9.00,DST,145,1.0,0,New York JetsNY Jets,346,0,6,2010
165,0,0,2,@NE,267,23,8.00,DST,127,3.0,0,Baltimore RavensBaltimore,394,0,6,2010
166,0,0,2,@Was,222,24,8.00,DST,113,3.0,0,Indianapolis ColtsIndianapolis,335,0,6,2010
167,0,0,0,Sea,242,23,7.00,DST,111,0.0,0,Chicago BearsChicago,353,1,6,2010
168,0,0,0,Bal,278,20,7.00,DST,99,3.0,0,New England PatriotsNew England,377,0,6,2010
169,0,0,0,@Stl,183,20,7.00,DST,117,3.0,0,San Diego ChargersSan Diego,300,0,6,2010
170,0,1,0,@Min,93,24,6.00,DST,95,3.0,0,Dallas CowboysDallas,188,0,6,2010
171,0,0,0,@SF,191,17,6.00,DST,158,2.0,0,Oakland RaidersOakland,349,0,6,2010
172,0,1,0,@NYG,167,28,4.00,DST,167,2.0,0,Detroit LionsDetroit,334,0,6,2010
173,0,0,1,@Phi,320,31,3.00,DST,154,1.0,0,Atlanta FalconsAtlanta,474,0,6,2010
174,0,0,1,Mia,231,23,3.00,DST,150,0.0,0,Green Bay PackersGreen Bay,381,0,6,2010
175,0,0,1,@Pit,257,28,2.00,DST,121,0.0,0,Cleveland BrownsCleveland,378,0,6,2010
176,0,0,0,@Hou,289,35,2.00,DST,132,2.0,0,Kansas City ChiefsKansas City,421,0,6,2010
177,0,0,1,NO,263,31,2.00,DST,212,0.0,0,Tampa Bay BuccaneersTampa Bay,475,0,6,2010
178,0,0,0,KC,189,31,1.00,DST,228,1.0,0,Houston TexansHouston,417,0,6,2010
179,0,0,0,Ten,171,30,0.00,DST,153,0.0,0,Jacksonville JaguarsJacksonville,324,0,6,2010
180,0,0,4,@NO,336,17,27.00,DST,58,3.0,0,Cleveland BrownsCleveland,394,2,7,2010
181,0,2,4,@Chi,256,14,26.00,DST,66,4.0,0,Washington RedskinsWashington,322,1,7,2010
182,0,2,1,@Den,165,14,20.00,DST,75,4.0,0,Oakland RaidersOakland,240,1,7,2010
183,0,4,1,Ari,114,10,19.00,DST,113,2.0,0,Seattle SeahawksSeattle,227,0,7,2010
184,0,2,2,Phi,227,19,19.00,DST,99,1.0,0,Tennessee TitansTennessee,326,1,7,2010
185,0,1,2,Was,187,17,18.00,DST,121,2.0,0,Chicago BearsChicago,308,1,7,2010
186,0,2,3,NYG,297,41,17.00,DST,200,1.0,0,Dallas CowboysDallas,497,1,7,2010
187,0,1,2,Jax,216,20,17.00,DST,84,1.0,0,Kansas City ChiefsKansas City,300,1,7,2010
188,0,0,3,Min,206,24,14.00,DST,196,1.0,0,Green Bay PackersGreen Bay,402,1,7,2010
189,0,3,1,@SD,325,20,14.00,DST,38,2.0,0,New England PatriotsNew England,363,0,7,2010
190,0,2,1,@Car,303,23,14.00,DST,76,1.0,0,San Francisco 49ersSan Francisco,379,1,7,2010
191,0,1,1,@Atl,299,39,10.00,DST,153,0.0,0,Cincinnati BengalsCincinnati,452,1,7,2010
192,0,2,2,Buf,382,34,9.00,DST,132,1.0,0,Baltimore RavensBaltimore,514,0,7,2010
193,0,1,2,@Ten,253,37,9.00,DST,75,3.0,0,Philadelphia EaglesPhiladelphia,328,0,7,2010
194,0,1,0,@Sea,158,22,8.00,DST,144,5.0,0,Arizona CardinalsArizona,302,0,7,2010
195,0,0,1,SF,183,20,8.00,DST,99,2.0,0,Carolina PanthersCarolina,282,0,7,2010
196,0,2,0,Pit,290,23,8.00,DST,58,3.0,0,Miami DolphinsMiami,348,0,7,2010
197,0,2,0,@Dal,213,35,7.00,DST,41,3.0,0,New York GiantsNY Giants,254,0,7,2010
198,0,0,0,@TB,189,18,7.00,DST,124,3.0,0,St. Louis RamsSt. Louis,313,0,7,2010
199,0,1,0,Stl,124,17,7.00,DST,161,1.0,0,Tampa Bay BuccaneersTampa Bay,285,0,7,2010
200,0,2,0,@Bal,229,37,6.00,DST,135,2.0,0,Buffalo BillsBuffalo,364,0,7,2010
201,0,1,1,@Mia,249,22,6.00,DST,64,1.0,0,Pittsburgh SteelersPittsburgh,313,0,7,2010
202,0,1,0,Cin,385,32,5.00,DST,84,3.0,0,Atlanta FalconsAtlanta,469,0,7,2010
203,0,0,0,NE,128,23,5.00,DST,51,4.0,0,San Diego ChargersSan Diego,179,0,7,2010
204,0,0,2,@GB,295,28,4.00,DST,84,0.0,0,Minnesota VikingsMinnesota,379,0,7,2010
205,0,0,0,Oak,180,59,2.00,DST,328,2.0,0,Denver BroncosDenver,508,0,7,2010
206,0,0,0,@KC,190,42,1.00,DST,236,1.0,0,Jacksonville JaguarsJacksonville,426,0,7,2010
207,0,0,0,Cle,85,30,1.00,DST,125,1.0,0,New Orleans SaintsNew Orleans,210,0,7,2010
208,0,0,4,@Ari,296,35,21.00,DST,100,1.0,0,Tampa Bay BuccaneersTampa Bay,396,2,8,2010
209,0,0,1,Sea,117,3,20.00,DST,47,8.0,0,Oakland RaidersOakland,164,0,8,2010
210,0,1,1,Was,195,25,18.00,DST,80,7.0,0,Detroit LionsDetroit,275,1,8,2010
211,0,1,2,@NYJ,241,0,18.00,DST,119,2.0,0,Green Bay PackersGreen Bay,360,0,8,2010
212,0,1,3,Car,176,10,18.00,DST,25,3.0,0,St. Louis RamsSt. Louis,201,0,8,2010
213,0,1,1,Hou,183,17,17.00,DST,108,3.0,0,Indianapolis ColtsIndianapolis,291,1,8,2010
214,1,2,0,TB,253,38,14.00,DST,154,2.0,0,Arizona CardinalsArizona,407,1,8,2010
215,0,0,4,@Dal,365,17,14.00,DST,50,2.0,0,Jacksonville JaguarsJacksonville,415,0,8,2010
216,0,1,1,Pit,171,10,14.00,DST,108,3.0,0,New Orleans SaintsNew Orleans,279,0,8,2010
217,0,0,1,Buf,191,10,12.00,DST,137,3.0,0,Kansas City ChiefsKansas City,328,0,8,2010
218,0,1,1,Den,339,16,12.00,DST,59,4.0,0,San Francisco 49ersSan Francisco,398,0,8,2010
219,0,1,1,@Det,202,37,11.00,DST,102,1.0,0,Washington RedskinsWashington,304,1,8,2010
220,0,0,0,@KC,140,13,10.00,DST,274,3.0,0,Buffalo BillsBuffalo,414,0,8,2010
221,0,1,1,@NO,288,20,10.00,DST,30,2.0,0,Pittsburgh SteelersPittsburgh,318,0,8,2010
222,0,0,0,GB,156,9,9.00,DST,81,2.0,0,New York JetsNY Jets,237,0,8,2010
223,0,0,1,Min,285,18,7.00,DST,125,1.0,0,New England PatriotsNew England,410,0,8,2010
224,1,0,1,@SD,300,33,7.00,DST,156,1.0,1,Tennessee TitansTennessee,456,0,8,2010
225,0,0,0,@Stl,184,20,6.00,DST,62,2.0,0,Carolina PanthersCarolina,246,0,8,2010
226,0,0,1,@Cin,156,14,6.00,DST,106,0.0,0,Miami DolphinsMiami,262,0,8,2010
227,0,1,1,Mia,217,22,5.00,DST,137,0.0,0,Cincinnati BengalsCincinnati,354,0,8,2010
228,0,1,0,Jax,238,35,5.00,DST,149,3.0,0,Dallas CowboysDallas,387,0,8,2010
229,0,0,0,@Oak,306,33,2.00,DST,239,2.0,0,Seattle SeahawksSeattle,545,0,8,2010
230,0,0,0,@SF,196,24,1.00,DST,143,0.0,0,Denver BroncosDenver,339,0,8,2010
231,0,0,0,@Ind,259,30,1.00,DST,107,1.0,0,Houston TexansHouston,366,0,8,2010
232,0,0,0,Ten,305,25,1.00,DST,65,0.0,0,San Diego ChargersSan Diego,370,0,8,2010
233,0,0,0,@NE,240,28,0.00,DST,122,0.0,0,Minnesota VikingsMinnesota,362,0,8,2010
234,0,2,2,Dal,166,7,31.00,DST,39,4.0,0,Green Bay PackersGreen Bay,205,2,9,2010
235,0,1,1,@Car,68,3,24.00,DST,127,4.0,0,New Orleans SaintsNew Orleans,195,1,9,2010
236,0,1,2,@Min,427,27,22.00,DST,80,3.0,0,Arizona CardinalsArizona,507,2,9,2010
237,0,1,1,KC,200,20,17.00,DST,104,3.0,0,Oakland RaidersOakland,304,1,9,2010
238,0,0,3,Mia,216,10,15.00,DST,73,2.0,0,Baltimore RavensBaltimore,289,0,9,2010
239,1,1,2,@Buf,294,19,13.00,DST,46,1.0,0,Chicago BearsChicago,340,0,9,2010
240,0,1,2,@Sea,113,7,13.00,DST,49,0.0,0,New York GiantsNY Giants,162,0,9,2010
241,0,2,1,NE,215,14,11.00,DST,68,1.0,0,Cleveland BrownsCleveland,283,0,9,2010
242,0,2,1,@Oak,209,23,11.00,DST,112,4.0,0,Kansas City ChiefsKansas City,321,0,9,2010
243,1,1,1,@Cin,218,21,11.00,DST,54,4.0,0,Pittsburgh SteelersPittsburgh,272,0,9,2010
244,0,0,2,Ind,276,24,8.00,DST,62,3.0,0,Philadelphia EaglesPhiladelphia,338,0,9,2010
245,0,0,0,Ari,172,24,7.00,DST,53,6.0,0,Minnesota VikingsMinnesota,225,0,9,2010
246,0,0,0,@Atl,235,27,7.00,DST,130,0.0,0,Tampa Bay BuccaneersTampa Bay,365,1,9,2010
247,0,0,2,TB,182,21,6.00,DST,96,1.0,0,Atlanta FalconsAtlanta,278,0,9,2010
248,0,1,1,Pit,193,27,6.00,DST,121,1.0,0,Cincinnati BengalsCincinnati,314,0,9,2010
249,0,1,1,NYJ,327,23,6.00,DST,110,1.0,0,Detroit LionsDetroit,437,0,9,2010
250,0,0,0,@Det,228,20,6.00,DST,78,2.0,0,New York JetsNY Jets,306,0,9,2010
251,0,1,1,SD,290,29,5.00,DST,77,1.0,0,Houston TexansHouston,367,0,9,2010
252,0,0,0,@Bal,256,26,5.00,DST,146,4.0,0,Miami DolphinsMiami,402,0,9,2010
253,0,0,1,@Hou,252,23,5.00,DST,140,2.0,0,San Diego ChargersSan Diego,392,0,9,2010
254,0,1,0,Chi,178,22,4.00,DST,105,1.0,0,Buffalo BillsBuffalo,283,0,9,2010
255,0,0,0,@Phi,207,26,4.00,DST,195,3.0,0,Indianapolis ColtsIndianapolis,402,0,9,2010
256,0,0,1,NO,243,34,3.00,DST,165,1.0,0,Carolina PanthersCarolina,408,0,9,2010
257,1,0,0,@GB,277,45,3.00,DST,138,1.0,0,Dallas CowboysDallas,415,0,9,2010
258,0,1,0,@Cle,174,34,2.00,DST,230,0.0,0,New England PatriotsNew England,404,0,9,2010
259,0,1,0,NYG,290,41,2.00,DST,197,0.0,0,Seattle SeahawksSeattle,487,0,9,2010
260,0,2,3,Cin,269,17,23.00,DST,72,3.0,0,Indianapolis ColtsIndianapolis,341,1,10,2010
261,0,1,3,Min,170,13,16.00,DST,70,1.0,0,Chicago BearsChicago,240,0,10,2010
262,0,1,2,@NYG,373,20,16.00,DST,107,0.0,0,Dallas CowboysDallas,480,1,10,2010
263,0,0,1,@Pit,349,26,14.00,DST,76,5.0,0,New England PatriotsNew England,425,1,10,2010
264,0,0,3,@Was,270,28,14.00,DST,105,2.0,0,Philadelphia EaglesPhiladelphia,375,1,10,2010
265,0,1,1,@Ari,286,18,13.00,DST,41,5.0,0,Seattle SeahawksSeattle,327,0,10,2010
266,0,1,0,KC,433,29,12.00,DST,51,4.0,0,Denver BroncosDenver,484,1,10,2010
267,0,2,1,Ten,124,17,12.00,DST,135,2.0,0,Miami DolphinsMiami,259,0,10,2010
268,0,2,0,@Cle,196,20,11.00,DST,107,3.0,0,New York JetsNY Jets,303,0,10,2010
269,0,0,1,Det,314,12,10.00,DST,76,1.0,0,Buffalo BillsBuffalo,390,0,10,2010
270,0,1,0,Car,182,16,8.00,DST,118,2.0,0,Tampa Bay BuccaneersTampa Bay,300,0,10,2010
271,0,1,1,Bal,204,21,7.00,DST,116,2.0,0,Atlanta FalconsAtlanta,320,0,10,2010
272,0,1,0,@Buf,139,14,7.00,DST,149,1.0,0,Detroit LionsDetroit,288,0,10,2010
273,0,0,2,@Chi,230,27,7.00,DST,130,2.0,0,Minnesota VikingsMinnesota,360,0,10,2010
274,0,0,0,Stl,228,20,7.00,DST,104,3.0,0,San Francisco 49ersSan Francisco,332,0,10,2010
275,0,0,0,@SF,323,23,6.00,DST,98,5.0,0,St. Louis RamsSt. Louis,421,0,10,2010
276,0,2,0,@TB,235,31,5.00,DST,186,1.0,0,Carolina PanthersCarolina,421,0,10,2010
277,0,0,1,NYJ,284,26,5.00,DST,172,2.0,0,Cleveland BrownsCleveland,456,0,10,2010
278,0,0,1,Sea,380,36,4.00,DST,110,2.0,0,Arizona CardinalsArizona,490,0,10,2010
279,1,0,1,Dal,327,33,4.00,DST,100,0.0,0,New York GiantsNY Giants,427,0,10,2010
280,0,0,0,@Atl,302,26,3.00,DST,60,2.0,0,Baltimore RavensBaltimore,362,0,10,2010
281,0,0,0,@Ind,180,23,3.00,DST,76,2.0,0,Cincinnati BengalsCincinnati,256,0,10,2010
282,0,1,0,Hou,314,24,3.00,DST,81,0.0,0,Jacksonville JaguarsJacksonville,395,0,10,2010
283,0,0,1,@Mia,316,29,3.00,DST,88,1.0,0,Tennessee TitansTennessee,404,0,10,2010
284,0,0,0,@Jax,326,31,2.00,DST,165,2.0,0,Houston TexansHouston,491,0,10,2010
285,0,0,0,Phi,332,59,1.00,DST,260,1.0,0,Washington RedskinsWashington,592,0,10,2010
286,0,0,0,@Den,299,49,0.00,DST,153,0.0,0,Kansas City ChiefsKansas City,452,0,10,2010
287,0,0,0,NE,350,39,0.00,DST,103,0.0,0,Pittsburgh SteelersPittsburgh,453,0,10,2010
288,0,0,2,@Car,150,13,26.00,DST,120,3.0,0,Baltimore RavensBaltimore,270,2,11,2010
289,0,2,4,@Jax,226,24,23.00,DST,145,4.0,0,Cleveland BrownsCleveland,371,1,11,2010
290,0,1,2,Oak,121,3,22.00,DST,61,6.0,0,Pittsburgh SteelersPittsburgh,182,0,11,2010
291,0,1,1,@SF,118,0,20.00,DST,71,6.0,0,Tampa Bay BuccaneersTampa Bay,189,0,11,2010
292,0,0,1,@Mia,148,0,18.00,DST,39,6.0,0,Chicago BearsChicago,187,0,11,2010
293,0,1,1,Det,263,19,17.00,DST,75,3.0,0,Dallas CowboysDallas,338,1,11,2010
294,0,1,1,@Min,207,3,15.00,DST,93,1.0,0,Green Bay PackersGreen Bay,300,0,11,2010
295,0,0,1,Was,358,19,15.00,DST,107,3.0,0,Tennessee TitansTennessee,465,1,11,2010
296,0,1,2,@Cin,228,31,14.00,DST,133,2.0,0,Buffalo BillsBuffalo,361,1,11,2010
297,0,2,3,NYG,147,17,14.00,DST,61,0.0,0,Philadelphia EaglesPhiladelphia,208,0,11,2010
298,0,0,1,Cle,195,20,12.00,DST,88,6.0,0,Jacksonville JaguarsJacksonville,283,0,11,2010
299,0,0,2,Buf,308,49,11.00,DST,141,1.0,0,Cincinnati BengalsCincinnati,449,1,11,2010
300,0,0,1,Den,172,14,11.00,DST,63,5.0,0,San Diego ChargersSan Diego,235,0,11,2010
301,1,2,0,@Phi,244,27,10.00,DST,148,3.0,0,New York GiantsNY Giants,392,0,11,2010
302,0,0,0,Ari,281,13,9.00,DST,101,2.0,0,Kansas City ChiefsKansas City,382,0,11,2010
303,0,0,1,Chi,133,16,9.00,DST,135,3.0,0,Miami DolphinsMiami,268,0,11,2010
304,0,1,1,@Ten,222,16,9.00,DST,151,1.0,0,Washington RedskinsWashington,373,0,11,2010
305,0,2,0,Sea,366,19,8.00,DST,58,0.0,0,New Orleans SaintsNew Orleans,424,0,11,2010
306,0,2,0,Bal,278,37,7.00,DST,100,3.0,0,Carolina PanthersCarolina,378,0,11,2010
307,0,1,1,@NYJ,298,30,7.00,DST,103,3.0,0,Houston TexansHouston,401,0,11,2010
308,0,0,1,@Stl,233,17,6.00,DST,71,0.0,0,Atlanta FalconsAtlanta,304,0,11,2010
309,0,1,0,@Dal,131,35,6.00,DST,134,2.0,1,Detroit LionsDetroit,265,0,11,2010
310,0,0,3,Ind,396,28,6.00,DST,71,0.0,0,New England PatriotsNew England,467,0,11,2010
311,0,1,0,Hou,246,27,4.00,DST,97,1.0,0,New York JetsNY Jets,343,0,11,2010
312,0,1,0,@Pit,269,35,4.00,DST,162,2.0,0,Oakland RaidersOakland,431,0,11,2010
313,0,0,2,@NO,382,34,4.00,DST,112,0.0,0,Seattle SeahawksSeattle,494,0,11,2010
314,0,0,1,@SD,253,35,3.00,DST,147,1.0,0,Denver BroncosDenver,400,0,11,2010
315,0,0,0,GB,283,31,3.00,DST,91,3.0,0,Minnesota VikingsMinnesota,374,0,11,2010
316,0,0,0,TB,137,21,3.00,DST,162,2.0,0,San Francisco 49ersSan Francisco,299,0,11,2010
317,0,0,0,@NE,178,31,1.00,DST,168,1.0,0,Indianapolis ColtsIndianapolis,346,0,11,2010
318,0,0,0,@KC,193,31,0.00,DST,159,0.0,0,Arizona CardinalsArizona,352,0,11,2010
319,0,0,0,Atl,253,34,0.00,DST,138,0.0,0,St. Louis RamsSt. Louis,391,0,11,2010
320,0,1,4,@Ind,279,14,27.00,DST,24,1.0,0,San Diego ChargersSan Diego,303,2,12,2010
321,0,1,2,Cin,117,10,24.00,DST,46,3.0,1,New York JetsNY Jets,163,1,12,2010
322,0,0,3,Ten,138,0,17.00,DST,24,1.0,0,Houston TexansHouston,162,0,12,2010
323,0,1,2,@Cle,227,24,15.00,DST,152,2.0,0,Carolina PanthersCarolina,379,1,12,2010
324,0,1,1,@Ari,190,6,15.00,DST,13,1.0,0,San Francisco 49ersSan Francisco,203,0,12,2010
325,0,0,1,@Was,187,13,13.00,DST,29,4.0,0,Minnesota VikingsMinnesota,216,0,12,2010
326,0,1,1,Jax,121,20,12.00,DST,207,4.0,0,New York GiantsNY Giants,328,0,12,2010
327,2,1,0,KC,233,42,12.00,DST,270,0.0,0,Seattle SeahawksSeattle,503,1,12,2010
328,0,1,0,Pit,220,19,11.00,DST,206,5.0,0,Buffalo BillsBuffalo,426,0,12,2010
329,0,1,2,@Oak,247,17,11.00,DST,16,1.0,0,Miami DolphinsMiami,263,0,12,2010
330,0,0,1,Mia,285,33,11.00,DST,186,3.0,0,Oakland RaidersOakland,471,1,12,2010
331,0,1,1,@Buf,255,16,10.00,DST,74,2.0,0,Pittsburgh SteelersPittsburgh,329,0,12,2010
332,0,0,1,@Bal,257,17,10.00,DST,92,4.0,0,Tampa Bay BuccaneersTampa Bay,349,0,12,2010
333,0,1,2,@Sea,268,24,9.00,DST,20,2.0,0,Kansas City ChiefsKansas City,288,0,12,2010
334,0,2,1,@Dal,313,27,8.00,DST,144,1.0,0,New Orleans SaintsNew Orleans,457,0,12,2010
335,0,1,0,GB,341,17,7.00,DST,77,1.0,0,Atlanta FalconsAtlanta,418,0,12,2010
336,0,0,0,TB,162,10,7.00,DST,101,0.0,0,Baltimore RavensBaltimore,263,0,12,2010
337,0,0,1,Phi,293,26,7.00,DST,105,4.0,0,Chicago BearsChicago,398,0,12,2010
338,0,0,2,@Det,277,24,7.00,DST,129,2.0,0,New England PatriotsNew England,406,0,12,2010
339,0,2,0,@Den,330,33,7.00,DST,119,3.0,0,St. Louis RamsSt. Louis,449,0,12,2010
340,1,0,1,SF,125,27,6.00,DST,261,1.0,0,Arizona CardinalsArizona,386,0,12,2010
341,0,0,1,Car,175,23,6.00,DST,151,3.0,0,Cleveland BrownsCleveland,326,0,12,2010
342,0,1,1,NO,333,30,6.00,DST,81,2.0,0,Dallas CowboysDallas,414,0,12,2010
343,0,0,0,@Atl,177,20,6.00,DST,117,2.0,0,Green Bay PackersGreen Bay,294,0,12,2010
344,0,0,0,@Hou,158,20,6.00,DST,188,2.0,0,Tennessee TitansTennessee,346,0,12,2010
345,0,0,0,Min,162,17,6.00,DST,137,2.0,0,Washington RedskinsWashington,299,0,12,2010
346,0,0,1,@NYJ,149,26,5.00,DST,170,2.0,0,Cincinnati BengalsCincinnati,319,0,12,2010
347,0,0,0,@Chi,218,31,4.00,DST,131,4.0,0,Philadelphia EaglesPhiladelphia,349,0,12,2010
348,0,0,0,Stl,308,36,2.00,DST,123,2.0,0,Denver BroncosDenver,431,0,12,2010
349,0,0,0,SD,172,36,2.00,DST,129,2.0,0,Indianapolis ColtsIndianapolis,301,0,12,2010
350,0,0,0,NE,338,45,1.00,DST,109,1.0,0,Detroit LionsDetroit,447,0,12,2010
351,0,0,0,@NYG,226,24,1.00,DST,135,0.0,0,Jacksonville JaguarsJacksonville,361,0,12,2010
352,0,4,2,Was,264,7,23.00,DST,74,4.0,0,New York GiantsNY Giants,338,0,13,2010
353,0,0,4,@Ind,365,35,20.00,DST,40,0.0,0,Dallas CowboysDallas,405,2,13,2010
354,0,0,2,@Ari,119,6,18.00,DST,105,4.0,0,St. Louis RamsSt. Louis,224,0,13,2010
355,0,0,3,NYJ,149,3,17.00,DST,152,1.0,0,New England PatriotsNew England,301,0,13,2010
356,1,0,3,@Mia,167,10,16.00,DST,114,1.0,0,Cleveland BrownsCleveland,281,0,13,2010
357,0,1,0,Den,86,6,16.00,DST,161,4.0,0,Kansas City ChiefsKansas City,247,0,13,2010
358,0,0,4,@Min,177,38,15.00,DST,210,1.0,0,Buffalo BillsBuffalo,387,1,13,2010
359,0,0,2,@Ten,163,6,15.00,DST,57,1.0,0,Jacksonville JaguarsJacksonville,220,0,13,2010
360,0,4,1,Buf,155,14,15.00,DST,84,1.0,0,Minnesota VikingsMinnesota,239,0,13,2010
361,0,1,1,@SD,265,13,15.00,DST,21,4.0,0,Oakland RaidersOakland,286,0,13,2010
362,0,0,1,Car,152,14,15.00,DST,131,3.0,0,Seattle SeahawksSeattle,283,1,13,2010
363,0,1,0,@Bal,226,10,13.00,DST,43,4.0,0,Pittsburgh SteelersPittsburgh,269,0,13,2010
364,0,0,1,Pit,234,13,12.00,DST,54,3.0,0,Baltimore RavensBaltimore,288,0,13,2010
365,0,1,0,@KC,174,10,11.00,DST,185,2.0,0,Denver BroncosDenver,359,0,13,2010
366,0,0,1,@TB,174,24,10.00,DST,151,1.0,0,Atlanta FalconsAtlanta,325,1,13,2010
367,0,0,1,SF,172,16,10.00,DST,97,4.0,0,Green Bay PackersGreen Bay,269,0,13,2010
368,1,0,0,Dal,151,38,10.00,DST,217,2.0,0,Indianapolis ColtsIndianapolis,368,1,13,2010
369,0,0,0,Cle,200,13,9.00,DST,52,2.0,0,Miami DolphinsMiami,252,0,13,2010
370,0,0,1,Stl,169,19,8.00,DST,119,2.0,0,Arizona CardinalsArizona,288,0,13,2010
371,0,0,2,@Sea,210,31,7.00,DST,161,3.0,0,Carolina PanthersCarolina,371,0,13,2010
372,0,1,0,Chi,197,24,7.00,DST,114,4.0,0,Detroit LionsDetroit,311,0,13,2010
373,0,1,1,Hou,323,24,7.00,DST,108,2.0,0,Philadelphia EaglesPhiladelphia,431,0,13,2010
374,1,0,0,Jax,119,17,7.00,DST,258,1.0,0,Tennessee TitansTennessee,377,0,13,2010
375,0,0,0,@Det,168,20,6.00,DST,134,2.0,0,Chicago BearsChicago,302,0,13,2010
376,0,0,1,NO,290,34,4.00,DST,146,2.0,0,Cincinnati BengalsCincinnati,436,0,13,2010
377,0,0,0,@GB,274,34,4.00,DST,136,4.0,0,San Francisco 49ersSan Francisco,410,0,13,2010
378,0,0,2,Atl,205,28,4.00,DST,85,0.0,0,Tampa Bay BuccaneersTampa Bay,290,0,13,2010
379,0,0,1,@Phi,301,34,3.00,DST,115,1.0,0,Houston TexansHouston,416,0,13,2010
380,0,0,0,@Cin,215,30,3.00,DST,96,3.0,0,New Orleans SaintsNew Orleans,311,0,13,2010
381,0,0,0,@NE,304,45,3.00,DST,101,3.0,0,New York JetsNY Jets,405,0,13,2010
382,0,1,0,Oak,117,28,3.00,DST,251,1.0,0,San Diego ChargersSan Diego,368,0,13,2010
383,0,0,1,@NYG,161,31,2.00,DST,197,0.0,0,Washington RedskinsWashington,358,0,13,2010
384,0,0,3,Cin,156,7,28.00,DST,34,3.0,0,Pittsburgh SteelersPittsburgh,190,2,14,2010
385,0,3,3,Den,156,13,26.00,DST,132,1.0,0,Arizona CardinalsArizona,288,1,14,2010
386,0,2,2,@Chi,138,7,23.00,DST,47,2.0,0,New England PatriotsNew England,185,1,14,2010
387,0,1,2,Stl,191,13,22.00,DST,136,3.0,0,New Orleans SaintsNew Orleans,327,1,14,2010
388,0,1,2,GB,192,3,20.00,DST,66,4.0,0,Detroit LionsDetroit,258,0,14,2010
389,0,1,1,@NYJ,193,6,20.00,DST,87,6.0,0,Miami DolphinsMiami,280,0,14,2010
390,0,0,2,@Hou,378,28,18.00,DST,111,2.0,0,Baltimore RavensBaltimore,489,2,14,2010
391,0,3,0,Mia,30,10,18.00,DST,101,5.0,0,New York JetsNY Jets,131,0,14,2010
392,0,1,4,Sea,277,21,18.00,DST,84,1.0,0,San Francisco 49ersSan Francisco,361,1,14,2010
393,0,2,1,Cle,82,6,17.00,DST,105,1.0,0,Buffalo BillsBuffalo,187,0,14,2010
394,0,1,1,@Car,76,10,16.00,DST,212,5.0,0,Atlanta FalconsAtlanta,288,0,14,2010
395,0,0,1,@Min,103,3,16.00,DST,61,4.0,0,New York GiantsNY Giants,164,0,14,2010
396,0,0,0,KC,19,0,14.00,DST,48,4.0,0,San Diego ChargersSan Diego,67,0,14,2010
397,0,0,2,@Det,96,7,13.00,DST,190,2.0,0,Green Bay PackersGreen Bay,286,0,14,2010
398,0,1,0,@Buf,131,13,11.00,DST,192,2.0,0,Cleveland BrownsCleveland,323,0,14,2010
399,0,2,0,TB,262,17,9.00,DST,103,1.0,0,Washington RedskinsWashington,365,0,14,2010
400,0,0,0,@SF,241,40,8.00,DST,95,2.0,0,Seattle SeahawksSeattle,336,1,14,2010
401,0,1,0,@Was,211,16,8.00,DST,188,2.0,0,Tampa Bay BuccaneersTampa Bay,399,0,14,2010
402,0,1,1,Oak,323,31,7.00,DST,153,3.0,0,Jacksonville JaguarsJacksonville,476,0,14,2010
403,0,1,2,@NO,213,31,7.00,DST,132,1.0,0,St. Louis RamsSt. Louis,345,0,14,2010
404,0,0,2,Phi,258,30,6.00,DST,171,2.0,0,Dallas CowboysDallas,429,0,14,2010
405,0,1,1,@SD,219,31,6.00,DST,207,2.0,0,Kansas City ChiefsKansas City,426,0,14,2010
406,0,0,2,NYG,182,21,6.00,DST,213,1.0,0,Minnesota VikingsMinnesota,395,0,14,2010
407,0,0,2,@Dal,239,27,6.00,DST,110,1.0,0,Philadelphia EaglesPhiladelphia,349,0,14,2010
408,0,0,1,Atl,200,31,5.00,DST,127,3.0,0,Carolina PanthersCarolina,327,0,14,2010
409,0,0,0,@Pit,231,23,5.00,DST,123,4.0,0,Cincinnati BengalsCincinnati,354,0,14,2010
410,0,0,0,Bal,190,34,5.00,DST,63,5.0,0,Houston TexansHouston,253,0,14,2010
411,0,2,0,@Ten,244,28,4.00,DST,121,0.0,0,Indianapolis ColtsIndianapolis,365,0,14,2010
412,0,0,1,@Jax,151,38,4.00,DST,234,2.0,0,Oakland RaidersOakland,385,0,14,2010
413,0,0,0,NE,351,36,3.00,DST,124,3.0,0,Chicago BearsChicago,475,0,14,2010
414,0,1,0,@Ari,146,43,2.00,DST,211,0.0,0,Denver BroncosDenver,357,0,14,2010
415,0,0,0,Ind,312,30,1.00,DST,87,1.0,0,Tennessee TitansTennessee,399,0,14,2010
416,0,2,3,@Min,159,14,24.00,DST,114,4.0,0,Chicago BearsChicago,273,1,15,2010
417,0,1,2,@Sea,143,18,18.00,DST,91,2.0,0,Atlanta FalconsAtlanta,234,1,15,2010
418,0,1,1,GB,226,27,16.00,DST,143,5.0,0,New England PatriotsNew England,369,1,15,2010
419,0,0,0,@Pit,232,17,15.00,DST,146,3.0,1,New York JetsNY Jets,378,1,15,2010
420,0,0,1,SF,131,7,15.00,DST,61,6.0,0,San Diego ChargersSan Diego,192,0,15,2010
421,0,1,0,@Car,126,19,14.00,DST,177,2.0,0,Arizona CardinalsArizona,303,1,15,2010
422,0,1,1,Ari,175,12,14.00,DST,43,3.0,0,Carolina PanthersCarolina,218,0,15,2010
423,0,0,2,@Stl,155,13,14.00,DST,69,3.0,0,Kansas City ChiefsKansas City,224,0,15,2010
424,0,1,1,Jax,289,24,12.00,DST,67,1.0,0,Indianapolis ColtsIndianapolis,356,1,15,2010
425,0,1,1,@NYG,264,31,12.00,DST,100,2.0,0,Philadelphia EaglesPhiladelphia,364,1,15,2010
426,0,1,1,@Mia,261,14,11.00,DST,65,3.0,0,Buffalo BillsBuffalo,326,0,15,2010
427,0,1,2,Was,286,30,11.00,DST,55,5.0,0,Dallas CowboysDallas,341,0,15,2010
428,0,0,1,Hou,293,17,10.00,DST,30,4.0,0,Tennessee TitansTennessee,323,0,15,2010
429,0,2,1,Phi,221,38,9.00,DST,197,3.0,0,New York GiantsNY Giants,418,0,15,2010
430,0,0,0,Cle,219,17,8.00,DST,59,4.0,0,Cincinnati BengalsCincinnati,278,0,15,2010
431,0,0,1,Buf,211,17,8.00,DST,71,2.0,0,Miami DolphinsMiami,282,0,15,2010
432,0,0,0,@TB,227,20,7.00,DST,176,3.0,0,Detroit LionsDetroit,403,0,15,2010
433,0,0,0,@Ind,221,34,7.00,DST,155,1.0,0,Jacksonville JaguarsJacksonville,376,1,15,2010
434,0,1,0,Den,129,23,7.00,DST,106,2.0,1,Oakland RaidersOakland,235,0,15,2010
435,0,0,1,NO,242,24,6.00,DST,27,3.0,0,Baltimore RavensBaltimore,269,0,15,2010
436,0,1,2,@Oak,238,39,6.00,DST,264,0.0,0,Denver BroncosDenver,502,0,15,2010
437,0,0,1,KC,173,27,6.00,DST,210,3.0,0,St. Louis RamsSt. Louis,383,0,15,2010
438,0,0,1,@Ten,212,31,5.00,DST,147,3.0,0,Houston TexansHouston,359,0,15,2010
439,0,0,0,@Cin,209,19,4.00,DST,188,0.0,0,Cleveland BrownsCleveland,397,0,15,2010
440,0,0,0,@NE,136,31,3.00,DST,113,3.0,0,Green Bay PackersGreen Bay,249,0,15,2010
441,0,0,1,Chi,189,40,3.00,DST,104,1.0,0,Minnesota VikingsMinnesota,293,0,15,2010
442,0,0,0,@Bal,148,30,3.00,DST,208,3.0,0,New Orleans SaintsNew Orleans,356,0,15,2010
443,0,0,1,Atl,168,34,3.00,DST,98,1.0,0,Seattle SeahawksSeattle,266,0,15,2010
444,0,0,0,NYJ,170,22,2.00,DST,106,1.0,0,Pittsburgh SteelersPittsburgh,276,0,15,2010
445,0,0,0,@Dal,300,33,2.00,DST,134,2.0,0,Washington RedskinsWashington,434,0,15,2010
446,0,0,0,@SD,266,34,1.00,DST,108,1.0,0,San Francisco 49ersSan Francisco,374,0,15,2010
447,0,0,0,Det,252,23,1.00,DST,181,0.0,0,Tampa Bay BuccaneersTampa Bay,433,0,15,2010
448,0,4,3,@Buf,244,3,27.00,DST,125,3.0,0,New England PatriotsNew England,369,0,16,2010
449,0,1,2,Dal,199,26,24.00,DST,183,5.0,0,Arizona CardinalsArizona,382,2,16,2010
450,0,2,1,@Phi,224,14,22.00,DST,107,6.0,0,Minnesota VikingsMinnesota,331,1,16,2010
451,0,1,1,Car,45,3,18.00,DST,74,4.0,0,Pittsburgh SteelersPittsburgh,119,0,16,2010
452,0,2,4,NYG,296,17,17.00,DST,90,1.0,0,Green Bay PackersGreen Bay,386,0,16,2010
453,0,0,2,Ten,213,14,17.00,DST,57,3.0,0,Kansas City ChiefsKansas City,270,1,16,2010
454,0,0,2,NO,296,17,15.00,DST,72,1.0,0,Atlanta FalconsAtlanta,368,1,16,2010
455,0,1,3,@Cle,178,10,15.00,DST,102,0.0,0,Baltimore RavensBaltimore,280,0,16,2010
456,0,1,2,@Mia,271,27,15.00,DST,154,2.0,0,Detroit LionsDetroit,425,1,16,2010
457,0,1,1,SF,246,17,14.00,DST,85,4.0,1,St. Louis RamsSt. Louis,331,0,16,2010
458,0,0,2,@Jax,258,17,12.00,DST,78,4.0,0,Washington RedskinsWashington,336,0,16,2010
459,0,0,1,@Chi,202,38,10.00,DST,120,2.0,0,New York JetsNY Jets,322,1,16,2010
460,0,0,2,Ind,179,31,10.00,DST,191,0.0,0,Oakland RaidersOakland,370,1,16,2010
461,0,1,0,@Stl,275,25,10.00,DST,60,1.0,0,San Francisco 49ersSan Francisco,335,1,16,2010
462,0,1,1,SD,249,20,9.00,DST,64,1.0,0,Cincinnati BengalsCincinnati,313,0,16,2010
463,0,2,0,@Atl,140,14,9.00,DST,75,1.0,0,New Orleans SaintsNew Orleans,215,0,16,2010
464,0,2,0,@Pit,293,27,8.00,DST,115,3.0,0,Carolina PanthersCarolina,408,0,16,2010
465,0,0,1,Bal,97,20,7.00,DST,161,1.0,0,Cleveland BrownsCleveland,258,0,16,2010
466,0,0,1,Was,172,20,7.00,DST,79,1.0,0,Jacksonville JaguarsJacksonville,251,0,16,2010
467,0,0,0,Sea,84,15,7.00,DST,90,3.0,0,Tampa Bay BuccaneersTampa Bay,174,0,16,2010
468,0,1,0,Min,176,24,5.00,DST,161,2.0,0,Philadelphia EaglesPhiladelphia,337,0,16,2010
469,0,1,1,@KC,306,34,5.00,DST,152,1.0,0,Tennessee TitansTennessee,458,0,16,2010
470,0,1,1,NYJ,269,34,4.00,DST,124,0.0,0,Chicago BearsChicago,393,0,16,2010
471,0,0,1,@Den,305,24,4.00,DST,126,1.0,0,Houston TexansHouston,431,0,16,2010
472,0,0,0,@Oak,210,26,4.00,DST,80,3.0,0,Indianapolis ColtsIndianapolis,290,0,16,2010
473,0,1,0,@GB,396,45,4.00,DST,119,2.0,0,New York GiantsNY Giants,515,0,16,2010
474,1,0,0,@TB,231,38,4.00,DST,208,2.0,0,Seattle SeahawksSeattle,439,0,16,2010
475,0,0,1,Hou,310,23,3.00,DST,91,0.0,0,Denver BroncosDenver,401,0,16,2010
476,0,0,0,@Ari,178,27,2.00,DST,93,1.0,0,Dallas CowboysDallas,271,0,16,2010
477,0,0,0,Det,208,34,2.00,DST,67,2.0,0,Miami DolphinsMiami,275,0,16,2010
478,0,1,0,@Cin,269,34,2.00,DST,102,0.0,0,San Diego ChargersSan Diego,371,0,16,2010
479,0,0,0,NE,131,34,1.00,DST,217,1.0,0,Buffalo BillsBuffalo,348,0,16,2010
480,0,2,4,Buf,125,7,28.00,DST,37,3.0,0,New York JetsNY Jets,162,1,17,2010
481,0,1,3,@Phi,123,13,26.00,DST,121,5.0,0,Dallas CowboysDallas,244,1,17,2010
482,0,0,2,@KC,86,10,24.00,DST,115,7.0,0,Oakland RaidersOakland,201,1,17,2010
483,0,0,2,Ari,201,7,23.00,DST,78,6.0,0,San Francisco 49ersSan Francisco,279,1,17,2010
484,0,1,1,Mia,206,7,22.00,DST,44,5.0,0,New England PatriotsNew England,250,1,17,2010
485,0,1,1,Car,154,10,20.00,DST,137,3.0,0,Atlanta FalconsAtlanta,291,1,17,2010
486,0,0,2,Chi,117,3,20.00,DST,110,6.0,0,Green Bay PackersGreen Bay,227,0,17,2010
487,0,3,2,Cin,305,7,17.00,DST,90,0.0,0,Baltimore RavensBaltimore,395,0,17,2010
488,0,0,3,@Cle,182,9,17.00,DST,43,4.0,0,Pittsburgh SteelersPittsburgh,225,0,17,2010
489,0,2,1,@NO,199,13,16.00,DST,106,3.0,0,Tampa Bay BuccaneersTampa Bay,305,0,17,2010
490,0,1,1,@Bal,101,13,15.00,DST,98,4.0,0,Cincinnati BengalsCincinnati,199,0,17,2010
491,0,1,1,@Det,250,20,15.00,DST,107,1.0,0,Minnesota VikingsMinnesota,357,1,17,2010
492,0,0,1,Stl,137,6,15.00,DST,47,3.0,0,Seattle SeahawksSeattle,184,0,17,2010
493,0,3,1,@Was,318,14,14.00,DST,67,2.0,0,New York GiantsNY Giants,385,0,17,2010
494,0,1,1,@GB,224,10,13.00,DST,60,2.0,0,Chicago BearsChicago,284,0,17,2010
495,0,0,1,SD,283,33,13.00,DST,164,5.0,0,Denver BroncosDenver,447,1,17,2010
496,0,0,1,Min,137,13,12.00,DST,74,3.0,0,Detroit LionsDetroit,211,0,17,2010
497,0,1,1,Jax,124,17,10.00,DST,198,2.0,0,Houston TexansHouston,322,0,17,2010
498,0,0,1,@NYJ,112,38,9.00,DST,276,1.0,0,Buffalo BillsBuffalo,388,1,17,2010
499,0,2,0,TB,233,23,8.00,DST,84,3.0,0,New Orleans SaintsNew Orleans,317,0,17,2010
500,0,1,0,Dal,113,14,8.00,DST,159,2.0,0,Philadelphia EaglesPhiladelphia,272,0,17,2010
501,0,1,0,Ten,290,20,7.00,DST,51,1.0,0,Indianapolis ColtsIndianapolis,341,0,17,2010
502,0,0,2,@Den,191,28,7.00,DST,146,3.0,0,San Diego ChargersSan Diego,337,0,17,2010
503,0,1,0,Oak,135,31,6.00,DST,209,4.0,0,Kansas City ChiefsKansas City,344,0,17,2010
504,0,1,0,@Sea,192,16,6.00,DST,141,0.0,0,St. Louis RamsSt. Louis,333,0,17,2010
505,0,0,1,NYG,243,17,6.00,DST,82,0.0,0,Washington RedskinsWashington,325,0,17,2010
506,0,1,0,@Ind,257,23,4.00,DST,101,1.0,0,Tennessee TitansTennessee,358,0,17,2010
507,0,1,0,@Atl,253,31,3.00,DST,99,1.0,0,Carolina PanthersCarolina,352,0,17,2010
508,0,0,0,@SF,262,38,2.00,DST,100,2.0,0,Arizona CardinalsArizona,362,0,17,2010
509,0,0,0,Pit,318,41,2.00,DST,100,2.0,0,Cleveland BrownsCleveland,418,0,17,2010
510,0,1,0,@NE,321,38,2.00,DST,181,0.0,0,Miami DolphinsMiami,502,0,17,2010
511,0,0,0,@Hou,253,34,0.00,DST,244,0.0,0,Jacksonville JaguarsJacksonville,497,0,17,2010
