,Unnamed: 0,Fumble TD,Fumbles Lost,Name,Opponent,Pass 2PT,Pass Attempts,Pass Completions,Pass Interceptions,Pass TD,Pass Yards,Points,Position,Receiving 2PT,Receiving TD,Receiving Yards,Receptions,Rush 2PT,Rush Attempts,Rush TD,Rush Yards,Week,Year,Away Games
0,0,0,0,Matt Ryan,Saints,0,43,31,0,3,448,36.0,QB,0,0,0,0,0,3,0,15,1,2014,0
1,1,0,0,Matthew Stafford,Giants,1,32,22,0,2,346,33.0,QB,0,0,0,0,0,4,1,2,1,2014,0
2,2,0,0,Andrew Luck,Broncos,0,53,35,2,2,370,29.0,QB,0,0,0,0,0,5,1,19,1,2014,1
3,3,0,0,Peyton Manning,Colts,0,36,22,0,3,269,28.0,QB,0,0,0,0,0,4,0,-3,1,2014,0
4,4,0,1,Carson Palmer,Chargers,0,37,24,0,2,304,25.0,QB,0,0,0,0,0,4,0,29,1,2014,0
5,5,0,0,Jake Locker,Chiefs,0,33,22,0,2,266,23.0,QB,0,0,0,0,0,6,0,14,1,2014,1
6,6,0,0,Derek Anderson,Buccaneers,0,34,24,0,2,230,22.0,QB,0,0,0,0,0,3,0,10,1,2014,1
7,7,0,0,Russell Wilson,Packers,0,28,19,0,2,191,21.0,QB,0,0,0,0,0,7,0,29,1,2014,0
8,8,0,0,Colin Kaepernick,Cowboys,0,23,16,0,2,201,21.0,QB,0,0,0,0,0,5,0,11,1,2014,1
9,9,0,1,Chad Henne,Eagles,0,43,24,0,2,266,21.0,QB,0,0,0,0,0,1,0,8,1,2014,1
10,10,0,0,Jay Cutler,Bills,0,49,34,2,2,349,21.0,QB,0,0,0,0,0,0,0,0,1,2014,0
11,11,0,2,Nick Foles,Jaguars,0,45,27,1,2,322,20.0,QB,0,0,0,0,0,0,0,0,1,2014,0
12,12,0,0,Andy Dalton,Ravens,1,38,25,0,1,301,20.0,QB,0,0,0,0,0,6,0,3,1,2014,1
13,13,0,0,Ben Roethlisberger,Browns,0,34,23,1,1,365,18.0,QB,0,0,0,0,0,3,0,8,1,2014,0
14,14,0,0,Matt Cassel,Rams,0,25,17,0,2,170,18.0,QB,0,0,0,0,0,5,0,-3,1,2014,1
15,15,0,0,Derek Carr,Jets,0,32,20,0,2,151,18.0,QB,0,0,0,0,0,1,0,-1,1,2014,1
16,16,0,0,Ryan Tannehill,Patriots,0,32,18,1,2,178,17.0,QB,0,0,0,0,0,3,0,-2,1,2014,0
17,17,0,0,Josh McCown,Panthers,0,35,22,2,2,183,17.0,QB,0,0,0,0,0,3,0,27,1,2014,0
18,18,0,0,E.J. Manuel,Bears,0,22,16,1,1,173,17.0,QB,0,0,0,0,0,6,1,19,1,2014,1
19,19,0,0,Joe Flacco,Bengals,0,62,35,1,1,345,17.0,QB,0,0,0,0,0,3,0,7,1,2014,0
20,20,0,0,Drew Brees,Falcons,0,42,29,1,1,333,17.0,QB,0,0,0,0,0,1,0,2,1,2014,1
21,21,0,0,Ryan Fitzpatrick,Redskins,0,22,14,0,1,206,15.0,QB,0,0,0,0,0,5,0,10,1,2014,0
22,22,0,1,Geno Smith,Raiders,0,28,23,1,1,221,14.0,QB,0,0,0,0,0,10,0,38,1,2014,0
23,23,0,0,Philip Rivers,Cardinals,0,36,21,1,1,238,14.0,QB,0,0,0,0,0,2,0,10,1,2014,1
24,24,0,0,Brian Hoyer,Steelers,0,30,18,0,1,222,14.0,QB,0,0,0,0,0,1,0,-2,1,2014,1
25,25,0,2,Tom Brady,Dolphins,0,56,29,0,1,249,13.0,QB,0,0,0,0,0,1,0,3,1,2014,1
26,26,0,0,Alex Smith,Titans,0,35,19,3,1,202,11.0,QB,0,0,0,0,0,6,0,36,1,2014,0
27,27,0,0,Tony Romo,49ers,0,37,23,3,1,281,11.0,QB,0,0,0,0,0,0,0,0,1,2014,0
28,28,0,0,Aaron Rodgers,Seahawks,0,33,23,1,1,189,11.0,QB,0,0,0,0,0,0,0,0,1,2014,1
29,29,0,1,Robert Griffin III,Texans,0,37,29,0,0,267,9.0,QB,0,0,0,0,0,3,0,2,1,2014,1
30,30,0,0,Eli Manning,Lions,0,33,18,2,1,163,8.0,QB,0,0,0,0,0,0,0,0,1,2014,1
31,31,0,0,Austin Davis,Min,0,23,16,1,0,192,5.0,QB,0,0,0,0,0,1,0,0,1,2014,0
32,32,0,0,Shaun Hill,Min,0,13,8,1,0,81,1.0,QB,0,0,0,0,0,1,0,-1,1,2014,0
33,33,0,0,Michael Vick,Raiders,0,1,0,0,0,0,0.0,QB,0,0,0,0,0,0,0,0,1,2014,0
34,34,0,1,Aaron Rodgers,Jets,1,42,25,0,3,346,34.0,QB,0,0,0,0,0,6,0,28,2,2014,0
35,35,0,0,Jay Cutler,49ers,0,34,23,0,4,176,33.0,QB,0,0,0,0,0,5,0,25,2,2014,1
36,36,0,0,Philip Rivers,Seahawks,0,37,28,0,3,284,30.0,QB,0,0,0,0,0,11,0,17,2,2014,0
37,37,0,0,Peyton Manning,Chiefs,0,26,21,0,3,242,27.0,QB,0,0,0,0,0,1,0,-1,2,2014,0
38,38,0,0,Andrew Luck,Eagles,0,34,20,1,3,172,24.0,QB,0,0,0,0,0,4,0,20,2,2014,0
39,39,0,0,Kirk Cousins,Jaguars,0,33,22,0,2,250,22.0,QB,0,0,0,0,0,1,0,-1,2,2014,0
40,40,0,0,Russell Wilson,Chargers,0,25,17,0,2,202,21.0,QB,0,0,0,0,0,2,0,18,2,2014,1
41,41,0,0,Cam Newton,Lions,1,34,22,0,1,281,20.0,QB,0,0,0,0,0,4,0,19,2,2014,0
42,42,0,0,Geno Smith,Packers,0,32,16,1,1,176,19.0,QB,0,0,0,0,0,7,1,26,2,2014,1
43,43,0,0,Eli Manning,Cardinals,0,39,26,2,2,277,19.0,QB,0,0,0,0,0,1,0,5,2,2014,0
44,44,0,0,Nick Foles,Colts,0,37,21,1,1,331,19.0,QB,0,0,0,0,0,4,0,22,2,2014,1
45,45,0,0,Drew Brees,Browns,0,40,27,1,2,237,19.0,QB,0,0,0,0,0,1,0,3,2,2014,1
46,46,0,0,Joe Flacco,Steelers,0,29,21,0,2,166,18.0,QB,0,0,0,0,0,5,0,3,2,2014,0
47,47,0,0,Josh McCown,Rams,0,21,16,1,0,179,17.0,QB,0,0,0,0,0,2,2,6,2,2014,0
48,48,0,0,Ryan Fitzpatrick,Raiders,0,19,14,0,2,139,17.0,QB,0,0,0,0,0,0,0,0,2,2014,1
49,49,0,0,Derek Carr,Texans,0,42,27,2,1,263,17.0,QB,0,0,0,0,0,4,0,58,2,2014,0
50,50,0,0,Andy Dalton,Falcons,0,23,15,0,1,252,16.0,QB,0,0,0,0,0,3,0,6,2,2014,0
51,51,0,0,Matthew Stafford,Panthers,0,48,27,1,1,291,15.0,QB,0,0,0,0,0,1,0,8,2,2014,1
52,52,0,0,Ryan Tannehill,Bills,0,49,31,1,1,241,14.0,QB,0,0,0,0,0,4,0,11,2,2014,1
53,53,0,0,Alex Smith,Broncos,0,42,26,0,0,255,14.0,QB,0,0,0,0,0,5,0,42,2,2014,1
54,54,0,0,E.J. Manuel,Dolphins,0,26,16,0,1,202,14.0,QB,0,0,0,0,0,4,0,6,2,2014,0
55,55,0,1,Colin Kaepernick,Bears,0,34,21,3,1,248,14.0,QB,0,0,0,0,0,9,0,64,2,2014,0
56,56,0,0,Brian Hoyer,Saints,0,40,24,0,1,204,14.0,QB,0,0,0,0,0,0,0,0,2,2014,0
57,57,0,0,Tony Romo,Titans,0,29,19,0,1,176,13.0,QB,0,0,0,0,0,0,0,0,2,2014,1
58,58,0,0,Chad Henne,Redskins,0,28,14,1,1,193,12.0,QB,0,0,0,0,0,3,0,17,2,2014,1
59,59,0,0,Matt Ryan,Bengals,0,44,24,3,1,231,11.0,QB,0,0,0,0,0,3,0,28,2,2014,1
60,60,0,0,Jake Locker,Cowboys,0,34,18,2,1,234,11.0,QB,0,0,0,0,0,2,0,9,2,2014,0
61,61,0,0,Tom Brady,Min,0,21,14,0,1,149,11.0,QB,0,0,0,0,0,1,0,0,2,2014,1
62,62,0,0,Austin Davis,Buccaneers,0,29,22,0,0,235,9.0,QB,0,0,0,0,0,1,0,0,2,2014,1
63,63,0,0,Matt Cassel,Patriots,0,36,19,4,1,202,7.0,QB,0,0,0,0,0,3,0,16,2,2014,0
64,64,0,0,Drew Stanton,Giants,0,29,14,0,0,167,6.0,QB,0,0,0,0,0,2,0,-2,2,2014,1
65,65,0,0,Ben Roethlisberger,Ravens,0,37,22,1,0,217,6.0,QB,0,0,0,0,0,0,0,0,2,2014,1
66,66,0,0,Robert Griffin III,Jaguars,0,3,2,0,0,38,3.0,QB,0,0,0,0,0,2,0,22,2,2014,0
67,67,0,0,Johnny Manziel,Saints,0,1,0,0,0,0,0.0,QB,0,0,0,0,0,0,0,0,2,2014,0
68,68,0,0,Ryan Mallett,Raiders,0,0,0,0,0,0,0.0,QB,0,0,0,0,0,1,0,-1,2,2014,1
69,69,0,0,Andrew Luck,Jaguars,0,39,31,0,4,370,39.0,QB,0,0,0,0,0,3,0,15,3,2014,1
70,70,0,0,Kirk Cousins,Eagles,0,48,30,1,3,427,33.0,QB,0,0,0,0,0,3,0,5,3,2014,1
71,71,0,0,Nick Foles,Redskins,0,41,27,0,3,325,32.0,QB,0,0,0,0,0,4,0,12,3,2014,0
72,72,0,0,Matt Ryan,Buccaneers,0,24,21,0,3,286,29.0,QB,0,0,0,0,0,1,0,2,3,2014,0
73,73,0,0,Austin Davis,Cowboys,0,42,30,2,3,327,27.0,QB,0,0,0,0,0,2,0,-1,3,2014,0
74,74,0,0,Russell Wilson,Broncos,0,34,24,1,2,258,25.0,QB,0,0,17,1,0,9,0,40,3,2014,0
75,75,0,1,Alex Smith,Dolphins,0,25,19,0,3,186,25.0,QB,0,0,0,0,0,2,0,17,3,2014,1
76,76,0,0,Peyton Manning,Seahawks,1,49,31,1,2,303,24.0,QB,0,0,0,0,0,1,0,-1,3,2014,1
77,77,0,0,Drew Brees,Min,0,35,27,0,2,293,23.0,QB,0,0,0,0,0,3,0,-2,3,2014,0
78,78,0,0,Drew Stanton,49ers,0,33,18,0,2,244,22.0,QB,0,0,0,0,0,6,0,16,3,2014,0
79,79,0,0,Philip Rivers,Bills,0,25,18,0,2,256,22.0,QB,0,0,0,0,0,1,0,9,3,2014,1
80,80,0,0,Eli Manning,Texans,0,28,21,0,2,234,21.0,QB,0,0,0,0,0,1,0,-1,3,2014,0
81,81,0,1,Jay Cutler,Jets,0,38,23,0,2,225,21.0,QB,0,0,0,0,0,5,0,14,3,2014,1
82,82,0,0,Colin Kaepernick,Cardinals,0,37,29,0,1,245,20.0,QB,0,0,0,0,0,12,0,54,3,2014,1
83,83,0,0,Ryan Fitzpatrick,Giants,0,34,20,3,1,289,20.0,QB,0,0,0,0,0,7,1,34,3,2014,1
84,84,0,0,Tony Romo,Rams,0,23,18,1,2,217,19.0,QB,0,0,0,0,0,3,0,14,3,2014,1
85,85,0,0,Ben Roethlisberger,Panthers,0,30,22,0,2,196,19.0,QB,0,0,0,0,0,1,0,1,3,2014,1
86,86,0,0,Blake Bortles,Colts,0,24,14,2,2,223,19.0,QB,0,0,0,0,0,2,0,30,3,2014,0
87,87,0,0,E.J. Manuel,Chargers,0,39,23,0,1,238,17.0,QB,0,0,0,0,0,5,0,24,3,2014,0
88,88,0,0,Brian Hoyer,Ravens,0,25,19,0,1,290,17.0,QB,0,0,0,0,0,3,0,-2,3,2014,0
89,89,0,0,Geno Smith,Bears,0,43,26,2,1,316,16.0,QB,0,0,0,0,0,3,0,20,3,2014,0
90,90,0,1,Cam Newton,Steelers,0,35,24,0,1,250,15.0,QB,0,0,0,0,0,2,0,7,3,2014,0
91,91,0,0,Tom Brady,Raiders,0,37,24,0,1,234,15.0,QB,0,0,0,0,0,3,0,-7,3,2014,0
92,92,0,0,Ryan Tannehill,Chiefs,0,43,21,0,1,205,14.0,QB,0,0,0,0,0,1,0,9,3,2014,0
93,93,0,0,Aaron Rodgers,Lions,0,27,16,0,1,162,12.0,QB,0,0,0,0,0,0,0,0,3,2014,1
94,94,0,0,Joe Flacco,Browns,0,31,19,1,1,217,12.0,QB,0,0,0,0,0,4,0,6,3,2014,1
95,95,0,0,Mike Glennon,Falcons,0,24,17,0,1,121,11.0,QB,0,0,0,0,0,3,0,19,3,2014,1
96,96,0,0,Andy Dalton,Titans,0,23,15,1,0,169,11.0,QB,0,1,18,1,0,3,0,3,3,2014,0
97,97,0,0,Derek Anderson,Steelers,0,6,5,0,1,80,9.0,QB,0,0,0,0,0,0,0,0,3,2014,0
98,98,0,0,Jake Locker,Bengals,0,34,17,2,0,185,8.0,QB,0,0,0,0,0,6,0,50,3,2014,1
99,99,0,0,Teddy Bridgewater,Saints,0,20,12,0,0,150,8.0,QB,0,0,0,0,0,6,0,27,3,2014,1
100,100,0,1,Matthew Stafford,Packers,0,34,22,2,0,246,4.0,QB,0,0,0,0,0,6,0,8,3,2014,0
101,101,0,0,Derek Carr,Patriots,0,34,21,1,0,174,4.0,QB,0,0,0,0,0,0,0,0,3,2014,1
102,102,0,0,Matt Cassel,Saints,0,10,5,0,0,53,2.0,QB,0,0,0,0,0,1,0,5,3,2014,1
103,103,0,0,Chad Henne,Colts,0,7,4,0,0,33,1.0,QB,0,0,0,0,0,0,0,0,3,2014,0
104,104,0,0,T.J. Yates,Buccaneers,0,4,3,1,0,64,0.0,QB,0,0,0,0,0,0,0,0,3,2014,0
105,105,0,0,Michael Vick,Bears,0,0,0,0,0,0,0.0,QB,0,0,0,0,0,1,0,3,3,2014,0
106,106,0,0,Josh McCown,Falcons,0,12,5,1,0,58,0.0,QB,0,0,0,0,0,0,0,0,3,2014,1
107,107,0,0,Matt Hasselbeck,Jaguars,0,4,2,0,0,20,0.0,QB,0,0,0,0,0,1,0,-1,3,2014,1
108,108,0,0,Bruce Gradkowski,Panthers,0,0,0,0,0,0,0.0,QB,0,0,0,0,0,2,0,-2,3,2014,1
109,109,0,0,Jason Campbell,Titans,0,2,1,0,0,-3,0.0,QB,0,0,0,0,0,0,0,0,3,2014,0
110,110,0,0,Eli Manning,Redskins,0,39,28,1,4,300,40.0,QB,0,0,0,0,0,1,1,1,4,2014,1
111,111,0,0,Andrew Luck,Titans,0,41,29,1,4,393,37.0,QB,0,0,0,0,0,1,0,-1,4,2014,0
112,112,0,0,Aaron Rodgers,Bears,0,28,22,0,4,302,36.0,QB,0,0,0,0,0,1,0,8,4,2014,1
113,113,0,0,Philip Rivers,Jaguars,0,39,29,0,3,377,33.0,QB,0,0,0,0,0,1,0,0,4,2014,0
114,114,0,0,Joe Flacco,Panthers,0,31,22,0,3,327,31.0,QB,0,0,0,0,0,1,0,3,4,2014,0
115,115,0,0,Tony Romo,Saints,0,29,22,0,3,262,30.0,QB,0,0,0,0,0,6,0,20,4,2014,0
116,116,0,0,Matthew Stafford,Jets,0,34,24,0,2,293,29.0,QB,0,0,0,0,0,6,1,8,4,2014,1
117,117,0,1,Ben Roethlisberger,Buccaneers,0,40,29,0,3,314,29.0,QB,0,0,-6,0,0,2,0,4,4,2014,0
118,118,0,0,Alex Smith,Patriots,0,26,20,0,3,248,27.0,QB,0,0,0,0,0,4,0,8,4,2014,0
119,119,0,0,Matt Ryan,Min,0,41,25,2,3,298,25.0,QB,0,0,0,0,0,2,0,2,4,2014,1
120,120,0,0,Ryan Tannehill,Raiders,0,31,23,1,2,278,24.0,QB,0,0,0,0,0,5,0,35,4,2014,1
121,121,0,0,Colin Kaepernick,Eagles,0,30,17,1,2,218,23.0,QB,0,0,0,0,0,7,0,58,4,2014,0
122,122,0,0,Drew Brees,Cowboys,0,44,32,1,2,340,23.0,QB,0,0,0,0,0,1,0,6,4,2014,1
123,123,0,0,Mike Glennon,Steelers,0,42,21,1,2,302,22.0,QB,0,0,0,0,0,0,0,0,4,2014,1
124,124,0,0,Teddy Bridgewater,Falcons,1,30,19,0,0,317,22.0,QB,0,0,0,0,0,5,1,27,4,2014,0
125,125,0,0,Jay Cutler,Packers,0,34,22,2,2,256,20.0,QB,0,0,0,0,0,3,0,29,4,2014,0
126,126,0,0,E.J. Manuel,Texans,0,44,21,2,2,225,17.0,QB,0,0,0,0,0,1,0,3,4,2014,1
127,127,0,0,Charlie Whitehurst,Colts,0,23,12,1,1,177,15.0,QB,0,0,0,0,0,5,0,40,4,2014,1
128,128,0,0,Blake Bortles,Chargers,0,37,29,2,1,254,14.0,QB,0,0,0,0,0,5,0,24,4,2014,1
129,129,0,0,Cam Newton,Ravens,0,25,14,0,1,197,13.0,QB,0,0,0,0,0,2,0,7,4,2014,1
130,130,0,0,Ryan Fitzpatrick,Bills,0,37,25,2,1,268,13.0,QB,0,0,0,0,0,5,0,14,4,2014,0
131,131,0,1,Geno Smith,Lions,0,33,17,1,1,209,11.0,QB,0,0,0,0,0,4,0,4,4,2014,0
132,132,0,0,Derek Carr,Dolphins,0,25,16,1,1,146,9.0,QB,0,0,0,0,0,2,0,9,4,2014,0
133,133,0,0,Jimmy Garoppolo,Chiefs,0,7,6,0,1,70,8.0,QB,0,0,0,0,0,0,0,0,4,2014,1
134,134,0,1,Kirk Cousins,Giants,0,33,19,4,1,257,8.0,QB,0,0,0,0,0,1,0,12,4,2014,0
135,135,0,0,Matt McGloin,Dolphins,0,19,12,2,1,129,7.0,QB,0,0,0,0,0,2,0,3,4,2014,0
136,136,0,1,Tom Brady,Chiefs,0,23,14,2,1,159,7.0,QB,0,0,0,0,0,0,0,0,4,2014,1
137,137,0,0,Nick Foles,49ers,0,43,21,2,0,195,3.0,QB,0,0,0,0,0,1,0,1,4,2014,1
138,138,0,0,Derek Anderson,Ravens,0,9,6,0,0,71,2.0,QB,0,0,0,0,0,0,0,0,4,2014,1
139,139,0,0,Christian Ponder,Falcons,0,0,0,0,0,0,0.0,QB,0,0,0,0,0,1,0,1,4,2014,0
140,140,0,0,Matt Moore,Raiders,0,0,0,0,0,0,0.0,QB,0,0,0,0,0,2,0,-2,4,2014,1
141,141,0,0,Matt Hasselbeck,Titans,0,0,0,0,0,0,0.0,QB,0,0,0,0,0,3,0,-2,4,2014,0
142,142,0,0,Jimmy Clausen,Packers,0,1,1,0,0,9,0.0,QB,0,0,0,0,0,0,0,0,4,2014,0
143,143,0,0,Zach Mettenberger,Colts,0,5,2,1,0,17,-2.0,QB,0,0,0,0,0,0,0,0,4,2014,1
144,144,0,0,Peyton Manning,Cardinals,0,47,31,2,4,479,39.0,QB,0,0,0,0,0,2,0,-2,5,2014,0
145,145,0,0,Russell Wilson,Redskins,0,24,18,0,2,201,38.0,QB,0,0,0,0,0,11,1,122,5,2014,1
146,146,0,2,Austin Davis,Eagles,0,49,29,0,3,375,34.0,QB,0,0,0,0,0,3,0,30,5,2014,1
147,147,0,0,Philip Rivers,Jets,0,28,20,1,3,288,27.0,QB,0,0,0,0,0,2,0,3,5,2014,0
148,148,0,0,Brian Hoyer,Titans,0,37,21,1,3,291,27.0,QB,0,0,0,0,0,1,0,2,5,2014,1
149,149,0,1,Jay Cutler,Panthers,0,36,28,2,2,289,26.0,QB,0,0,0,0,0,3,1,22,5,2014,1
150,150,0,0,Aaron Rodgers,Min,0,17,12,0,3,156,24.0,QB,0,0,0,0,0,0,0,0,5,2014,0
151,151,0,0,Tom Brady,Bengals,0,35,23,0,2,292,24.0,QB,0,0,0,0,0,4,0,13,5,2014,0
152,152,0,0,Kirk Cousins,Seahawks,0,36,21,0,2,283,23.0,QB,0,0,0,0,0,2,0,4,5,2014,0
153,153,0,0,Tony Romo,Texans,0,41,28,1,2,324,22.0,QB,0,0,0,0,0,0,0,0,5,2014,0
154,154,0,0,Andrew Luck,Ravens,0,49,32,2,1,312,22.0,QB,0,0,0,0,0,6,1,22,5,2014,0
155,155,0,0,Andy Dalton,Patriots,0,24,15,0,2,204,21.0,QB,0,0,0,0,0,2,0,16,5,2014,1
156,156,0,0,Eli Manning,Falcons,0,30,19,0,2,200,20.0,QB,0,0,0,0,0,2,0,-3,5,2014,0
157,157,0,0,Drew Brees,Buccaneers,0,57,35,3,2,371,20.0,QB,0,0,0,0,0,1,0,-1,5,2014,0
158,158,0,0,Charlie Whitehurst,Browns,0,21,13,0,2,194,19.0,QB,0,0,0,0,0,2,0,-1,5,2014,0
159,159,0,1,Cam Newton,Bears,0,35,19,1,2,255,19.0,QB,0,0,0,0,0,6,0,9,5,2014,0
160,160,0,0,Mike Glennon,Saints,0,32,19,1,2,249,19.0,QB,0,0,0,0,0,1,0,0,5,2014,1
161,161,0,0,Jake Locker,Browns,0,11,8,0,1,79,18.0,QB,0,0,0,0,0,4,1,34,5,2014,0
162,162,0,1,Nick Foles,Rams,0,37,24,1,2,207,18.0,QB,0,0,0,0,0,2,0,13,5,2014,0
163,163,0,0,Matt Ryan,Giants,0,45,29,1,1,316,16.0,QB,0,0,0,0,0,0,0,0,5,2014,1
164,164,0,0,Kyle Orton,Lions,0,43,30,1,1,308,16.0,QB,0,0,0,0,0,1,0,0,5,2014,1
165,165,0,1,Ben Roethlisberger,Jaguars,0,36,26,0,1,273,15.0,QB,0,0,0,0,0,3,0,-2,5,2014,1
166,166,0,0,Colin Kaepernick,Chiefs,0,26,14,0,1,201,15.0,QB,0,0,0,0,0,10,0,18,5,2014,0
167,167,0,0,Matthew Stafford,Bills,0,31,18,1,1,231,13.0,QB,0,0,0,0,0,3,0,8,5,2014,0
168,168,0,0,Christian Ponder,Packers,0,44,22,2,0,222,11.0,QB,0,0,0,0,0,3,1,15,5,2014,1
169,169,0,0,Alex Smith,49ers,0,30,16,1,1,158,10.0,QB,0,0,0,0,0,1,0,6,5,2014,1
170,170,0,0,Logan Thomas,Broncos,0,8,1,0,1,81,9.0,QB,0,0,0,0,0,0,0,0,5,2014,1
171,171,0,0,Joe Flacco,Colts,0,38,22,1,0,235,7.0,QB,0,0,0,0,0,0,0,0,5,2014,1
172,172,0,0,Drew Stanton,Broncos,0,26,11,0,0,118,4.0,QB,0,0,0,0,0,0,0,0,5,2014,1
173,173,0,0,Ryan Fitzpatrick,Cowboys,0,25,16,1,0,154,4.0,QB,0,0,0,0,0,3,0,3,5,2014,1
174,174,0,0,Blake Bortles,Steelers,0,36,22,2,0,191,4.0,QB,0,0,0,0,0,4,0,14,5,2014,0
175,175,0,0,Michael Vick,Chargers,0,19,8,0,0,47,2.0,QB,0,0,0,0,0,2,0,14,5,2014,1
176,176,0,0,Jason Campbell,Patriots,0,5,3,0,0,45,1.0,QB,0,0,0,0,0,0,0,0,5,2014,1
177,177,0,0,Jimmy Garoppolo,Bengals,0,0,0,0,0,0,0.0,QB,0,0,0,0,0,3,0,-4,5,2014,0
178,178,0,0,Geno Smith,Chargers,0,12,4,1,0,27,-1.0,QB,0,0,0,0,0,1,0,3,5,2014,1
179,179,0,0,Matt Flynn,Min,0,5,3,1,0,22,-2.0,QB,0,0,0,0,0,1,0,-1,5,2014,0
180,180,0,0,Joe Flacco,Buccaneers,0,28,21,0,5,306,42.0,QB,0,0,0,0,0,0,0,0,6,2014,1
181,181,0,0,Tom Brady,Bills,0,37,27,0,4,361,38.0,QB,0,0,0,0,0,4,0,3,6,2014,1
182,182,0,0,Cam Newton,Bengals,0,46,29,1,2,284,37.0,QB,0,0,0,0,0,17,1,107,6,2014,1
183,183,0,0,Colin Kaepernick,Rams,0,35,22,0,3,343,34.0,QB,0,0,0,0,0,3,0,37,6,2014,1
184,184,0,0,Derek Carr,Chargers,0,34,18,1,4,282,33.0,QB,0,0,0,0,0,1,0,2,6,2014,0
185,185,0,0,Aaron Rodgers,Dolphins,0,42,24,0,3,264,31.0,QB,0,0,0,0,0,7,0,34,6,2014,1
186,186,0,0,Philip Rivers,Raiders,0,34,22,0,3,313,31.0,QB,0,0,0,0,0,5,0,13,6,2014,1
187,187,0,1,Andrew Luck,Texans,0,44,25,1,3,370,30.0,QB,0,0,0,0,0,7,0,18,6,2014,1
188,188,0,0,Peyton Manning,Jets,0,33,22,0,3,237,27.0,QB,0,0,0,0,0,1,0,0,6,2014,1
189,189,0,0,Jay Cutler,Falcons,1,38,26,0,1,381,23.0,QB,0,0,0,0,0,6,0,4,6,2014,1
190,190,0,0,Carson Palmer,Redskins,0,44,28,0,2,250,22.0,QB,0,0,0,0,0,1,0,-3,6,2014,0
191,191,0,1,Kyle Orton,Patriots,1,38,24,1,2,299,22.0,QB,0,0,0,0,0,0,0,0,6,2014,0
192,192,0,0,Mike Glennon,Ravens,0,44,24,1,2,314,22.0,QB,0,0,0,0,0,0,0,0,6,2014,0
193,193,0,0,Andy Dalton,Panthers,0,43,33,2,2,323,22.0,QB,0,0,0,0,0,4,0,25,6,2014,0
194,194,0,0,Ryan Tannehill,Packers,0,31,20,2,2,244,21.0,QB,0,0,0,0,0,3,0,49,6,2014,0
195,195,0,1,Tony Romo,Seahawks,0,32,21,0,2,250,21.0,QB,0,0,0,0,0,2,0,-1,6,2014,1
196,196,0,0,Kirk Cousins,Cardinals,0,38,24,3,2,354,20.0,QB,0,0,0,0,0,0,0,0,6,2014,1
197,197,0,0,Blake Bortles,Titans,0,46,32,1,1,336,20.0,QB,0,0,0,0,0,5,0,38,6,2014,1
198,198,0,0,Geno Smith,Broncos,0,43,23,1,2,190,18.0,QB,0,0,0,0,0,2,0,11,6,2014,0
199,199,0,0,Nick Foles,Giants,0,34,21,2,2,248,17.0,QB,0,0,0,0,0,2,0,5,6,2014,0
200,200,0,0,Matt Ryan,Bears,0,37,19,1,1,271,14.0,QB,0,0,0,0,0,1,0,-1,6,2014,0
201,201,0,0,Brian Hoyer,Steelers,0,17,8,0,1,217,14.0,QB,0,0,0,0,0,1,0,0,6,2014,0
202,202,0,0,Matthew Stafford,Min,0,33,19,0,1,185,13.0,QB,0,0,0,0,0,1,0,1,6,2014,1
203,203,0,0,Ben Roethlisberger,Browns,0,42,21,1,1,228,13.0,QB,0,0,0,0,0,1,0,7,6,2014,1
204,204,0,1,Ryan Fitzpatrick,Colts,0,23,15,0,1,212,13.0,QB,0,0,0,0,0,1,0,5,6,2014,0
205,205,0,0,Austin Davis,49ers,0,42,21,1,1,236,13.0,QB,0,0,0,0,0,1,0,-1,6,2014,0
206,206,0,0,Russell Wilson,Cowboys,0,28,14,1,0,126,10.0,QB,0,0,0,0,0,2,1,12,6,2014,0
207,207,0,0,Charlie Whitehurst,Jaguars,0,28,17,0,0,233,9.0,QB,0,0,0,0,0,2,0,1,6,2014,0
208,208,0,0,Eli Manning,Eagles,0,23,13,0,0,151,6.0,QB,0,0,0,0,0,2,0,3,6,2014,1
209,209,0,0,Ryan Nassib,Eagles,0,5,4,0,0,60,2.0,QB,0,0,0,0,0,0,0,0,6,2014,1
210,210,0,0,Teddy Bridgewater,Lions,0,37,23,3,0,188,2.0,QB,0,0,0,0,0,3,0,11,6,2014,0
211,211,0,0,Tyrod Taylor,Buccaneers,0,0,0,0,0,0,0.0,QB,0,0,0,0,0,4,0,-3,6,2014,1
212,212,0,0,Russell Wilson,Rams,0,36,23,0,2,313,40.0,QB,0,0,0,0,0,7,1,106,7,2014,1
213,213,0,0,Peyton Manning,49ers,0,26,22,0,4,318,36.0,QB,0,0,0,0,0,1,0,-1,7,2014,0
214,214,0,0,Aaron Rodgers,Panthers,0,22,19,0,3,255,30.0,QB,0,0,0,0,0,3,0,21,7,2014,0
215,215,0,0,Eli Manning,Cowboys,0,33,21,0,3,248,28.0,QB,0,0,0,0,0,1,0,11,7,2014,1
216,216,0,0,Tom Brady,Jets,0,37,20,0,3,261,28.0,QB,0,0,0,0,0,0,0,0,7,2014,0
217,217,0,0,Ryan Tannehill,Bears,0,32,25,0,2,277,27.0,QB,0,0,0,0,0,6,0,48,7,2014,1
218,218,0,0,Tony Romo,Giants,0,23,17,1,3,279,27.0,QB,0,0,0,0,0,2,0,5,7,2014,0
219,219,0,1,Andrew Luck,Bengals,0,42,27,0,2,344,24.0,QB,0,0,0,0,0,4,0,5,7,2014,0
220,220,0,0,Drew Brees,Lions,0,45,28,1,2,342,24.0,QB,0,0,0,0,0,1,0,13,7,2014,1
221,221,0,1,Ben Roethlisberger,Texans,0,33,23,0,2,265,21.0,QB,0,0,0,0,0,4,0,3,7,2014,0
222,222,0,0,Ryan Fitzpatrick,Steelers,0,32,21,1,2,262,21.0,QB,0,0,0,0,0,5,0,16,7,2014,1
223,223,0,0,Carson Palmer,Raiders,0,31,22,1,2,253,20.0,QB,0,0,0,0,0,0,0,0,7,2014,1
224,224,0,1,Kyle Orton,Min,0,43,31,1,2,283,20.0,QB,0,0,0,0,0,1,0,-1,7,2014,0
225,225,0,0,Matthew Stafford,Saints,0,40,27,2,2,299,19.0,QB,0,0,0,0,0,2,0,1,7,2014,0
226,226,0,0,Geno Smith,Patriots,0,34,20,0,1,226,18.0,QB,0,0,0,0,0,7,0,37,7,2014,1
227,227,0,0,Philip Rivers,Chiefs,0,31,17,1,2,205,18.0,QB,0,0,0,0,0,0,0,0,7,2014,0
228,228,0,0,Joe Flacco,Falcons,0,25,16,2,2,258,18.0,QB,0,0,0,0,0,1,0,4,7,2014,0
229,229,0,0,Austin Davis,Seahawks,0,20,17,0,2,155,18.0,QB,0,0,0,0,0,2,0,-2,7,2014,0
230,230,0,0,Charlie Whitehurst,Redskins,0,26,17,1,2,160,17.0,QB,0,0,0,0,0,2,0,10,7,2014,1
231,231,0,0,Alex Smith,Chargers,0,28,19,0,1,221,16.0,QB,0,0,0,0,0,6,0,29,7,2014,1
232,232,0,0,Cam Newton,Packers,0,31,17,1,1,205,16.0,QB,0,0,0,0,0,7,0,41,7,2014,1
233,233,0,0,Colin Kaepernick,Broncos,0,39,24,1,1,263,15.0,QB,0,0,0,0,0,3,0,18,7,2014,1
234,234,0,1,Matt Ryan,Ravens,0,44,29,0,1,228,14.0,QB,0,0,0,0,0,1,0,7,7,2014,1
235,235,0,0,Colt McCoy,Titans,0,12,11,0,1,128,11.0,QB,0,0,0,0,0,2,0,3,7,2014,0
236,236,0,1,Jay Cutler,Dolphins,0,34,21,1,1,190,10.0,QB,0,0,0,0,0,2,0,3,7,2014,0
237,237,0,0,Blake Bortles,Browns,0,31,17,3,1,159,9.0,QB,0,0,0,0,0,5,0,37,7,2014,0
238,238,0,0,Teddy Bridgewater,Bills,0,26,15,2,1,157,8.0,QB,0,0,0,0,0,1,0,7,7,2014,1
239,239,0,0,Blaine Gabbert,Broncos,0,7,3,0,1,38,7.0,QB,0,0,0,0,0,1,0,5,7,2014,1
240,240,0,0,Derek Anderson,Packers,0,8,5,0,1,43,7.0,QB,0,0,0,0,0,0,0,0,7,2014,1
241,241,0,0,Derek Carr,Cardinals,0,28,16,0,0,173,6.0,QB,0,0,0,0,0,2,0,2,7,2014,0
242,242,0,1,Brian Hoyer,Jaguars,0,41,16,1,0,215,5.0,QB,0,0,0,0,0,1,0,-1,7,2014,1
243,243,0,0,Andy Dalton,Colts,0,38,18,0,0,126,5.0,QB,0,0,0,0,0,1,0,0,7,2014,1
244,244,0,1,Kirk Cousins,Titans,0,16,10,1,0,139,2.0,QB,0,0,0,0,0,0,0,0,7,2014,0
245,245,0,0,Michael Vick,Patriots,0,0,0,0,0,0,0.0,QB,0,0,0,0,0,1,0,6,7,2014,1
246,246,0,0,Brock Osweiler,49ers,0,1,0,0,0,0,0.0,QB,0,0,0,0,0,3,0,0,7,2014,0
247,247,0,0,Matt Flynn,Panthers,0,2,0,0,0,0,0.0,QB,0,0,0,0,0,3,0,-3,7,2014,0
248,248,0,0,Ben Roethlisberger,Colts,0,49,40,0,6,522,56.0,QB,0,0,0,0,0,1,0,-1,8,2014,0
249,249,0,0,Tom Brady,Bears,0,35,30,0,5,354,44.0,QB,0,0,0,0,0,2,0,0,8,2014,0
250,250,0,0,Kyle Orton,Jets,0,17,10,0,4,238,33.0,QB,0,0,0,0,0,2,0,6,8,2014,1
251,251,0,0,Andrew Luck,Steelers,0,45,26,2,3,400,32.0,QB,0,0,0,0,0,3,0,26,8,2014,1
252,252,0,0,Drew Brees,Packers,0,32,27,0,3,311,30.0,QB,0,0,0,0,0,1,0,6,8,2014,0
253,253,0,0,Peyton Manning,Chargers,0,35,25,0,3,286,29.0,QB,0,0,0,0,0,1,0,0,8,2014,0
254,254,0,1,Jay Cutler,Patriots,2,30,20,1,3,227,28.0,QB,0,0,0,0,0,1,0,6,8,2014,1
255,255,0,0,Aaron Rodgers,Saints,0,39,28,2,1,418,26.0,QB,0,0,0,0,0,2,1,21,8,2014,1
256,256,0,0,Philip Rivers,Broncos,0,41,30,2,3,252,25.0,QB,0,0,0,0,0,1,0,17,8,2014,1
257,257,0,0,Carson Palmer,Eagles,0,42,20,0,2,329,25.0,QB,0,0,0,0,0,0,0,0,8,2014,0
258,258,0,0,Nick Foles,Cardinals,0,62,36,2,2,411,25.0,QB,0,0,0,0,0,2,0,14,8,2014,1
259,259,0,0,Matthew Stafford,Falcons,0,47,24,1,2,325,23.0,QB,0,0,0,0,0,3,0,9,8,2014,1
260,260,0,1,Zach Mettenberger,Texans,0,41,27,1,2,299,20.0,QB,0,0,0,0,0,1,0,-1,8,2014,0
261,261,0,1,Andy Dalton,Ravens,0,28,21,1,0,266,20.0,QB,0,0,0,0,0,6,2,14,8,2014,0
262,262,0,0,Matt Ryan,Lions,0,27,20,1,2,228,19.0,QB,0,0,0,0,0,1,0,6,8,2014,0
263,263,0,1,Derek Carr,Browns,0,54,34,0,1,328,18.0,QB,0,0,0,0,0,1,0,2,8,2014,1
264,264,0,0,Brian Hoyer,Raiders,0,28,19,0,1,275,17.0,QB,0,0,0,0,0,2,0,1,8,2014,0
265,265,0,0,Colt McCoy,Cowboys,0,30,25,1,0,299,16.0,QB,0,0,0,0,0,7,1,16,8,2014,1
266,266,0,0,Ryan Fitzpatrick,Titans,0,35,19,0,1,227,16.0,QB,0,0,0,0,0,4,0,12,8,2014,1
267,267,0,0,Ryan Tannehill,Jaguars,0,29,16,1,1,196,15.0,QB,0,0,0,0,0,5,0,48,8,2014,1
268,268,0,0,Teddy Bridgewater,Buccaneers,0,42,24,0,1,241,15.0,QB,0,0,0,0,0,1,0,3,8,2014,1
269,269,0,0,Russell Wilson,Panthers,0,32,20,1,1,199,14.0,QB,0,0,0,0,0,6,0,35,8,2014,1
270,270,0,0,Tony Romo,Redskins,0,28,17,0,1,209,14.0,QB,0,0,0,0,0,1,0,1,8,2014,0
271,271,0,1,Blake Bortles,Dolphins,0,34,18,2,1,221,13.0,QB,0,0,0,0,0,6,0,48,8,2014,0
272,272,0,0,Mike Glennon,Min,0,28,19,1,1,171,11.0,QB,0,0,0,0,0,3,0,13,8,2014,0
273,273,0,0,Alex Smith,Rams,0,29,25,0,0,223,10.0,QB,0,0,0,0,0,3,0,24,8,2014,0
274,274,0,0,Austin Davis,Chiefs,0,25,15,1,1,160,10.0,QB,0,0,0,0,0,1,0,1,8,2014,1
275,275,0,0,Brandon Weeden,Redskins,0,6,4,0,1,69,8.0,QB,0,0,0,0,0,1,0,0,8,2014,0
276,276,0,2,Michael Vick,Bills,0,36,18,1,0,153,8.0,QB,0,0,0,0,0,8,0,69,8,2014,0
277,277,0,1,Cam Newton,Seahawks,0,22,12,1,0,171,5.0,QB,0,0,0,0,0,12,0,24,8,2014,0
278,278,0,0,Joe Flacco,Bengals,0,34,17,2,0,195,4.0,QB,0,0,0,0,0,2,0,12,8,2014,1
279,279,0,0,Jimmy Garoppolo,Bears,0,3,3,0,0,22,0.0,QB,0,0,0,0,0,1,0,-1,8,2014,0
280,280,0,0,Jimmy Clausen,Patriots,0,5,1,0,0,22,0.0,QB,0,0,0,0,0,0,0,0,8,2014,1
281,281,0,1,Matt Flynn,Saints,0,1,1,0,0,8,-1.0,QB,0,0,0,0,0,0,0,0,8,2014,1
282,282,0,0,Matt Schaub,Browns,0,1,0,1,0,0,-2.0,QB,0,0,0,0,0,0,0,0,8,2014,1
283,283,0,0,Geno Smith,Bills,0,8,2,3,0,5,-6.0,QB,0,0,0,0,0,1,0,0,8,2014,0
284,284,0,1,Ben Roethlisberger,Ravens,0,37,25,0,6,340,48.0,QB,0,0,0,0,0,2,0,1,9,2014,0
285,285,0,0,Andrew Luck,Giants,0,46,25,0,4,354,38.0,QB,0,0,0,0,0,2,0,5,9,2014,1
286,286,0,0,Tom Brady,Broncos,0,53,33,1,4,333,35.0,QB,0,0,0,0,0,2,0,4,9,2014,0
287,287,0,0,Ryan Tannehill,Chargers,0,34,24,0,3,288,33.0,QB,0,0,0,0,0,4,0,47,9,2014,0
288,288,0,1,Eli Manning,Colts,0,52,27,0,2,359,26.0,QB,0,0,0,0,0,1,0,18,9,2014,0
289,289,0,0,Carson Palmer,Cowboys,0,34,22,1,3,249,25.0,QB,0,0,0,0,0,2,0,-2,9,2014,1
290,290,0,0,Peyton Manning,Patriots,0,57,34,2,2,438,25.0,QB,0,0,0,0,0,2,0,3,9,2014,1
291,291,0,0,Joe Flacco,Steelers,0,45,30,1,2,303,22.0,QB,0,0,0,0,0,1,0,2,9,2014,1
292,292,0,0,Ryan Fitzpatrick,Eagles,0,27,13,1,2,203,22.0,QB,0,0,0,0,0,6,0,49,9,2014,0
293,293,0,0,Brian Hoyer,Buccaneers,0,34,21,2,2,300,20.0,QB,0,0,0,0,0,2,0,5,9,2014,0
294,294,0,1,Drew Brees,Panthers,0,34,24,1,1,297,20.0,QB,0,0,0,0,0,4,1,2,9,2014,1
295,295,0,0,Blake Bortles,Bengals,0,33,22,1,2,247,20.0,QB,0,0,0,0,0,4,0,10,9,2014,1
296,296,0,0,Alex Smith,Jets,0,31,21,0,2,199,19.0,QB,0,0,0,0,0,0,0,0,9,2014,0
297,297,0,0,Mike Glennon,Browns,0,33,17,2,2,260,19.0,QB,0,0,0,0,0,3,0,17,9,2014,1
298,298,0,0,Andy Dalton,Jaguars,0,31,19,2,2,233,18.0,QB,0,0,0,0,0,2,0,11,9,2014,0
299,299,0,0,Teddy Bridgewater,Redskins,0,42,26,0,1,268,18.0,QB,0,0,0,0,0,3,0,20,9,2014,0
300,300,0,0,Mark Sanchez,Texans,0,22,15,2,2,202,16.0,QB,0,0,0,0,0,5,0,5,9,2014,1
301,301,0,0,Robert Griffin III,Min,0,28,18,1,1,251,16.0,QB,0,0,0,0,0,7,0,24,9,2014,1
302,302,0,0,Derek Carr,Seahawks,0,41,24,2,2,194,15.0,QB,0,0,0,0,0,2,0,9,9,2014,1
303,303,0,0,Michael Vick,Chiefs,0,28,21,0,1,196,14.0,QB,0,0,0,0,0,4,0,18,9,2014,1
304,304,0,2,Colin Kaepernick,Rams,0,33,22,0,1,237,14.0,QB,0,0,0,0,0,5,0,14,9,2014,0
305,305,0,1,Cam Newton,Saints,0,28,10,1,0,151,13.0,QB,0,0,0,0,0,7,1,43,9,2014,0
306,306,0,0,Russell Wilson,Raiders,0,35,17,0,0,179,10.0,QB,0,0,0,0,0,8,0,31,9,2014,0
307,307,0,0,Brandon Weeden,Cardinals,0,33,18,2,1,183,9.0,QB,0,0,0,0,0,2,0,2,9,2014,0
308,308,0,0,Nick Foles,Texans,0,12,9,1,1,124,8.0,QB,0,0,0,0,0,1,0,1,9,2014,1
309,309,0,0,Austin Davis,49ers,0,24,13,2,1,105,6.0,QB,0,0,0,0,0,2,0,9,9,2014,1
310,310,0,0,Matt Simms,Chiefs,0,8,3,0,0,39,1.0,QB,0,0,0,0,0,1,0,2,9,2014,1
311,311,0,0,Matt Moore,Chargers,0,4,2,0,0,21,0.0,QB,0,0,0,0,0,0,0,0,9,2014,0
312,312,0,0,Kellen Clemens,Dolphins,0,3,1,0,0,10,0.0,QB,0,0,0,0,0,0,0,0,9,2014,1
313,313,0,1,Philip Rivers,Dolphins,0,23,12,3,0,138,-2.0,QB,0,0,0,0,0,1,0,3,9,2014,1
314,314,0,0,Aaron Rodgers,Bears,0,27,18,0,6,315,48.0,QB,0,0,0,0,0,0,0,0,10,2014,0
315,315,0,0,Peyton Manning,Raiders,0,44,31,2,5,340,39.0,QB,0,0,0,0,0,0,0,0,10,2014,1
316,316,0,0,Tony Romo,Jaguars,0,27,20,0,3,246,27.0,QB,0,0,0,0,0,0,0,0,10,2014,1
317,317,0,0,Mark Sanchez,Panthers,0,37,20,0,2,332,25.0,QB,0,0,0,0,0,2,0,-1,10,2014,0
318,318,0,1,Drew Brees,49ers,0,47,28,2,3,292,24.0,QB,0,0,0,0,0,2,0,7,10,2014,0
319,319,0,0,Josh McCown,Falcons,0,43,27,2,2,301,23.0,QB,0,0,0,0,0,5,0,39,10,2014,0
320,320,0,0,Matthew Stafford,Dolphins,0,40,25,1,2,280,21.0,QB,0,0,0,0,0,2,0,-1,10,2014,0
321,321,0,0,Michael Vick,Steelers,0,18,10,0,2,132,20.0,QB,0,0,0,0,0,8,0,39,10,2014,0
322,322,0,0,Russell Wilson,Giants,0,17,10,2,0,172,18.0,QB,0,0,0,0,0,14,1,107,10,2014,0
323,323,0,1,Cam Newton,Eagles,0,40,25,3,2,306,17.0,QB,0,0,0,0,0,2,0,6,10,2014,1
324,324,0,0,Matt Ryan,Buccaneers,1,31,20,0,1,219,16.0,QB,0,0,0,0,0,3,0,9,10,2014,1
325,325,0,0,Kyle Orton,Chiefs,0,48,29,0,1,259,16.0,QB,0,0,0,0,0,2,0,3,10,2014,0
326,326,0,0,Alex Smith,Bills,0,29,17,0,0,177,15.0,QB,0,0,0,0,0,4,1,25,10,2014,1
327,327,0,0,Ben Roethlisberger,Jets,0,43,30,2,1,343,15.0,QB,0,0,0,0,0,1,0,0,10,2014,1
328,328,0,1,Colin Kaepernick,Saints,0,32,14,0,1,210,15.0,QB,0,0,0,0,0,4,0,24,10,2014,1
329,329,0,0,Derek Carr,Broncos,0,47,30,2,2,192,15.0,QB,0,0,0,0,0,0,0,0,10,2014,0
330,330,0,1,Eli Manning,Seahawks,0,44,29,1,1,283,14.0,QB,0,0,0,0,0,0,0,0,10,2014,1
331,331,0,0,Ryan Tannehill,Lions,0,38,27,1,1,207,12.0,QB,0,0,0,0,0,2,0,0,10,2014,1
332,332,0,0,Joe Flacco,Titans,0,27,16,0,1,169,12.0,QB,0,0,0,0,0,3,0,-2,10,2014,0
333,333,0,0,Zach Mettenberger,Ravens,0,27,16,1,1,179,11.0,QB,0,0,0,0,0,0,0,0,10,2014,1
334,334,0,1,Jay Cutler,Packers,0,37,22,2,1,272,11.0,QB,0,0,0,0,0,2,0,0,10,2014,1
335,335,0,0,Blake Bortles,Cowboys,1,37,22,1,0,290,11.0,QB,0,0,0,0,0,3,0,3,10,2014,0
336,336,0,0,Drew Stanton,Rams,0,5,3,0,1,85,9.0,QB,0,0,0,0,0,2,0,3,10,2014,0
337,337,0,1,Austin Davis,Cardinals,0,30,17,2,1,216,9.0,QB,0,0,0,0,0,3,0,0,10,2014,1
338,338,0,0,Carson Palmer,Rams,0,36,25,1,0,241,7.0,QB,0,0,0,0,0,1,0,1,10,2014,0
339,339,0,0,Brian Hoyer,Bengals,0,23,15,0,0,198,7.0,QB,0,0,0,0,0,4,0,1,10,2014,1
340,340,0,0,Joe Webb,Eagles,0,0,0,0,0,0,1.0,QB,0,0,16,1,0,0,0,0,10,2014,1
341,341,0,0,Brandon Weeden,Jaguars,0,1,1,0,0,8,0.0,QB,0,0,0,0,0,3,0,-3,10,2014,1
342,342,0,0,Brock Osweiler,Raiders,0,5,2,0,0,13,0.0,QB,0,0,0,0,0,3,0,2,10,2014,1
343,343,0,0,Matt Flynn,Bears,0,5,1,0,0,4,0.0,QB,0,0,0,0,0,0,0,0,10,2014,0
344,344,0,0,Jimmy Clausen,Packers,0,3,1,0,0,11,0.0,QB,0,0,0,0,0,0,0,0,10,2014,1
345,345,0,0,Jason Campbell,Browns,0,6,3,0,0,7,0.0,QB,0,0,0,0,0,0,0,0,10,2014,0
346,346,0,0,Matt Barkley,Panthers,0,1,0,0,0,0,0.0,QB,0,0,0,0,0,3,0,0,10,2014,0
347,347,0,0,Andy Dalton,Browns,0,33,10,3,0,86,-3.0,QB,0,0,0,0,0,3,0,8,10,2014,0
348,348,0,0,Aaron Rodgers,Eagles,0,36,22,0,3,341,34.0,QB,0,0,0,0,0,3,0,32,11,2014,0
349,349,0,0,Jay Cutler,Min,0,43,31,2,3,330,29.0,QB,0,0,0,0,0,5,0,21,11,2014,0
350,350,0,0,Andy Dalton,Saints,0,22,16,0,3,220,27.0,QB,0,0,0,0,0,5,0,12,11,2014,1
351,351,0,0,Russell Wilson,Chiefs,0,32,20,0,2,178,26.0,QB,0,0,0,0,0,8,0,71,11,2014,1
352,352,0,0,Josh McCown,Redskins,0,23,15,0,2,288,23.0,QB,0,0,0,0,0,3,0,8,11,2014,1
353,353,0,0,Andrew Luck,Patriots,0,39,23,1,2,303,23.0,QB,0,0,0,0,0,3,0,15,11,2014,0
354,354,0,0,Cam Newton,Falcons,0,37,23,2,2,292,22.0,QB,0,0,0,0,0,5,0,30,11,2014,0
355,355,0,1,Ryan Tannehill,Bills,0,34,26,0,2,240,21.0,QB,0,0,-4,1,0,4,0,16,11,2014,0
356,356,0,0,Drew Stanton,Lions,0,32,21,2,2,306,20.0,QB,0,0,0,0,0,4,0,-4,11,2014,0
357,357,0,0,Zach Mettenberger,Steelers,0,24,15,1,2,263,20.0,QB,0,0,0,0,0,0,0,0,11,2014,0
358,358,0,2,Mark Sanchez,Packers,0,44,26,2,2,346,19.0,QB,0,0,0,0,0,3,0,0,11,2014,1
359,359,0,0,Ryan Mallett,Browns,0,30,20,1,2,211,18.0,QB,0,0,0,0,0,4,0,-3,11,2014,1
360,360,0,0,Tom Brady,Colts,0,30,19,2,2,257,18.0,QB,0,0,0,0,0,2,0,-2,11,2014,1
361,361,0,0,Peyton Manning,Rams,0,54,34,2,1,389,17.0,QB,0,0,0,0,0,1,0,-1,11,2014,1
362,362,0,0,Brian Hoyer,Texans,0,50,20,1,1,330,17.0,QB,0,0,0,0,0,2,0,1,11,2014,0
363,363,0,0,Matt Ryan,Panthers,0,45,31,0,1,268,16.0,QB,0,0,0,0,0,1,0,4,11,2014,1
364,364,0,0,Drew Brees,Bengals,0,41,33,0,1,255,16.0,QB,0,0,0,0,0,1,0,3,11,2014,0
365,365,0,0,Colin Kaepernick,Giants,0,29,15,0,1,193,15.0,QB,0,0,0,0,0,8,0,24,11,2014,1
366,366,0,0,Shaun Hill,Broncos,0,29,20,0,1,220,14.0,QB,0,0,0,1,0,0,0,0,11,2014,0
367,367,0,0,Robert Griffin III,Buccaneers,0,32,23,2,1,207,14.0,QB,0,0,0,0,0,6,0,41,11,2014,0
368,368,0,0,Philip Rivers,Raiders,0,34,22,0,1,193,13.0,QB,0,0,0,0,0,1,0,-1,11,2014,0
369,369,0,0,Ben Roethlisberger,Titans,0,32,21,1,1,207,12.0,QB,0,0,0,0,0,3,0,2,11,2014,1
370,370,0,0,Teddy Bridgewater,Bears,0,28,18,1,1,158,10.0,QB,0,0,0,0,0,4,0,2,11,2014,1
371,371,0,0,Kyle Orton,Dolphins,0,39,22,0,0,193,7.0,QB,0,0,0,0,0,2,0,2,11,2014,1
372,372,0,0,Eli Manning,49ers,0,45,22,5,1,280,7.0,QB,0,0,0,0,0,0,0,0,11,2014,0
373,373,0,0,Matthew Stafford,Cardinals,0,30,18,1,0,183,5.0,QB,0,0,0,0,0,0,0,0,11,2014,1
374,374,0,1,Derek Carr,Chargers,0,34,16,0,0,172,5.0,QB,0,0,0,0,0,2,0,0,11,2014,1
375,375,0,0,Alex Smith,Seahawks,0,16,11,0,0,108,4.0,QB,0,0,0,0,0,2,0,-1,11,2014,0
376,376,0,0,Matt Flynn,Eagles,0,2,2,0,0,26,1.0,QB,0,0,0,0,0,3,0,-3,11,2014,0
377,377,0,0,Jimmy Garoppolo,Colts,0,0,0,0,0,0,0.0,QB,0,0,0,0,0,2,0,-2,11,2014,1
378,378,0,0,Peyton Manning,Dolphins,1,35,28,0,4,257,36.0,QB,0,0,0,0,0,2,0,-2,12,2014,0
379,379,0,1,Tony Romo,Giants,0,26,18,0,4,275,34.0,QB,0,0,0,0,0,1,0,-2,12,2014,1
380,380,0,0,Drew Brees,Ravens,0,45,35,1,3,420,33.0,QB,0,0,0,0,0,3,0,15,12,2014,0
381,381,0,0,Ryan Tannehill,Broncos,0,36,26,1,3,228,32.0,QB,0,0,0,0,0,4,1,15,12,2014,1
382,382,0,0,Eli Manning,Cowboys,0,40,29,1,3,338,29.0,QB,0,0,0,0,0,0,0,0,12,2014,0
383,383,0,0,Aaron Rodgers,Min,0,29,19,0,2,209,23.0,QB,0,0,0,0,0,6,0,34,12,2014,1
384,384,0,0,Zach Mettenberger,Eagles,0,39,20,1,2,345,23.0,QB,0,0,0,0,0,2,0,-2,12,2014,1
385,385,0,0,Teddy Bridgewater,Packers,1,37,21,1,2,210,23.0,QB,0,0,0,0,0,5,0,32,12,2014,0
386,386,0,0,Tom Brady,Lions,0,53,38,1,2,349,23.0,QB,0,0,0,0,0,0,0,0,12,2014,0
387,387,0,0,Kyle Orton,Jets,0,32,24,0,2,230,22.0,QB,0,0,0,0,0,1,0,10,12,2014,0
388,388,0,0,Russell Wilson,Cardinals,0,22,17,0,1,211,21.0,QB,0,0,0,0,0,10,0,73,12,2014,0
389,389,0,0,Alex Smith,Raiders,0,36,20,0,2,234,21.0,QB,0,0,0,0,0,2,0,5,12,2014,1
390,390,0,1,Matt Ryan,Browns,0,43,27,1,2,273,19.0,QB,0,0,0,0,0,2,0,6,12,2014,0
391,391,0,2,Andrew Luck,Jaguars,0,32,21,0,1,253,18.0,QB,0,0,0,0,0,8,0,49,12,2014,0
392,392,0,0,Philip Rivers,Rams,0,35,29,1,1,291,15.0,QB,0,0,0,0,0,3,0,-1,12,2014,0
393,393,0,1,Josh McCown,Bears,0,48,25,2,1,341,15.0,QB,0,0,0,0,0,3,0,12,12,2014,1
394,394,0,0,Colin Kaepernick,Redskins,0,29,20,1,1,256,15.0,QB,0,0,0,0,0,9,0,14,12,2014,0
395,395,0,0,Joe Flacco,Saints,0,24,18,0,1,243,15.0,QB,0,0,0,0,0,2,0,2,12,2014,1
396,396,0,0,Mark Sanchez,Titans,0,43,30,2,1,307,14.0,QB,0,0,0,0,0,4,0,4,12,2014,0
397,397,0,0,Andy Dalton,Texans,0,35,24,1,1,233,13.0,QB,0,0,0,0,0,7,0,6,12,2014,1
398,398,0,0,Derek Carr,Chiefs,0,35,18,0,1,174,12.0,QB,0,0,0,0,0,3,0,2,12,2014,0
399,399,0,1,Jay Cutler,Buccaneers,0,27,17,0,1,130,10.0,QB,0,0,0,0,0,0,0,0,12,2014,0
400,400,0,0,Matthew Stafford,Patriots,0,46,18,1,0,264,9.0,QB,0,0,0,0,0,3,0,18,12,2014,1
401,401,0,1,Shaun Hill,Chargers,0,35,18,2,1,198,8.0,QB,0,0,0,0,0,1,0,0,12,2014,1
402,402,0,0,Brian Hoyer,Falcons,0,40,23,3,0,322,7.0,QB,0,0,0,0,0,3,0,12,12,2014,1
403,403,0,0,Drew Stanton,Seahawks,0,26,14,1,0,149,5.0,QB,0,0,0,0,0,4,0,23,12,2014,1
404,404,0,0,Ryan Mallett,Bengals,0,45,21,1,0,189,5.0,QB,0,0,0,0,0,1,0,2,12,2014,0
405,405,0,0,Blake Bortles,Colts,0,27,15,1,0,146,5.0,QB,0,0,0,0,0,5,0,24,12,2014,1
406,406,0,1,Robert Griffin III,49ers,0,19,11,0,0,106,4.0,QB,0,0,0,0,0,4,0,11,12,2014,1
407,407,0,0,Geno Smith,Bills,0,12,10,0,0,89,3.0,QB,0,0,0,0,0,2,0,4,12,2014,1
408,408,0,0,Michael Vick,Bills,0,19,7,1,0,76,1.0,QB,0,0,0,0,0,2,0,4,12,2014,1
409,409,0,0,Ryan Fitzpatrick,Titans,0,33,24,0,6,358,51.0,QB,0,0,0,0,0,2,0,10,13,2014,0
410,410,0,1,Andrew Luck,Redskins,0,27,19,1,5,370,43.0,QB,0,0,0,0,0,4,0,20,13,2014,0
411,411,0,0,Drew Brees,Steelers,0,27,19,0,5,257,40.0,QB,0,0,0,0,0,0,0,0,13,2014,1
412,412,0,1,Colt McCoy,Colts,0,47,31,0,3,392,33.0,QB,0,0,0,0,0,3,0,12,13,2014,1
413,413,0,0,Philip Rivers,Ravens,0,45,34,1,3,383,32.0,QB,0,0,0,0,0,4,0,19,13,2014,1
414,414,0,0,Ben Roethlisberger,Saints,2,58,32,2,2,435,29.0,QB,0,0,0,0,0,1,0,8,13,2014,0
415,415,0,0,Aaron Rodgers,Patriots,0,38,24,0,2,368,28.0,QB,0,0,0,0,0,5,0,22,13,2014,0
416,416,0,0,Joe Flacco,Chargers,0,31,19,0,2,225,27.0,QB,0,0,0,0,0,2,1,3,13,2014,0
417,417,0,1,Matthew Stafford,Bears,0,45,34,0,2,390,26.0,QB,0,0,0,0,0,0,0,0,13,2014,0
418,418,0,0,Shaun Hill,Raiders,0,22,13,0,2,183,25.0,QB,0,0,0,0,0,2,1,1,13,2014,0
419,419,0,0,Matt Ryan,Cardinals,0,41,30,1,2,361,24.0,QB,0,0,0,0,0,3,0,4,13,2014,0
420,420,0,0,Mark Sanchez,Cowboys,0,29,20,0,1,217,22.0,QB,0,0,0,0,0,7,1,28,13,2014,1
421,421,0,0,Tom Brady,Packers,0,35,22,0,2,245,21.0,QB,0,0,0,0,0,1,0,-1,13,2014,1
422,422,0,0,Jay Cutler,Lions,0,48,31,2,2,280,19.0,QB,0,0,0,0,0,1,0,-1,13,2014,1
423,423,0,0,Blake Bortles,Giants,0,35,21,0,1,194,19.0,QB,0,0,0,0,0,5,0,68,13,2014,0
424,424,0,0,Russell Wilson,49ers,0,22,15,0,1,236,18.0,QB,0,0,0,0,0,7,0,35,13,2014,1
425,425,0,1,Peyton Manning,Chiefs,0,34,17,0,2,179,18.0,QB,0,0,0,0,0,2,0,-6,13,2014,1
426,426,0,0,Teddy Bridgewater,Panthers,0,21,15,0,2,138,18.0,QB,0,0,0,0,0,2,0,12,13,2014,0
427,427,0,0,Alex Smith,Broncos,0,23,15,1,2,153,16.0,QB,0,0,0,0,0,5,0,6,13,2014,0
428,428,0,0,Cam Newton,Min,0,35,18,1,1,194,15.0,QB,0,0,0,0,0,9,0,49,13,2014,1
429,429,0,0,Drew Stanton,Falcons,0,39,24,2,1,294,13.0,QB,0,0,0,0,0,1,0,7,13,2014,1
430,430,0,2,Eli Manning,Jaguars,0,34,24,0,1,247,13.0,QB,0,0,0,0,0,0,0,0,13,2014,1
431,431,0,0,Andy Dalton,Buccaneers,0,27,19,3,1,176,13.0,QB,0,0,0,0,0,3,1,7,13,2014,1
432,432,0,0,Zach Mettenberger,Texans,0,19,13,1,1,184,11.0,QB,0,0,0,0,0,1,0,8,13,2014,1
433,433,0,0,Kyle Orton,Browns,0,31,17,2,1,190,9.0,QB,0,0,0,0,0,0,0,0,13,2014,0
434,434,0,0,Johnny Manziel,Bills,0,8,5,0,0,63,9.0,QB,0,0,0,0,0,2,1,13,13,2014,1
435,435,0,0,Ryan Tannehill,Jets,0,35,25,1,0,235,8.0,QB,0,0,0,0,0,4,0,13,13,2014,1
436,436,0,0,Josh McCown,Bengals,0,29,15,1,0,190,5.0,QB,0,0,0,0,0,1,0,0,13,2014,0
437,437,0,1,Jake Locker,Texans,0,12,6,2,1,91,4.0,QB,0,0,0,0,0,0,0,0,13,2014,1
438,438,0,0,Tony Romo,Eagles,0,29,18,2,0,199,3.0,QB,0,0,0,0,0,1,0,-1,13,2014,0
439,439,0,0,Brian Hoyer,Bills,0,30,18,2,0,192,3.0,QB,0,0,0,0,0,0,0,0,13,2014,1
440,440,0,0,Derek Carr,Rams,0,39,24,2,0,173,2.0,QB,0,0,0,0,0,1,0,1,13,2014,1
441,441,0,0,Geno Smith,Dolphins,0,13,7,1,0,65,1.0,QB,0,0,0,0,0,4,0,19,13,2014,0
442,442,0,0,Colin Kaepernick,Seahawks,0,29,16,2,0,121,1.0,QB,0,0,0,0,0,3,0,17,13,2014,0
443,443,0,0,Tom Savage,Titans,0,0,0,0,0,0,0.0,QB,0,0,0,0,0,2,0,-2,13,2014,0
444,444,0,1,Matt Schaub,Rams,0,9,5,1,0,57,-1.0,QB,0,0,0,0,0,0,0,0,13,2014,1
445,445,0,0,Cam Newton,Saints,0,33,21,0,3,226,41.0,QB,0,0,0,0,0,12,1,83,14,2014,1
446,446,0,0,Matt Ryan,Packers,0,39,24,1,4,375,39.0,QB,0,0,0,0,0,2,0,23,14,2014,1
447,447,0,0,Ben Roethlisberger,Bengals,1,39,25,0,3,350,34.0,QB,0,0,0,0,0,1,0,-1,14,2014,1
448,448,0,0,Aaron Rodgers,Falcons,0,36,24,0,3,327,33.0,QB,0,0,0,0,0,5,0,28,14,2014,0
449,449,0,0,Russell Wilson,Eagles,0,37,22,0,2,263,32.0,QB,0,0,0,0,0,10,1,48,14,2014,1
450,450,0,1,Andy Dalton,Steelers,0,29,21,0,2,302,31.0,QB,0,0,0,0,0,4,1,22,14,2014,0
451,451,0,0,Matthew Stafford,Buccaneers,0,34,26,0,3,311,30.0,QB,0,0,0,0,0,3,0,-2,14,2014,0
452,452,0,0,Jay Cutler,Cowboys,0,46,32,1,2,341,29.0,QB,0,0,0,0,0,2,1,9,14,2014,0
453,453,0,0,Derek Carr,49ers,0,28,22,0,3,254,28.0,QB,0,0,0,0,0,2,0,2,14,2014,0
454,454,0,1,Andrew Luck,Browns,0,53,24,2,2,294,27.0,QB,0,0,0,0,0,5,1,37,14,2014,1
455,455,0,0,Joe Flacco,Dolphins,0,33,25,1,2,269,27.0,QB,0,0,0,0,0,7,1,16,14,2014,1
456,456,0,0,Tony Romo,Bears,0,26,21,0,3,205,26.0,QB,0,0,0,0,0,2,0,-2,14,2014,1
457,457,0,0,Kyle Orton,Broncos,0,57,38,2,1,355,22.0,QB,0,0,0,0,0,1,1,1,14,2014,1
458,458,0,0,Teddy Bridgewater,Jets,0,27,19,1,2,309,22.0,QB,0,0,0,0,0,3,0,7,14,2014,0
459,459,0,0,Tom Brady,Chargers,0,44,28,1,2,317,22.0,QB,0,0,0,0,0,4,0,7,14,2014,1
460,460,0,0,Shaun Hill,Redskins,0,22,16,0,2,213,20.0,QB,0,0,0,0,0,2,0,-1,14,2014,1
461,461,0,0,Drew Stanton,Chiefs,1,30,15,0,1,239,18.0,QB,0,0,0,0,0,4,0,17,14,2014,0
462,462,0,0,Geno Smith,Min,0,29,18,1,1,254,17.0,QB,0,0,0,0,0,6,0,33,14,2014,1
463,463,0,0,Alex Smith,Cardinals,0,39,26,1,1,293,17.0,QB,0,0,0,0,0,4,0,26,14,2014,1
464,464,0,1,Josh McCown,Lions,0,39,20,2,2,250,17.0,QB,0,0,0,0,0,4,0,8,14,2014,1
465,465,0,0,Ryan Tannehill,Ravens,0,33,23,0,1,227,15.0,QB,0,0,0,0,0,2,0,6,14,2014,0
466,466,0,0,Eli Manning,Titans,0,42,26,1,1,260,14.0,QB,0,0,0,0,0,0,0,0,14,2014,1
467,467,0,0,Mark Sanchez,Seahawks,0,20,10,1,2,96,13.0,QB,0,0,0,0,0,1,0,7,14,2014,0
468,468,0,0,Drew Brees,Panthers,0,49,29,1,1,235,13.0,QB,0,0,0,0,0,1,0,6,14,2014,0
469,469,0,0,Blake Bortles,Texans,0,39,20,1,1,205,13.0,QB,0,0,0,0,0,3,0,10,14,2014,0
470,470,0,0,Ryan Fitzpatrick,Jaguars,0,19,13,0,0,135,12.0,QB,0,0,0,0,0,9,1,15,14,2014,1
471,471,0,0,Philip Rivers,Patriots,0,33,20,1,1,189,11.0,QB,0,0,0,0,0,3,0,8,14,2014,0
472,472,0,0,Colin Kaepernick,Raiders,0,33,18,2,1,174,10.0,QB,0,0,0,0,0,3,0,26,14,2014,1
473,473,0,0,Colt McCoy,Rams,0,32,20,2,0,199,4.0,QB,0,0,0,0,0,2,0,11,14,2014,0
474,474,0,0,Jake Locker,Giants,0,11,9,1,0,81,3.0,QB,0,0,0,0,0,2,0,28,14,2014,0
475,475,0,1,Zach Mettenberger,Giants,0,24,14,1,0,125,2.0,QB,0,0,0,0,0,1,0,-1,14,2014,0
476,476,0,0,Peyton Manning,Bills,0,20,14,2,0,173,2.0,QB,0,0,0,0,0,2,0,-2,14,2014,0
477,477,0,0,Brian Hoyer,Colts,0,30,13,2,0,136,1.0,QB,0,0,0,0,0,2,0,3,14,2014,0
478,478,0,0,Robert Griffin III,Rams,0,4,3,0,0,33,1.0,QB,0,0,0,0,0,0,0,0,14,2014,0
479,479,0,0,Ryan Nassib,Titans,0,0,0,0,0,0,0.0,QB,0,0,0,0,0,2,0,-3,14,2014,1
480,480,0,1,Jason Campbell,Steelers,0,6,4,0,0,25,0.0,QB,0,0,0,0,0,1,0,1,14,2014,0
481,481,0,0,Drew Brees,Bears,0,36,29,0,3,375,33.0,QB,0,0,0,0,0,3,0,2,15,2014,1
482,482,0,0,Eli Manning,Redskins,0,34,23,0,3,250,28.0,QB,0,0,0,0,0,0,0,0,15,2014,0
483,483,0,1,Tony Romo,Eagles,0,31,22,0,3,265,27.0,QB,0,0,0,0,0,4,0,-1,15,2014,1
484,484,0,0,Alex Smith,Raiders,0,30,18,0,2,297,24.0,QB,0,0,0,0,0,3,0,17,15,2014,0
485,485,0,0,Matt Ryan,Steelers,0,37,26,1,2,310,24.0,QB,0,0,0,0,0,3,0,27,15,2014,0
486,486,0,0,Tom Brady,Dolphins,0,35,21,1,2,287,22.0,QB,0,0,0,0,0,3,0,18,15,2014,0
487,487,0,0,Andrew Luck,Texans,0,34,18,1,2,187,18.0,QB,0,0,0,0,0,8,0,18,15,2014,0
488,488,0,1,Robert Griffin III,Giants,0,27,18,0,1,236,18.0,QB,0,0,0,0,0,5,0,46,15,2014,1
489,489,0,0,Derek Anderson,Buccaneers,0,40,25,0,1,277,18.0,QB,0,0,0,0,0,5,0,14,15,2014,0
490,490,0,0,Ryan Tannehill,Patriots,0,47,29,2,1,346,17.0,QB,0,0,0,0,0,3,0,21,15,2014,1
491,491,0,0,Jay Cutler,Saints,1,31,17,3,2,194,17.0,QB,0,0,0,0,0,1,0,20,15,2014,0
492,492,0,0,Teddy Bridgewater,Lions,0,41,31,2,1,315,17.0,QB,0,0,0,0,0,3,0,30,15,2014,1
493,493,0,2,Josh McCown,Panthers,0,28,13,1,1,154,16.0,QB,0,0,0,0,0,2,1,21,15,2014,1
494,494,0,0,Peyton Manning,Chargers,0,20,14,0,1,233,15.0,QB,0,0,0,0,0,3,0,-3,15,2014,1
495,495,0,0,Geno Smith,Titans,0,28,16,0,1,179,14.0,QB,0,0,0,0,0,4,0,16,15,2014,1
496,496,0,0,Ben Roethlisberger,Falcons,0,35,27,0,0,360,14.0,QB,0,0,0,0,0,2,0,-2,15,2014,1
497,497,0,0,Joe Flacco,Jaguars,0,30,20,0,1,221,14.0,QB,0,0,0,0,0,4,0,8,15,2014,0
498,498,0,1,Derek Carr,Chiefs,0,56,27,0,1,222,13.0,QB,0,0,0,0,0,1,0,0,15,2014,1
499,499,0,0,Russell Wilson,49ers,0,24,12,1,1,168,12.0,QB,0,0,0,0,0,5,0,27,15,2014,0
500,500,0,0,Matthew Stafford,Min,0,28,17,0,1,153,12.0,QB,0,0,0,0,0,1,0,2,15,2014,0
501,501,0,0,Philip Rivers,Broncos,0,41,24,2,1,232,11.0,QB,0,0,0,0,0,1,0,3,15,2014,0
502,502,0,0,Charlie Whitehurst,Jets,0,24,10,0,0,203,9.0,QB,0,0,10,0,0,2,0,9,15,2014,0
503,503,0,0,Colin Kaepernick,Seahawks,0,19,11,0,0,141,9.0,QB,0,0,0,0,0,9,0,46,15,2014,1
504,504,0,0,Shaun Hill,Cardinals,0,39,20,1,0,229,8.0,QB,0,0,0,0,0,3,0,11,15,2014,0
505,505,0,0,Mark Sanchez,Cowboys,0,28,17,2,0,252,6.0,QB,0,0,0,0,0,0,0,0,15,2014,0
506,506,0,0,Blake Bortles,Ravens,0,37,21,1,0,210,6.0,QB,0,0,0,0,0,1,0,2,15,2014,1
507,507,0,0,Aaron Rodgers,Bills,0,42,17,2,0,185,5.0,QB,0,0,0,0,0,3,0,27,15,2014,1
508,508,0,0,Drew Stanton,Rams,0,20,12,0,0,109,4.0,QB,0,0,0,0,0,2,0,3,15,2014,1
509,509,0,0,Kyle Orton,Packers,0,27,14,1,0,158,4.0,QB,0,0,0,0,0,3,0,-4,15,2014,0
510,510,0,0,Colt McCoy,Giants,0,7,4,0,0,39,3.0,QB,0,0,0,0,0,2,0,24,15,2014,1
511,511,0,1,Tom Savage,Colts,0,19,10,1,0,127,2.0,QB,0,0,0,0,0,4,0,-4,15,2014,1
512,512,0,0,Jake Locker,Jets,0,11,6,0,0,57,2.0,QB,0,0,0,0,0,2,0,7,15,2014,0
513,513,0,0,Ryan Fitzpatrick,Colts,0,6,3,0,0,30,2.0,QB,0,0,0,0,0,3,0,16,15,2014,1
514,514,0,0,Andy Dalton,Browns,0,24,14,1,0,117,2.0,QB,0,0,0,0,0,2,0,3,15,2014,1
515,515,0,0,Ryan Lindley,Rams,0,10,4,0,0,30,1.0,QB,0,0,0,0,0,0,0,0,15,2014,1
516,516,0,0,Brock Osweiler,Chargers,0,2,0,0,0,0,0.0,QB,0,0,0,0,0,1,0,-1,15,2014,1
517,517,0,0,Johnny Manziel,Bengals,0,18,10,2,0,80,0.0,QB,0,0,0,0,0,5,0,13,15,2014,0
518,518,0,0,Chase Daniel,Raiders,0,1,0,0,0,0,0.0,QB,0,0,0,0,0,1,0,-1,15,2014,0
519,519,0,0,Russell Wilson,Cardinals,0,31,20,0,2,339,39.0,QB,0,0,0,0,0,6,1,88,16,2014,1
520,520,0,0,Ryan Tannehill,Min,0,47,35,1,4,396,37.0,QB,0,0,0,0,0,6,0,-5,16,2014,0
521,521,0,0,Tony Romo,Colts,0,20,18,0,4,218,34.0,QB,0,0,0,0,0,3,0,28,16,2014,0
522,522,0,0,Eli Manning,Rams,0,32,25,0,3,391,33.0,QB,0,0,0,0,0,3,0,-3,16,2014,1
523,523,0,0,Philip Rivers,49ers,0,54,33,3,4,356,32.0,QB,0,0,0,0,0,0,0,0,16,2014,1
524,524,0,1,Colin Kaepernick,Chargers,0,24,15,0,1,114,30.0,QB,0,0,0,0,0,7,1,151,16,2014,0
525,525,0,0,Kyle Orton,Raiders,0,49,32,2,3,329,27.0,QB,0,0,0,0,0,0,0,0,16,2014,1
526,526,0,1,Mark Sanchez,Redskins,0,50,37,1,2,374,25.0,QB,0,0,0,0,0,5,0,22,16,2014,1
527,527,0,0,Cam Newton,Browns,0,31,18,1,1,201,24.0,QB,0,0,0,0,0,12,1,63,16,2014,0
528,528,0,0,Shaun Hill,Giants,0,32,24,1,2,290,21.0,QB,0,0,0,0,0,1,0,0,16,2014,0
529,529,0,0,Teddy Bridgewater,Dolphins,0,26,19,1,2,259,21.0,QB,0,0,0,0,0,5,0,13,16,2014,1
530,530,0,0,Derek Carr,Bills,0,34,17,0,2,214,20.0,QB,0,0,0,0,0,4,0,0,16,2014,0
531,531,0,0,Charlie Whitehurst,Jaguars,0,35,24,0,1,287,18.0,QB,0,0,0,0,0,3,0,12,16,2014,1
532,532,0,0,Matt Ryan,Saints,0,40,30,0,1,322,18.0,QB,0,0,0,0,0,2,0,7,16,2014,1
533,533,0,1,Aaron Rodgers,Buccaneers,0,40,31,0,1,318,17.0,QB,0,0,0,0,0,0,0,0,16,2014,1
534,534,0,0,Andy Dalton,Broncos,0,25,17,1,2,146,17.0,QB,0,0,0,0,0,6,0,25,16,2014,0
535,535,0,0,Jimmy Clausen,Lions,0,39,23,1,2,181,17.0,QB,0,0,0,0,0,3,0,9,16,2014,0
536,536,0,0,Peyton Manning,Bengals,0,44,28,4,2,311,16.0,QB,0,0,0,0,0,0,0,0,16,2014,1
537,537,0,0,Blake Bortles,Titans,0,26,13,0,1,115,15.0,QB,0,0,0,0,0,5,0,50,16,2014,0
538,538,0,0,Ben Roethlisberger,Chiefs,0,25,18,0,1,220,14.0,QB,0,0,0,0,0,4,0,-4,16,2014,0
539,539,0,0,Alex Smith,Steelers,0,45,31,0,0,311,13.0,QB,0,0,0,0,0,2,0,14,16,2014,1
540,540,0,0,Joe Flacco,Texans,0,50,21,3,2,195,13.0,QB,0,0,0,0,0,1,0,5,16,2014,1
541,541,0,1,Drew Brees,Falcons,0,47,30,2,1,313,13.0,QB,0,0,0,0,0,2,0,8,16,2014,0
542,542,0,0,Geno Smith,Patriots,0,27,17,1,1,210,12.0,QB,0,0,0,0,0,3,0,9,16,2014,0
543,543,0,0,Tom Brady,Jets,0,35,23,1,1,182,12.0,QB,0,0,0,0,0,7,0,10,16,2014,1
544,544,0,0,Brian Hoyer,Panthers,0,13,7,1,1,134,10.0,QB,0,0,0,0,0,2,0,19,16,2014,1
545,545,0,1,Matt Hasselbeck,Cowboys,0,21,15,0,1,126,10.0,QB,0,0,0,0,0,0,0,0,16,2014,1
546,546,0,0,Brandon Weeden,Colts,0,1,1,0,1,43,7.0,QB,0,0,0,0,0,0,0,0,16,2014,0
547,547,0,0,Robert Griffin III,Eagles,0,23,16,1,0,220,7.0,QB,0,0,0,0,0,5,0,11,16,2014,0
548,548,0,0,Ryan Lindley,Seahawks,0,44,18,1,0,216,6.0,QB,0,0,0,0,0,0,0,0,16,2014,0
549,549,0,0,Case Keenum,Ravens,0,42,20,1,0,185,6.0,QB,0,0,0,0,0,4,0,19,16,2014,0
550,550,0,0,Matthew Stafford,Bears,0,39,22,2,0,243,5.0,QB,0,0,0,0,0,4,0,2,16,2014,1
551,551,0,0,Josh McCown,Packers,0,26,12,1,0,147,3.0,QB,0,0,0,0,0,0,0,0,16,2014,0
552,552,0,0,Johnny Manziel,Panthers,0,8,3,0,0,32,1.0,QB,0,0,0,0,0,2,0,3,16,2014,1
553,553,0,0,Logan Thomas,Seahawks,0,1,0,0,0,0,0.0,QB,0,0,0,0,0,0,0,0,16,2014,0
554,554,0,0,Andrew Luck,Cowboys,0,22,15,2,0,109,0.0,QB,0,0,0,0,0,0,0,0,16,2014,1
555,555,0,0,Tarvaris Jackson,Cardinals,0,1,1,0,0,0,0.0,QB,0,0,0,0,0,0,0,0,16,2014,1
556,556,0,0,Matt Flynn,Buccaneers,0,0,0,0,0,0,0.0,QB,0,0,0,0,0,3,0,-3,16,2014,1
557,557,0,1,Geno Smith,Dolphins,0,25,20,0,3,358,32.0,QB,0,0,0,0,0,5,0,18,17,2014,1
558,558,0,0,Aaron Rodgers,Lions,0,22,17,0,2,226,28.0,QB,0,0,0,0,0,2,1,14,17,2014,0
559,559,0,1,Matthew Stafford,Packers,0,41,20,0,3,217,27.0,QB,0,0,0,0,0,4,0,29,17,2014,1
560,560,0,0,Colin Kaepernick,Cardinals,0,26,15,0,2,204,26.0,QB,0,0,0,0,0,7,0,63,17,2014,0
561,561,0,0,Joe Flacco,Browns,0,36,22,0,2,312,24.0,QB,0,0,0,0,0,3,0,1,17,2014,0
562,562,0,0,Mark Sanchez,Giants,0,36,23,1,2,292,23.0,QB,0,0,0,0,0,7,0,22,17,2014,1
563,563,0,0,Tony Romo,Redskins,0,34,22,1,2,299,21.0,QB,0,0,0,0,0,1,0,0,17,2014,1
564,564,0,1,Ben Roethlisberger,Bengals,0,38,24,1,2,317,21.0,QB,0,0,0,0,0,4,0,3,17,2014,0
565,565,0,0,Cam Newton,Falcons,0,16,10,0,1,114,21.0,QB,0,0,0,0,0,6,1,51,17,2014,1
566,566,0,0,Eli Manning,Eagles,0,53,28,1,1,429,21.0,QB,0,0,0,0,0,0,0,0,17,2014,0
567,567,0,1,Robert Griffin III,Cowboys,0,41,27,2,1,336,21.0,QB,0,0,0,0,0,6,1,19,17,2014,0
568,568,0,1,Case Keenum,Jaguars,0,35,25,1,2,250,20.0,QB,0,0,0,0,0,6,0,16,17,2014,0
569,569,0,0,Andrew Luck,Titans,0,16,10,0,2,160,18.0,QB,0,0,0,0,0,1,0,5,17,2014,1
570,570,0,0,Ryan Lindley,49ers,0,39,23,3,2,316,18.0,QB,0,0,0,0,0,0,0,0,17,2014,1
571,571,0,0,Andy Dalton,Steelers,0,38,27,2,2,244,17.0,QB,0,0,0,0,0,3,0,8,17,2014,1
572,572,0,1,Ryan Tannehill,Jets,0,39,23,0,1,259,15.0,QB,0,0,0,0,0,0,0,0,17,2014,0
573,573,0,0,Teddy Bridgewater,Bears,0,25,17,1,1,209,13.0,QB,0,0,0,0,0,6,0,18,17,2014,0
574,574,0,1,Kyle Orton,Patriots,0,23,16,0,1,176,12.0,QB,0,0,0,0,0,2,0,-3,17,2014,1
575,575,0,0,Matt Hasselbeck,Titans,0,19,13,0,1,155,12.0,QB,0,0,0,0,0,4,0,-8,17,2014,1
576,576,0,0,Drew Brees,Buccaneers,0,38,24,3,1,281,11.0,QB,0,0,1,1,0,2,0,-2,17,2014,1
577,577,0,0,Blake Bortles,Texans,0,33,14,0,0,117,10.0,QB,0,0,0,0,0,3,0,61,17,2014,1
578,578,0,0,Charlie Whitehurst,Colts,0,28,12,0,1,72,9.0,QB,0,0,0,0,0,4,0,19,17,2014,0
579,579,0,1,Peyton Manning,Raiders,0,37,21,0,0,273,9.0,QB,0,0,0,0,0,1,0,-5,17,2014,0
580,580,0,0,Jay Cutler,Min,0,36,23,0,0,172,9.0,QB,0,0,0,0,0,3,0,39,17,2014,1
581,581,0,1,Derek Carr,Broncos,0,36,18,1,1,158,9.0,QB,0,0,0,0,0,3,0,6,17,2014,1
582,582,0,0,Josh McCown,Saints,0,23,14,1,1,115,8.0,QB,0,0,0,0,0,2,0,6,17,2014,0
583,583,0,0,Russell Wilson,Rams,0,25,17,1,0,239,7.0,QB,0,0,0,0,0,6,0,7,17,2014,0
584,584,0,0,Brock Osweiler,Raiders,0,2,2,0,1,39,7.0,QB,0,0,0,0,0,1,0,-1,17,2014,0
585,585,0,0,Chase Daniel,Chargers,0,27,16,0,0,157,7.0,QB,0,0,0,0,0,3,0,16,17,2014,0
586,586,0,0,Matt Ryan,Panthers,0,47,29,2,0,260,6.0,QB,0,0,0,0,0,1,0,6,17,2014,0
587,587,0,1,Philip Rivers,Chiefs,0,34,20,2,0,291,6.0,QB,0,0,0,0,0,1,0,2,17,2014,1
588,588,0,0,Shaun Hill,Seahawks,0,37,26,2,0,243,5.0,QB,0,0,0,0,0,0,0,0,17,2014,1
589,589,0,1,Connor Shaw,Ravens,0,28,14,1,0,177,4.0,QB,0,0,0,0,0,7,0,9,17,2014,1
590,590,0,0,Jimmy Garoppolo,Bills,0,17,10,0,0,90,4.0,QB,0,0,0,0,0,4,0,16,17,2014,0
591,591,0,0,Tom Brady,Bills,0,16,8,0,0,80,3.0,QB,0,0,0,0,0,2,0,9,17,2014,0
592,592,0,0,Jordan Palmer,Colts,0,3,1,0,0,7,0.0,QB,0,0,0,0,0,1,0,-1,17,2014,0
593,593,0,0,Matt Flynn,Lions,0,1,1,0,0,6,0.0,QB,0,0,0,0,0,0,0,0,17,2014,0
