,Rush 2PT,Rush TD,Pass 2PT,Points,Pass Attempts,Pass TD,Receptions,Pass Interceptions,Receiving Yards,Year,Receiving TD,Pass Yards,Receiving 2PT,Away Games,Fumble TD,Rush Yards,Week,Rush Attempts,Fumbles Lost,Pass Completions,Name,Opponent,Position
4948,0.0,0.0,0.0,324.0,0.0,0.0,25.0,0.0,3969.0,2011,4.0,0.0,0.0,1.0,0.0,0.0,1,0.0,0.0,0.0,Scott Chandler,Chiefs,TE
4949,0.0,0.0,0.0,256.0,0.0,0.0,49.0,0.0,10609.0,2011,1.0,0.0,0.0,1.0,0.0,0.0,1,0.0,0.0,0.0,Aaron Hernandez,Dolphins,TE
4950,0.0,0.0,0.0,196.0,0.0,0.0,36.0,0.0,7396.0,2011,1.0,0.0,0.0,1.0,0.0,0.0,1,0.0,0.0,0.0,Rob Gronkowski,Dolphins,TE
4951,0.0,0.0,0.0,144.0,0.0,0.0,4.0,0.0,3721.0,2011,1.0,0.0,0.0,0.0,0.0,0.0,1,0.0,0.0,0.0,Jeff King,Panthers,TE
4952,0.0,0.0,0.0,144.0,0.0,0.0,25.0,0.0,3721.0,2011,1.0,0.0,0.0,0.0,0.0,0.0,1,0.0,0.0,0.0,Dustin Keller,Cowboys,TE
4953,0.0,0.0,0.0,121.0,0.0,0.0,36.0,0.0,12100.0,2011,0.0,0.0,0.0,1.0,0.0,0.0,1,0.0,0.0,0.0,Jason Witten,Jets,TE
4954,0.0,0.0,0.0,121.0,0.0,0.0,36.0,0.0,3364.0,2011,1.0,0.0,0.0,1.0,0.0,0.0,1,0.0,0.0,0.0,Jermaine Gresham,Browns,TE
4955,0.0,0.0,0.0,121.0,0.0,0.0,16.0,0.0,3136.0,2011,1.0,0.0,0.0,1.0,0.0,0.0,1,0.0,0.0,0.0,Jimmy Graham,Packers,TE
4956,0.0,0.0,0.0,121.0,0.0,0.0,25.0,0.0,3481.0,2011,1.0,0.0,0.0,0.0,0.0,0.0,1,0.0,0.0,0.0,Ed Dickson,Steelers,TE
4957,0.0,0.0,0.0,100.0,0.0,0.0,9.0,0.0,2025.0,2011,1.0,0.0,0.0,0.0,0.0,0.0,1,0.0,0.0,0.0,Benjamin Watson,Bengals,TE
4958,0.0,0.0,0.0,100.0,0.0,0.0,25.0,0.0,11025.0,2011,0.0,0.0,0.0,0.0,0.0,0.0,1,0.0,0.0,0.0,Fred Davis,Giants,TE
4959,0.0,0.0,0.0,81.0,0.0,0.0,9.0,0.0,1225.0,2011,1.0,0.0,0.0,0.0,0.0,0.0,1,0.0,0.0,0.0,Evan Moore,Bengals,TE
4960,0.0,0.0,0.0,64.0,0.0,0.0,25.0,0.0,6724.0,2011,0.0,0.0,0.0,0.0,0.0,0.0,1,0.0,0.0,0.0,Anthony Fasano,Patriots,TE
4961,0.0,0.0,0.0,49.0,0.0,0.0,1.0,0.0,121.0,2011,1.0,0.0,0.0,1.0,0.0,25.0,1,1.0,0.0,0.0,Tony Scheffler,Buccaneers,TE
4962,0.0,0.0,0.0,49.0,0.0,0.0,16.0,0.0,6084.0,2011,0.0,0.0,0.0,1.0,0.0,0.0,1,0.0,0.0,0.0,Greg Olsen,Cardinals,TE
4963,0.0,0.0,0.0,49.0,0.0,0.0,25.0,0.0,5184.0,2011,0.0,0.0,0.0,1.0,0.0,0.0,1,0.0,0.0,0.0,Tony Gonzalez,Bears,TE
4964,0.0,0.0,0.0,49.0,0.0,0.0,64.0,0.0,5476.0,2011,0.0,0.0,0.0,0.0,0.0,0.0,1,0.0,0.0,0.0,Antonio Gates,Min,TE
4965,0.0,0.0,0.0,36.0,0.0,0.0,36.0,0.0,4356.0,2011,0.0,0.0,0.0,0.0,0.0,0.0,1,0.0,0.0,0.0,Kellen Winslow,Lions,TE
4966,0.0,0.0,0.0,36.0,0.0,0.0,4.0,0.0,49.0,2011,1.0,0.0,0.0,0.0,0.0,0.0,1,0.0,0.0,0.0,Matt Spaeth,Falcons,TE
4967,0.0,0.0,0.0,25.0,0.0,0.0,9.0,0.0,2601.0,2011,0.0,0.0,0.0,1.0,0.0,0.0,1,0.0,0.0,0.0,Jeremy Shockey,Cardinals,TE
4968,0.0,0.0,0.0,25.0,0.0,0.0,16.0,0.0,3249.0,2011,0.0,0.0,0.0,1.0,0.0,0.0,1,0.0,0.0,0.0,Brandon Pettigrew,Buccaneers,TE
4969,0.0,0.0,0.0,25.0,0.0,0.0,9.0,0.0,2809.0,2011,0.0,0.0,0.0,0.0,0.0,0.0,1,0.0,0.0,0.0,Jermichael Finley,Saints,TE
4970,0.0,0.0,0.0,25.0,0.0,0.0,4.0,0.0,3481.0,2011,0.0,0.0,0.0,1.0,0.0,0.0,1,0.0,0.0,0.0,Jake Ballard,Redskins,TE
4971,0.0,0.0,0.0,16.0,0.0,0.0,4.0,0.0,2025.0,2011,0.0,0.0,0.0,0.0,0.0,0.0,1,0.0,0.0,0.0,Dennis Pitta,Steelers,TE
4972,0.0,0.0,0.0,16.0,0.0,0.0,9.0,0.0,1764.0,2011,0.0,0.0,0.0,1.0,0.0,0.0,1,0.0,0.0,0.0,Heath Miller,Ravens,TE
4973,0.0,0.0,0.0,16.0,0.0,0.0,4.0,0.0,1600.0,2011,0.0,0.0,0.0,0.0,0.0,0.0,1,0.0,0.0,0.0,Todd Heap,Panthers,TE
4974,0.0,0.0,0.0,16.0,0.0,0.0,25.0,0.0,2209.0,2011,0.0,0.0,0.0,0.0,0.0,0.0,1,0.0,0.0,0.0,Vernon Davis,Seahawks,TE
4975,0.0,0.0,0.0,9.0,0.0,0.0,9.0,0.0,1024.0,2011,0.0,0.0,0.0,0.0,0.0,0.0,1,0.0,0.0,0.0,Daniel Fells,Raiders,TE
4976,0.0,0.0,0.0,9.0,0.0,0.0,16.0,0.0,1521.0,2011,0.0,0.0,0.0,1.0,0.0,0.0,1,0.0,0.0,0.0,Dallas Clark,Texans,TE
4977,0.0,0.0,0.0,4.0,0.0,0.0,9.0,0.0,576.0,2011,0.0,0.0,0.0,0.0,0.0,0.0,1,0.0,0.0,0.0,Leonard Pope,Bills,TE
4978,0.0,0.0,0.0,4.0,0.0,0.0,9.0,0.0,400.0,2011,0.0,0.0,0.0,0.0,0.0,0.0,1,0.0,0.0,0.0,Randy McMichael,Min,TE
4979,0.0,0.0,0.0,4.0,0.0,0.0,4.0,0.0,784.0,2011,0.0,0.0,0.0,0.0,0.0,0.0,1,0.0,0.0,0.0,Marcedes Lewis,Titans,TE
4980,0.0,0.0,0.0,4.0,0.0,0.0,1.0,0.0,441.0,2011,0.0,0.0,0.0,0.0,0.0,0.0,1,0.0,0.0,0.0,Joel Dreessen,Colts,TE
4981,0.0,0.0,0.0,4.0,0.0,0.0,4.0,0.0,529.0,2011,0.0,0.0,0.0,0.0,0.0,0.0,1,0.0,0.0,0.0,Kellen Davis,Falcons,TE
4982,0.0,0.0,0.0,4.0,0.0,0.0,4.0,0.0,441.0,2011,0.0,0.0,0.0,0.0,0.0,0.0,1,0.0,0.0,0.0,Chris Cooley,Giants,TE
4983,0.0,0.0,0.0,4.0,0.0,0.0,9.0,0.0,841.0,2011,0.0,0.0,0.0,0.0,0.0,0.0,1,0.0,0.0,0.0,James Casey,Colts,TE
4984,0.0,0.0,0.0,4.0,0.0,0.0,4.0,0.0,441.0,2011,0.0,0.0,0.0,0.0,0.0,0.0,1,0.0,0.0,0.0,Billy Bajema,Eagles,TE
4985,0.0,0.0,0.0,1.0,0.0,0.0,4.0,0.0,361.0,2011,0.0,0.0,0.0,1.0,0.0,0.0,1,0.0,0.0,0.0,John Phillips,Jets,TE
4986,0.0,0.0,0.0,1.0,0.0,0.0,1.0,0.0,225.0,2011,0.0,0.0,0.0,0.0,0.0,0.0,1,0.0,0.0,0.0,Jake O'Connell,Bills,TE
4987,0.0,0.0,0.0,1.0,0.0,0.0,4.0,0.0,100.0,2011,0.0,0.0,0.0,1.0,0.0,0.0,1,0.0,0.0,0.0,Brandon Myers,Broncos,TE
4988,0.0,0.0,0.0,1.0,0.0,0.0,4.0,0.0,361.0,2011,0.0,0.0,0.0,1.0,0.0,0.0,1,0.0,0.0,0.0,Zach Miller,49ers,TE
4989,0.0,0.0,0.0,1.0,0.0,0.0,4.0,0.0,144.0,2011,0.0,0.0,0.0,1.0,0.0,0.0,1,0.0,0.0,0.0,Anthony McCoy,49ers,TE
4990,0.0,0.0,0.0,1.0,0.0,0.0,1.0,0.0,324.0,2011,0.0,0.0,0.0,0.0,0.0,0.0,1,0.0,0.0,0.0,Lance Kendricks,Eagles,TE
4991,0.0,0.0,0.0,1.0,0.0,0.0,1.0,0.0,144.0,2011,0.0,0.0,0.0,0.0,0.0,0.0,1,0.0,0.0,0.0,Owen Daniels,Colts,TE
4992,0.0,0.0,0.0,1.0,0.0,0.0,1.0,0.0,169.0,2011,0.0,0.0,0.0,1.0,0.0,0.0,1,0.0,0.0,0.0,Brent Celek,Rams,TE
4993,0.0,0.0,0.0,0.0,0.0,0.0,1.0,0.0,1.0,2011,0.0,0.0,0.0,0.0,0.0,0.0,1,0.0,0.0,0.0,Delanie Walker,Seahawks,TE
4994,0.0,0.0,0.0,0.0,0.0,0.0,1.0,0.0,4.0,2011,0.0,0.0,0.0,1.0,0.0,0.0,1,0.0,0.0,0.0,Craig Stevens,Jaguars,TE
4995,0.0,0.0,0.0,0.0,0.0,0.0,1.0,0.0,16.0,2011,0.0,0.0,0.0,0.0,0.0,0.0,1,0.0,0.0,0.0,Tom Crabtree,Saints,TE
4996,0.0,0.0,0.0,0.0,0.0,0.0,1.0,0.0,49.0,2011,0.0,0.0,0.0,1.0,0.0,0.0,1,0.0,0.0,0.0,Jared Cook,Jaguars,TE
4997,0.0,0.0,0.0,400.0,0.0,0.0,16.0,0.0,7396.0,2011,4.0,0.0,0.0,0.0,0.0,0.0,2,0.0,0.0,0.0,Rob Gronkowski,Chargers,TE
4998,0.0,0.0,0.0,400.0,0.0,0.0,49.0,0.0,6889.0,2011,4.0,0.0,0.0,0.0,0.0,0.0,2,0.0,0.0,0.0,Tony Gonzalez,Eagles,TE
4999,0.0,0.0,0.0,256.0,0.0,0.0,36.0,0.0,10201.0,2011,1.0,0.0,0.0,0.0,0.0,0.0,2,0.0,0.0,0.0,Dustin Keller,Jaguars,TE
5000,0.0,0.0,0.0,196.0,0.0,0.0,36.0,0.0,7396.0,2011,1.0,0.0,0.0,0.0,0.0,0.0,2,0.0,0.0,0.0,Fred Davis,Cardinals,TE
5001,0.0,0.0,0.0,144.0,0.0,0.0,49.0,0.0,3844.0,2011,1.0,0.0,0.0,0.0,0.0,0.0,2,0.0,0.0,0.0,Aaron Hernandez,Chargers,TE
5002,0.0,0.0,0.0,100.0,0.0,0.0,49.0,0.0,10404.0,2011,0.0,0.0,0.0,1.0,0.0,0.0,2,0.0,0.0,0.0,Jason Witten,49ers,TE
5003,0.0,0.0,0.0,81.0,0.0,0.0,4.0,0.0,1444.0,2011,1.0,0.0,0.0,0.0,0.0,0.0,2,0.0,0.0,0.0,Delanie Walker,Cowboys,TE
5004,0.0,0.0,0.0,81.0,0.0,0.0,1.0,0.0,1296.0,2011,1.0,0.0,0.0,0.0,0.0,0.0,2,0.0,0.0,0.0,Tony Scheffler,Chiefs,TE
5005,0.0,0.0,0.0,81.0,0.0,0.0,4.0,0.0,1296.0,2011,1.0,0.0,0.0,1.0,0.0,0.0,2,0.0,0.0,0.0,Jeff King,Redskins,TE
5006,0.0,0.0,0.0,81.0,0.0,0.0,16.0,0.0,1024.0,2011,1.0,0.0,0.0,0.0,0.0,0.0,2,0.0,0.0,0.0,Dallas Clark,Browns,TE
5007,0.0,0.0,0.0,64.0,0.0,0.0,9.0,0.0,625.0,2011,1.0,0.0,0.0,1.0,0.0,0.0,2,0.0,0.0,0.0,Owen Daniels,Dolphins,TE
5008,0.0,0.0,0.0,49.0,0.0,0.0,1.0,0.0,256.0,2011,1.0,0.0,0.0,1.0,0.0,0.0,2,0.0,0.0,0.0,Evan Moore,Colts,TE
5009,0.0,0.0,0.0,49.0,0.0,0.0,36.0,0.0,6241.0,2011,0.0,0.0,0.0,0.0,0.0,0.0,2,0.0,0.0,0.0,Jimmy Graham,Bears,TE
5010,0.0,0.0,0.0,49.0,0.0,0.0,4.0,0.0,256.0,2011,1.0,0.0,0.0,0.0,0.0,0.0,2,0.0,0.0,0.0,Scott Chandler,Raiders,TE
5011,0.0,0.0,0.0,36.0,0.0,0.0,25.0,0.0,4624.0,2011,0.0,0.0,0.0,1.0,0.0,0.0,2,0.0,0.0,0.0,Jermichael Finley,Panthers,TE
5012,0.0,0.0,0.0,25.0,0.0,0.0,9.0,0.0,3136.0,2011,0.0,0.0,0.0,0.0,0.0,0.0,2,0.0,0.0,0.0,Jeremy Shockey,Packers,TE
5013,0.0,0.0,0.0,16.0,0.0,0.0,16.0,0.0,1936.0,2011,0.0,0.0,0.0,1.0,0.0,0.0,2,0.0,0.0,0.0,Kellen Winslow,Min,TE
5014,0.0,0.0,0.0,16.0,0.0,0.0,16.0,0.0,1849.0,2011,0.0,0.0,0.0,1.0,0.0,0.0,2,0.0,0.0,0.0,Brent Celek,Falcons,TE
5015,0.0,0.0,0.0,9.0,0.0,0.0,1.0,0.0,1156.0,2011,0.0,0.0,0.0,0.0,0.0,0.0,2,0.0,0.0,0.0,Greg Olsen,Packers,TE
5016,0.0,0.0,0.0,9.0,0.0,0.0,4.0,0.0,1369.0,2011,0.0,0.0,0.0,0.0,0.0,0.0,2,0.0,0.0,0.0,Jared Cook,Ravens,TE
5017,0.0,0.0,0.0,4.0,0.0,0.0,9.0,0.0,784.0,2011,0.0,0.0,0.0,0.0,0.0,0.0,2,0.0,0.0,0.0,Visanthe Shiancoe,Buccaneers,TE
5018,0.0,0.0,0.0,4.0,0.0,0.0,4.0,0.0,576.0,2011,0.0,0.0,0.0,1.0,0.0,0.0,2,0.0,0.0,0.0,Dennis Pitta,Titans,TE
5019,0.0,0.0,0.0,4.0,0.0,0.0,9.0,0.0,784.0,2011,0.0,0.0,0.0,1.0,0.0,0.0,2,0.0,0.0,0.0,Zach Miller,Jets,TE
5020,0.0,0.0,0.0,4.0,0.0,0.0,1.0,0.0,676.0,2011,0.0,0.0,0.0,1.0,0.0,0.0,2,0.0,0.0,0.0,Lance Kendricks,Giants,TE
5021,0.0,0.0,0.0,4.0,0.0,0.0,4.0,0.0,625.0,2011,0.0,0.0,0.0,1.0,0.0,0.0,2,0.0,0.0,0.0,Ed Dickson,Titans,TE
5022,0.0,0.0,0.0,1.0,0.0,0.0,4.0,0.0,256.0,2011,0.0,0.0,0.0,1.0,0.0,0.0,2,0.0,0.0,0.0,Benjamin Watson,Colts,TE
5023,0.0,0.0,0.0,1.0,0.0,0.0,1.0,0.0,289.0,2011,0.0,0.0,0.0,1.0,0.0,0.0,2,0.0,0.0,0.0,Luke Stocker,Min,TE
5024,0.0,0.0,0.0,1.0,0.0,0.0,9.0,0.0,361.0,2011,0.0,0.0,0.0,1.0,0.0,0.0,2,0.0,0.0,0.0,Alex Smith,Colts,TE
5025,0.0,0.0,0.0,1.0,0.0,0.0,1.0,0.0,225.0,2011,0.0,0.0,0.0,0.0,0.0,0.0,2,0.0,0.0,0.0,Kyle Rudolph,Buccaneers,TE
5026,0.0,0.0,0.0,1.0,0.0,0.0,4.0,0.0,256.0,2011,0.0,0.0,0.0,1.0,0.0,0.0,2,0.0,0.0,0.0,Brandon Myers,Bills,TE
5027,0.0,0.0,0.0,1.0,0.0,0.0,1.0,0.0,169.0,2011,0.0,0.0,0.0,1.0,0.0,0.0,2,0.0,0.0,0.0,Zach Miller,Steelers,TE
5028,0.0,0.0,0.0,1.0,0.0,0.0,1.0,0.0,256.0,2011,0.0,0.0,0.0,0.0,0.0,0.0,2,0.0,0.0,0.0,Heath Miller,Seahawks,TE
5029,0.0,0.0,0.0,1.0,0.0,0.0,4.0,0.0,324.0,2011,0.0,0.0,0.0,0.0,0.0,0.0,2,0.0,0.0,0.0,Vernon Davis,Cowboys,TE
5030,0.0,0.0,0.0,1.0,0.0,0.0,1.0,0.0,169.0,2011,0.0,0.0,0.0,0.0,0.0,0.0,2,0.0,0.0,0.0,Jake Ballard,Rams,TE
5031,0.0,0.0,0.0,0.0,0.0,0.0,1.0,0.0,25.0,2011,0.0,0.0,0.0,0.0,0.0,0.0,2,0.0,0.0,0.0,Julius Thomas,Bengals,TE
5032,0.0,0.0,0.0,0.0,0.0,0.0,1.0,0.0,1.0,2011,0.0,0.0,0.0,0.0,0.0,0.0,2,0.0,0.0,0.0,David Thomas,Bears,TE
5033,0.0,0.0,0.0,0.0,0.0,0.0,1.0,0.0,1.0,2011,0.0,0.0,0.0,0.0,0.0,0.0,2,0.0,0.0,0.0,Craig Stevens,Ravens,TE
5034,0.0,0.0,0.0,0.0,0.0,0.0,4.0,0.0,81.0,2011,0.0,0.0,0.0,1.0,0.0,0.0,2,0.0,0.0,0.0,Leonard Pope,Lions,TE
5035,0.0,0.0,0.0,0.0,0.0,0.0,1.0,0.0,64.0,2011,0.0,0.0,0.0,1.0,0.0,0.0,2,0.0,0.0,0.0,John Phillips,49ers,TE
5036,0.0,0.0,0.0,0.0,0.0,0.0,1.0,0.0,49.0,2011,0.0,0.0,0.0,0.0,0.0,0.0,2,0.0,0.0,0.0,Brandon Pettigrew,Chiefs,TE
5037,0.0,0.0,0.0,0.0,0.0,0.0,4.0,0.0,64.0,2011,0.0,0.0,0.0,0.0,0.0,0.0,2,0.0,0.0,0.0,Matthew Mulligan,Jaguars,TE
5038,0.0,0.0,0.0,0.0,0.0,0.0,1.0,0.0,36.0,2011,0.0,0.0,0.0,1.0,0.0,0.0,2,0.0,0.0,0.0,Randy McMichael,Patriots,TE
5039,0.0,0.0,0.0,0.0,0.0,0.0,4.0,0.0,81.0,2011,0.0,0.0,0.0,1.0,0.0,0.0,2,0.0,0.0,0.0,Anthony McCoy,Steelers,TE
5040,0.0,0.0,0.0,0.0,0.0,0.0,1.0,0.0,64.0,2011,0.0,0.0,0.0,1.0,0.0,0.0,2,0.0,0.0,0.0,Michael Hoomanawanui,Giants,TE
5041,0.0,0.0,0.0,0.0,0.0,0.0,1.0,0.0,4.0,2011,0.0,0.0,0.0,0.0,0.0,0.0,2,0.0,0.0,0.0,Will Heller,Chiefs,TE
5042,0.0,0.0,0.0,0.0,0.0,0.0,1.0,0.0,64.0,2011,0.0,0.0,0.0,1.0,0.0,0.0,2,0.0,0.0,0.0,Todd Heap,Redskins,TE
5043,0.0,0.0,0.0,0.0,0.0,0.0,4.0,0.0,64.0,2011,0.0,0.0,0.0,1.0,0.0,0.0,2,0.0,0.0,0.0,Jermaine Gresham,Broncos,TE
5044,0.0,0.0,0.0,0.0,0.0,0.0,1.0,0.0,81.0,2011,0.0,0.0,0.0,0.0,0.0,0.0,2,0.0,0.0,0.0,Daniel Fells,Bengals,TE
5045,0.0,0.0,0.0,0.0,0.0,0.0,1.0,0.0,16.0,2011,0.0,0.0,0.0,0.0,0.0,0.0,2,0.0,0.0,0.0,Brody Eldridge,Browns,TE
5046,0.0,0.0,0.0,0.0,0.0,0.0,1.0,0.0,81.0,2011,0.0,0.0,0.0,1.0,0.0,0.0,2,0.0,0.0,0.0,Joel Dreessen,Dolphins,TE
5047,0.0,0.0,0.0,676.0,0.0,0.0,49.0,0.0,7225.0,2011,9.0,0.0,0.0,1.0,0.0,0.0,3,0.0,0.0,0.0,Jermichael Finley,Bears,TE
5048,0.0,0.0,0.0,484.0,0.0,0.0,49.0,0.0,11881.0,2011,4.0,0.0,0.0,1.0,0.0,0.0,3,0.0,0.0,0.0,Rob Gronkowski,Bills,TE
5049,0.0,0.0,0.0,361.0,0.0,0.0,25.0,0.0,15876.0,2011,1.0,0.0,0.0,1.0,0.0,121.0,3,1.0,0.0,0.0,James Casey,Saints,TE
5050,0.0,0.0,0.0,256.0,0.0,0.0,16.0,0.0,10000.0,2011,1.0,0.0,0.0,0.0,0.0,0.0,3,0.0,0.0,0.0,Jimmy Graham,Texans,TE
5051,0.0,0.0,0.0,169.0,0.0,0.0,49.0,0.0,3249.0,2011,1.0,0.0,1.0,0.0,0.0,0.0,3,0.0,0.0,0.0,Greg Olsen,Jaguars,TE
5052,0.0,0.0,0.0,169.0,0.0,0.0,25.0,0.0,5776.0,2011,1.0,0.0,0.0,1.0,0.0,0.0,3,0.0,0.0,0.0,Owen Daniels,Saints,TE
5053,0.0,0.0,0.0,121.0,0.0,0.0,121.0,0.0,12544.0,2011,0.0,0.0,0.0,1.0,0.0,0.0,3,0.0,0.0,0.0,Brandon Pettigrew,Min,TE
5054,0.0,0.0,0.0,121.0,0.0,0.0,64.0,0.0,12996.0,2011,0.0,0.0,0.0,1.0,0.0,4.0,3,1.0,0.0,0.0,Vernon Davis,Bengals,TE
5055,0.0,0.0,0.0,81.0,0.0,0.0,9.0,0.0,1024.0,2011,1.0,0.0,0.0,1.0,0.0,0.0,3,0.0,0.0,0.0,Leonard Pope,Chargers,TE
5056,0.0,0.0,0.0,81.0,0.0,0.0,1.0,0.0,1024.0,2011,1.0,0.0,0.0,0.0,0.0,0.0,3,0.0,0.0,0.0,Kellen Davis,Packers,TE
5057,0.0,0.0,0.0,64.0,0.0,0.0,25.0,0.0,7569.0,2011,0.0,0.0,0.0,1.0,0.0,0.0,3,0.0,0.0,0.0,Dustin Keller,Raiders,TE
5058,0.0,0.0,0.0,49.0,0.0,0.0,25.0,0.0,5041.0,2011,0.0,0.0,0.0,1.0,0.0,0.0,3,0.0,0.0,0.0,Heath Miller,Colts,TE
5059,0.0,0.0,0.0,49.0,0.0,0.0,4.0,0.0,324.0,2011,1.0,0.0,0.0,1.0,0.0,0.0,3,0.0,0.0,0.0,Tony Gonzalez,Buccaneers,TE
5060,0.0,0.0,0.0,49.0,0.0,0.0,4.0,0.0,100.0,2011,1.0,0.0,0.0,0.0,0.0,0.0,3,0.0,0.0,0.0,Scott Chandler,Patriots,TE
5061,0.0,0.0,0.0,36.0,0.0,0.0,36.0,0.0,3600.0,2011,0.0,0.0,0.0,0.0,0.0,0.0,3,0.0,0.0,0.0,Jason Witten,Redskins,TE
5062,0.0,0.0,0.0,36.0,0.0,0.0,25.0,0.0,4096.0,2011,0.0,0.0,0.0,0.0,0.0,0.0,3,0.0,0.0,0.0,Benjamin Watson,Dolphins,TE
5063,0.0,0.0,0.0,36.0,0.0,0.0,1.0,0.0,64.0,2011,1.0,0.0,0.0,0.0,0.0,0.0,3,0.0,0.0,0.0,Visanthe Shiancoe,Lions,TE
5064,0.0,0.0,0.0,36.0,0.0,0.0,36.0,0.0,3721.0,2011,0.0,0.0,0.0,1.0,0.0,0.0,3,0.0,0.0,0.0,Todd Heap,Seahawks,TE
5065,0.0,0.0,0.0,36.0,0.0,0.0,1.0,0.0,16.0,2011,1.0,0.0,0.0,0.0,0.0,0.0,3,0.0,0.0,0.0,Daniel Graham,Broncos,TE
5066,0.0,0.0,0.0,25.0,0.0,0.0,1.0,0.0,3364.0,2011,0.0,0.0,0.0,0.0,0.0,0.0,3,0.0,0.0,0.0,Craig Stevens,Broncos,TE
5067,0.0,0.0,0.0,25.0,0.0,0.0,16.0,0.0,2601.0,2011,0.0,0.0,0.0,0.0,0.0,0.0,3,0.0,0.0,0.0,Randy McMichael,Chiefs,TE
5068,0.0,0.0,0.0,25.0,0.0,0.0,16.0,0.0,2601.0,2011,0.0,0.0,0.0,0.0,0.0,0.0,3,0.0,0.0,0.0,Jermaine Gresham,49ers,TE
5069,0.0,0.0,0.0,25.0,0.0,0.0,25.0,0.0,2601.0,2011,0.0,0.0,0.0,1.0,0.0,0.0,3,0.0,0.0,0.0,Ed Dickson,Rams,TE
5070,0.0,0.0,0.0,16.0,0.0,0.0,4.0,0.0,1764.0,2011,0.0,0.0,0.0,1.0,0.0,0.0,3,0.0,0.0,0.0,Daniel Fells,Titans,TE
5071,0.0,0.0,0.0,16.0,0.0,0.0,16.0,0.0,1681.0,2011,0.0,0.0,0.0,1.0,0.0,9.0,3,4.0,0.0,0.0,Chris Cooley,Cowboys,TE
5072,0.0,0.0,0.0,9.0,0.0,0.0,4.0,0.0,1089.0,2011,0.0,0.0,0.0,0.0,0.0,0.0,3,0.0,0.0,0.0,Luke Stocker,Falcons,TE
5073,0.0,0.0,0.0,9.0,0.0,0.0,9.0,0.0,900.0,2011,0.0,0.0,0.0,0.0,0.0,0.0,3,0.0,0.0,0.0,Jeremy Shockey,Jaguars,TE
5074,0.0,0.0,0.0,9.0,0.0,0.0,9.0,0.0,1521.0,2011,0.0,0.0,0.0,0.0,0.0,0.0,3,0.0,0.0,0.0,Kyle Rudolph,Lions,TE
5075,0.0,0.0,0.0,9.0,0.0,0.0,4.0,0.0,1296.0,2011,0.0,0.0,0.0,0.0,0.0,0.0,3,0.0,0.0,0.0,Kevin Boss,Jets,TE
5076,0.0,0.0,0.0,4.0,0.0,0.0,4.0,0.0,400.0,2011,0.0,0.0,0.0,0.0,0.0,0.0,3,0.0,0.0,0.0,Kellen Winslow,Falcons,TE
5077,0.0,0.0,0.0,4.0,0.0,0.0,4.0,0.0,625.0,2011,0.0,0.0,0.0,0.0,0.0,64.0,3,1.0,0.0,0.0,Lance Kendricks,Ravens,TE
5078,0.0,0.0,0.0,4.0,0.0,0.0,1.0,0.0,676.0,2011,0.0,0.0,0.0,1.0,0.0,0.0,3,0.0,0.0,0.0,Anthony Fasano,Browns,TE
5079,0.0,0.0,0.0,4.0,0.0,0.0,1.0,0.0,529.0,2011,0.0,0.0,0.0,1.0,0.0,0.0,3,0.0,0.0,0.0,Fred Davis,Cowboys,TE
5080,0.0,0.0,0.0,1.0,0.0,0.0,4.0,0.0,361.0,2011,0.0,0.0,0.0,0.0,0.0,0.0,3,0.0,0.0,0.0,Evan Moore,Dolphins,TE
5081,0.0,0.0,0.0,1.0,0.0,0.0,4.0,0.0,225.0,2011,0.0,0.0,0.0,1.0,0.0,0.0,3,0.0,0.0,0.0,Marcedes Lewis,Panthers,TE
5082,0.0,0.0,0.0,1.0,0.0,0.0,1.0,0.0,121.0,2011,0.0,0.0,0.0,0.0,0.0,0.0,3,0.0,0.0,0.0,Donald Lee,49ers,TE
5083,0.0,0.0,0.0,1.0,0.0,0.0,1.0,0.0,100.0,2011,0.0,0.0,0.0,0.0,0.0,0.0,3,0.0,0.0,0.0,Michael Hoomanawanui,Ravens,TE
5084,0.0,0.0,0.0,1.0,0.0,0.0,1.0,0.0,289.0,2011,0.0,0.0,0.0,0.0,0.0,0.0,3,0.0,0.0,0.0,Clay Harbor,Giants,TE
5085,0.0,0.0,0.0,1.0,0.0,0.0,4.0,0.0,144.0,2011,0.0,0.0,0.0,0.0,0.0,0.0,3,0.0,0.0,0.0,Jared Cook,Broncos,TE
5086,0.0,0.0,0.0,1.0,0.0,0.0,4.0,0.0,144.0,2011,0.0,0.0,0.0,0.0,0.0,0.0,3,0.0,0.0,0.0,Dallas Clark,Steelers,TE
5087,0.0,0.0,0.0,1.0,0.0,0.0,1.0,0.0,225.0,2011,0.0,0.0,0.0,1.0,0.0,0.0,3,0.0,0.0,0.0,Jake Ballard,Eagles,TE
5088,0.0,0.0,0.0,0.0,0.0,0.0,1.0,0.0,81.0,2011,0.0,0.0,0.0,1.0,0.0,0.0,3,0.0,0.0,0.0,Delanie Walker,Bengals,TE
5089,0.0,0.0,0.0,0.0,0.0,0.0,1.0,0.0,49.0,2011,0.0,0.0,0.0,0.0,0.0,0.0,3,0.0,0.0,0.0,David Thomas,Texans,TE
5090,0.0,0.0,0.0,0.0,0.0,0.0,1.0,0.0,81.0,2011,0.0,0.0,0.0,0.0,0.0,0.0,3,0.0,0.0,0.0,Alex Smith,Dolphins,TE
5091,0.0,0.0,0.0,0.0,0.0,0.0,1.0,0.0,16.0,2011,0.0,0.0,0.0,1.0,0.0,0.0,3,0.0,0.0,0.0,Tony Scheffler,Min,TE
5092,0.0,0.0,0.0,0.0,0.0,0.0,1.0,0.0,4.0,2011,0.0,0.0,0.0,1.0,0.0,0.0,3,0.0,0.0,0.0,Weslye Saunders,Colts,TE
5093,0.0,0.0,0.0,0.0,0.0,0.0,4.0,0.0,81.0,2011,0.0,0.0,0.0,0.0,0.0,0.0,3,0.0,0.0,0.0,Zach Miller,Cardinals,TE
5094,0.0,0.0,0.0,0.0,0.0,0.0,1.0,0.0,9.0,2011,0.0,0.0,0.0,1.0,0.0,0.0,3,0.0,0.0,0.0,David Johnson,Colts,TE
5095,0.0,0.0,0.0,0.0,0.0,0.0,1.0,0.0,49.0,2011,0.0,0.0,0.0,1.0,0.0,0.0,3,0.0,0.0,0.0,Virgil Green,Titans,TE
5096,0.0,0.0,0.0,0.0,0.0,0.0,1.0,0.0,16.0,2011,0.0,0.0,0.0,0.0,0.0,0.0,3,0.0,0.0,0.0,Brody Eldridge,Steelers,TE
5097,0.0,0.0,0.0,0.0,0.0,0.0,4.0,0.0,81.0,2011,0.0,0.0,0.0,0.0,0.0,0.0,3,0.0,0.0,0.0,Brent Celek,Giants,TE
5098,0.0,0.0,0.0,0.0,0.0,0.0,1.0,0.0,36.0,2011,0.0,0.0,0.0,0.0,0.0,0.0,3,0.0,0.0,0.0,Martellus Bennett,Redskins,TE
5099,0.0,0.0,0.0,0.0,0.0,0.0,1.0,0.0,4.0,2011,0.0,0.0,0.0,1.0,0.0,0.0,3,0.0,0.0,0.0,Travis Beckum,Eagles,TE
5100,0.0,0.0,0.0,361.0,0.0,0.0,100.0,0.0,17424.0,2011,1.0,0.0,0.0,1.0,0.0,0.0,4,0.0,0.0,0.0,Jimmy Graham,Jaguars,TE
5101,0.0,0.0,0.0,225.0,0.0,0.0,64.0,0.0,8836.0,2011,1.0,0.0,0.0,0.0,0.0,0.0,4,0.0,0.0,0.0,Jason Witten,Lions,TE
5102,0.0,0.0,0.0,225.0,0.0,0.0,4.0,0.0,8649.0,2011,1.0,0.0,0.0,1.0,0.0,0.0,4,0.0,0.0,0.0,Jared Cook,Browns,TE
5103,0.0,0.0,0.0,169.0,0.0,0.0,16.0,0.0,4900.0,2011,1.0,0.0,0.0,0.0,0.0,0.0,4,0.0,0.0,0.0,Jermaine Gresham,Bills,TE
5104,0.0,0.0,0.0,144.0,0.0,0.0,25.0,0.0,4761.0,2011,1.0,0.0,0.0,0.0,0.0,0.0,4,0.0,0.0,0.0,Owen Daniels,Steelers,TE
5105,0.0,0.0,0.0,121.0,0.0,0.0,25.0,0.0,2500.0,2011,1.0,0.0,0.0,1.0,0.0,0.0,4,0.0,0.0,0.0,Greg Olsen,Bears,TE
5106,0.0,0.0,0.0,121.0,0.0,0.0,9.0,0.0,3025.0,2011,1.0,0.0,0.0,0.0,0.0,0.0,4,0.0,0.0,0.0,Clay Harbor,49ers,TE
5107,0.0,0.0,0.0,121.0,0.0,0.0,49.0,0.0,3136.0,2011,1.0,0.0,0.0,1.0,0.0,0.0,4,0.0,0.0,0.0,Tony Gonzalez,Seahawks,TE
5108,0.0,0.0,0.0,100.0,0.0,0.0,36.0,0.0,2304.0,2011,1.0,0.0,0.0,0.0,0.0,0.0,4,0.0,0.0,0.0,Benjamin Watson,Titans,TE
5109,0.0,0.0,0.0,100.0,0.0,0.0,16.0,0.0,2025.0,2011,1.0,0.0,0.0,1.0,0.0,0.0,4,0.0,0.0,0.0,Vernon Davis,Eagles,TE
5110,0.0,0.0,0.0,81.0,0.0,0.0,9.0,0.0,1089.0,2011,1.0,0.0,0.0,1.0,0.0,0.0,4,0.0,0.0,0.0,Jake Ballard,Cardinals,TE
5111,0.0,0.0,0.0,49.0,0.0,0.0,1.0,0.0,144.0,2011,1.0,0.0,0.0,1.0,0.0,0.0,4,0.0,0.0,0.0,Craig Stevens,Browns,TE
5112,0.0,0.0,0.0,49.0,0.0,0.0,1.0,0.0,196.0,2011,1.0,0.0,0.0,0.0,0.0,0.0,4,0.0,0.0,0.0,Zach Miller,Saints,TE
5113,0.0,0.0,0.0,49.0,0.0,0.0,4.0,0.0,841.0,2011,1.0,0.0,0.0,1.0,0.0,0.0,4,0.0,1.0,0.0,Daniel Fells,Packers,TE
5114,0.0,0.0,0.0,49.0,0.0,0.0,16.0,0.0,6084.0,2011,0.0,0.0,0.0,0.0,0.0,0.0,4,0.0,0.0,0.0,Kevin Boss,Patriots,TE
5115,0.0,0.0,0.0,36.0,0.0,0.0,36.0,0.0,4096.0,2011,0.0,0.0,0.0,1.0,0.0,0.0,4,0.0,0.0,0.0,Brandon Pettigrew,Cowboys,TE
5116,0.0,1.0,0.0,36.0,0.0,0.0,0.0,0.0,0.0,2011,0.0,0.0,0.0,1.0,0.0,1.0,4,1.0,0.0,0.0,Jed Collins,Jaguars,TE
5117,0.0,0.0,0.0,25.0,0.0,0.0,36.0,0.0,3364.0,2011,0.0,0.0,0.0,1.0,0.0,0.0,4,0.0,0.0,0.0,Visanthe Shiancoe,Chiefs,TE
5118,0.0,0.0,0.0,16.0,0.0,0.0,4.0,0.0,1681.0,2011,0.0,0.0,0.0,1.0,0.0,0.0,4,0.0,0.0,0.0,Jeremy Shockey,Bears,TE
5119,0.0,0.0,0.0,16.0,0.0,0.0,9.0,0.0,1936.0,2011,0.0,0.0,0.0,1.0,0.0,0.0,4,0.0,0.0,0.0,Kyle Rudolph,Chiefs,TE
5120,0.0,0.0,0.0,16.0,0.0,0.0,16.0,0.0,1681.0,2011,0.0,0.0,0.0,0.0,0.0,0.0,4,0.0,0.0,0.0,Todd Heap,Giants,TE
5121,0.0,0.0,0.0,16.0,0.0,0.0,16.0,0.0,2025.0,2011,0.0,0.0,0.0,0.0,0.0,0.0,4,0.0,0.0,0.0,Ed Dickson,Jets,TE
5122,0.0,0.0,0.0,16.0,0.0,0.0,9.0,0.0,2116.0,2011,0.0,0.0,0.0,1.0,0.0,0.0,4,0.0,0.0,0.0,Dallas Clark,Buccaneers,TE
5123,0.0,0.0,0.0,9.0,0.0,0.0,25.0,0.0,1089.0,2011,0.0,0.0,0.0,0.0,0.0,0.0,4,0.0,0.0,0.0,Kellen Winslow,Colts,TE
5124,0.0,0.0,0.0,9.0,0.0,0.0,9.0,0.0,1444.0,2011,0.0,0.0,0.0,0.0,0.0,0.0,4,0.0,0.0,0.0,Marcedes Lewis,Saints,TE
5125,0.0,0.0,0.0,9.0,0.0,0.0,16.0,0.0,1089.0,2011,0.0,0.0,0.0,0.0,0.0,0.0,4,0.0,0.0,0.0,Lance Kendricks,Redskins,TE
5126,0.0,0.0,0.0,9.0,0.0,0.0,16.0,0.0,1156.0,2011,0.0,0.0,0.0,1.0,0.0,0.0,4,0.0,0.0,0.0,Fred Davis,Rams,TE
5127,0.0,0.0,0.0,9.0,0.0,0.0,4.0,0.0,1156.0,2011,0.0,0.0,0.0,1.0,0.0,0.0,4,0.0,0.0,0.0,Charles Clay,Chargers,TE
5128,0.0,0.0,0.0,4.0,0.0,0.0,9.0,0.0,400.0,2011,0.0,0.0,0.0,1.0,0.0,0.0,4,0.0,0.0,0.0,Delanie Walker,Eagles,TE
5129,0.0,0.0,0.0,4.0,0.0,0.0,9.0,0.0,441.0,2011,0.0,0.0,0.0,0.0,0.0,0.0,4,0.0,0.0,0.0,Zach Miller,Falcons,TE
5130,0.0,0.0,0.0,4.0,0.0,0.0,9.0,0.0,625.0,2011,0.0,0.0,0.0,0.0,0.0,0.0,4,0.0,0.0,0.0,Randy McMichael,Dolphins,TE
5131,0.0,0.0,0.0,4.0,0.0,0.0,9.0,0.0,784.0,2011,0.0,0.0,0.0,0.0,0.0,0.0,4,0.0,0.0,0.0,Jermichael Finley,Broncos,TE
5132,0.0,0.0,0.0,4.0,0.0,0.0,4.0,0.0,484.0,2011,0.0,0.0,0.0,0.0,0.0,0.0,4,0.0,0.0,0.0,Martellus Bennett,Lions,TE
5133,0.0,0.0,0.0,1.0,0.0,0.0,1.0,0.0,169.0,2011,0.0,0.0,0.0,0.0,0.0,0.0,4,0.0,0.0,0.0,Alex Smith,Titans,TE
5134,0.0,0.0,0.0,1.0,0.0,0.0,1.0,0.0,196.0,2011,0.0,0.0,0.0,0.0,0.0,0.0,4,0.0,0.0,0.0,Dennis Pitta,Jets,TE
5135,0.0,0.0,0.0,1.0,0.0,0.0,1.0,0.0,225.0,2011,0.0,0.0,0.0,0.0,0.0,0.0,4,0.0,0.0,0.0,Evan Moore,Titans,TE
5136,0.0,0.0,0.0,1.0,0.0,0.0,9.0,0.0,225.0,2011,0.0,0.0,0.0,1.0,0.0,0.0,4,0.0,0.0,0.0,Heath Miller,Texans,TE
5137,0.0,0.0,0.0,1.0,0.0,0.0,4.0,0.0,144.0,2011,0.0,0.0,0.0,1.0,0.0,0.0,4,0.0,0.0,0.0,Dustin Keller,Ravens,TE
5138,0.0,0.0,0.0,1.0,0.0,0.0,1.0,0.0,256.0,2011,0.0,0.0,0.0,0.0,0.0,0.0,4,0.0,0.0,0.0,Rob Housler,Giants,TE
5139,0.0,0.0,0.0,1.0,0.0,0.0,1.0,0.0,225.0,2011,0.0,0.0,0.0,1.0,0.0,0.0,4,0.0,0.0,0.0,Rob Gronkowski,Raiders,TE
5140,0.0,0.0,0.0,1.0,0.0,0.0,1.0,0.0,196.0,2011,0.0,0.0,0.0,0.0,0.0,0.0,4,0.0,0.0,0.0,Joel Dreessen,Steelers,TE
5141,0.0,0.0,0.0,1.0,0.0,0.0,4.0,0.0,121.0,2011,0.0,0.0,0.0,0.0,0.0,0.0,4,0.0,0.0,0.0,Billy Bajema,Redskins,TE
5142,0.0,0.0,0.0,0.0,0.0,0.0,4.0,0.0,81.0,2011,0.0,0.0,0.0,0.0,0.0,0.0,4,0.0,0.0,0.0,Luke Stocker,Colts,TE
5143,0.0,0.0,0.0,0.0,0.0,0.0,1.0,0.0,16.0,2011,0.0,0.0,0.0,0.0,0.0,0.0,4,0.0,0.0,0.0,Leonard Pope,Min,TE
5144,0.0,0.0,0.0,0.0,0.0,0.0,9.0,0.0,64.0,2011,0.0,0.0,0.0,0.0,0.0,0.0,4,0.0,0.0,0.0,John Phillips,Lions,TE
5145,0.0,0.0,0.0,0.0,0.0,0.0,1.0,0.0,4.0,2011,0.0,0.0,0.0,1.0,0.0,0.0,4,0.0,0.0,0.0,Michael Palmer,Seahawks,TE
5146,0.0,0.0,0.0,0.0,0.0,0.0,1.0,0.0,36.0,2011,0.0,0.0,0.0,0.0,0.0,0.0,4,0.0,0.0,0.0,Jake O'Connell,Min,TE
5147,0.0,0.0,0.0,0.0,0.0,0.0,1.0,0.0,64.0,2011,0.0,0.0,0.0,1.0,0.0,0.0,4,0.0,0.0,0.0,Jeron Mastrud,Chargers,TE
5148,0.0,0.0,0.0,0.0,0.0,0.0,1.0,0.0,9.0,2011,0.0,0.0,0.0,0.0,0.0,0.0,4,0.0,0.0,0.0,Jeff King,Giants,TE
5149,0.0,0.0,0.0,0.0,0.0,0.0,1.0,0.0,36.0,2011,0.0,0.0,0.0,1.0,0.0,0.0,4,0.0,0.0,0.0,David Johnson,Texans,TE
5150,0.0,0.0,0.0,0.0,0.0,0.0,1.0,0.0,64.0,2011,0.0,0.0,0.0,1.0,0.0,0.0,4,0.0,0.0,0.0,Virgil Green,Packers,TE
5151,0.0,0.0,0.0,0.0,0.0,0.0,1.0,0.0,4.0,2011,0.0,0.0,0.0,0.0,0.0,0.0,4,0.0,0.0,0.0,Richard Gordon,Patriots,TE
5152,0.0,0.0,0.0,0.0,0.0,0.0,1.0,0.0,81.0,2011,0.0,0.0,0.0,1.0,0.0,0.0,4,0.0,0.0,0.0,Anthony Fasano,Chargers,TE
5153,0.0,0.0,0.0,0.0,0.0,0.0,1.0,0.0,49.0,2011,0.0,0.0,0.0,1.0,0.0,0.0,4,0.0,0.0,0.0,Brody Eldridge,Buccaneers,TE
5154,0.0,0.0,0.0,0.0,0.0,0.0,1.0,0.0,16.0,2011,0.0,0.0,0.0,1.0,0.0,0.0,4,0.0,0.0,0.0,Chris Cooley,Rams,TE
5155,0.0,0.0,0.0,0.0,0.0,0.0,4.0,0.0,64.0,2011,0.0,0.0,0.0,1.0,0.0,0.0,4,0.0,0.0,0.0,Scott Chandler,Bengals,TE
5156,0.0,0.0,0.0,0.0,0.0,0.0,1.0,0.0,4.0,2011,0.0,0.0,0.0,0.0,0.0,0.0,4,0.0,0.0,0.0,Brent Celek,49ers,TE
5157,0.0,0.0,0.0,0.0,0.0,0.0,1.0,0.0,64.0,2011,0.0,0.0,0.0,0.0,0.0,0.0,4,0.0,0.0,0.0,James Casey,Steelers,TE
5158,0.0,0.0,0.0,289.0,0.0,0.0,25.0,0.0,12544.0,2011,1.0,0.0,0.0,0.0,0.0,0.0,5,0.0,0.0,0.0,Joel Dreessen,Raiders,TE
5159,0.0,0.0,0.0,225.0,0.0,0.0,9.0,0.0,1521.0,2011,4.0,0.0,0.0,0.0,0.0,9.0,5,1.0,0.0,0.0,Vernon Davis,Buccaneers,TE
5160,0.0,0.0,0.0,169.0,0.0,0.0,9.0,0.0,5184.0,2011,1.0,0.0,0.0,0.0,0.0,0.0,5,0.0,0.0,0.0,Jake Ballard,Seahawks,TE
5161,0.0,0.0,0.0,144.0,0.0,0.0,64.0,0.0,16641.0,2011,0.0,0.0,0.0,1.0,0.0,0.0,5,0.0,0.0,0.0,Jimmy Graham,Panthers,TE
5162,0.0,0.0,0.0,100.0,0.0,0.0,9.0,0.0,2116.0,2011,1.0,0.0,0.0,0.0,0.0,0.0,5,0.0,0.0,0.0,Heath Miller,Titans,TE
5163,0.0,0.0,0.0,81.0,0.0,0.0,4.0,0.0,1369.0,2011,1.0,0.0,0.0,0.0,0.0,0.0,5,0.0,0.0,0.0,Delanie Walker,Buccaneers,TE
5164,0.0,0.0,0.0,81.0,0.0,0.0,16.0,0.0,1521.0,2011,1.0,0.0,0.0,0.0,0.0,0.0,5,0.0,0.0,0.0,Brandon Pettigrew,Bears,TE
5165,0.0,0.0,0.0,64.0,0.0,0.0,9.0,0.0,441.0,2011,1.0,0.0,0.0,0.0,0.0,0.0,5,0.0,0.0,0.0,Greg Olsen,Saints,TE
5166,0.0,0.0,0.0,64.0,0.0,0.0,25.0,0.0,441.0,2011,1.0,0.0,0.0,1.0,0.0,0.0,5,0.0,0.0,0.0,Jermaine Gresham,Jaguars,TE
5167,0.0,0.0,0.0,64.0,0.0,0.0,9.0,0.0,625.0,2011,1.0,0.0,0.0,1.0,0.0,0.0,5,0.0,0.0,0.0,Kellen Davis,Lions,TE
5168,0.0,0.0,0.0,64.0,0.0,0.0,49.0,0.0,7921.0,2011,0.0,0.0,0.0,0.0,0.0,0.0,5,0.0,0.0,0.0,Owen Daniels,Raiders,TE
5169,0.0,0.0,0.0,36.0,0.0,0.0,4.0,0.0,25.0,2011,1.0,0.0,0.0,0.0,0.0,0.0,5,0.0,0.0,0.0,David Johnson,Titans,TE
5170,0.0,0.0,0.0,36.0,0.0,0.0,36.0,0.0,3600.0,2011,0.0,0.0,0.0,0.0,0.0,0.0,5,0.0,0.0,0.0,Tony Gonzalez,Packers,TE
5171,0.0,0.0,0.0,36.0,0.0,0.0,16.0,0.0,4489.0,2011,0.0,0.0,0.0,1.0,0.0,0.0,5,0.0,0.0,0.0,Jermichael Finley,Falcons,TE
5172,0.0,0.0,0.0,36.0,0.0,0.0,1.0,0.0,1.0,2011,1.0,0.0,0.0,1.0,0.0,0.0,5,1.0,0.0,0.0,Jed Collins,Panthers,TE
5173,0.0,0.0,0.0,25.0,0.0,0.0,25.0,0.0,2916.0,2011,0.0,0.0,0.0,1.0,0.0,0.0,5,0.0,0.0,0.0,Kellen Winslow,49ers,TE
5174,0.0,0.0,0.0,25.0,0.0,0.0,25.0,0.0,3136.0,2011,0.0,0.0,0.0,0.0,0.0,0.0,5,0.0,0.0,0.0,Aaron Hernandez,Jets,TE
5175,0.0,0.0,0.0,25.0,0.0,0.0,16.0,0.0,3481.0,2011,0.0,0.0,0.0,1.0,0.0,0.0,5,0.0,0.0,0.0,Jared Cook,Steelers,TE
5176,0.0,0.0,0.0,16.0,0.0,0.0,9.0,0.0,2209.0,2011,0.0,0.0,0.0,0.0,0.0,0.0,5,0.0,0.0,0.0,Daniel Fells,Chargers,TE
5177,0.0,0.0,0.0,9.0,0.0,0.0,1.0,0.0,1024.0,2011,0.0,0.0,0.0,1.0,0.0,0.0,5,0.0,0.0,0.0,Kory Sperry,Broncos,TE
5178,0.0,0.0,0.0,9.0,0.0,0.0,25.0,0.0,1225.0,2011,0.0,0.0,0.0,1.0,0.0,0.0,5,0.0,0.0,0.0,Jeff King,Min,TE
5179,0.0,0.0,0.0,9.0,0.0,0.0,16.0,0.0,961.0,2011,0.0,0.0,0.0,0.0,0.0,0.0,5,0.0,0.0,0.0,Rob Gronkowski,Jets,TE
5180,0.0,0.0,0.0,4.0,0.0,0.0,9.0,0.0,441.0,2011,0.0,0.0,0.0,0.0,0.0,0.0,5,0.0,0.0,0.0,Jeremy Shockey,Saints,TE
5181,0.0,0.0,0.0,4.0,0.0,0.0,1.0,0.0,400.0,2011,0.0,0.0,0.0,0.0,0.0,0.0,5,0.0,0.0,0.0,Visanthe Shiancoe,Cardinals,TE
5182,0.0,0.0,0.0,4.0,0.0,0.0,16.0,0.0,841.0,2011,0.0,0.0,0.0,1.0,0.0,0.0,5,0.0,0.0,0.0,Randy McMichael,Broncos,TE
5183,0.0,0.0,0.0,4.0,0.0,0.0,1.0,0.0,400.0,2011,0.0,0.0,0.0,1.0,0.0,0.0,5,0.0,0.0,0.0,Anthony McCoy,Giants,TE
5184,0.0,0.0,0.0,4.0,0.0,0.0,9.0,0.0,625.0,2011,0.0,0.0,0.0,1.0,0.0,0.0,5,0.0,0.0,0.0,Rob Housler,Min,TE
5185,0.0,0.0,0.0,1.0,0.0,0.0,1.0,0.0,144.0,2011,0.0,0.0,0.0,0.0,0.0,0.0,5,0.0,0.0,0.0,Tony Scheffler,Bears,TE
5186,0.0,0.0,0.0,1.0,0.0,0.0,1.0,0.0,100.0,2011,0.0,0.0,0.0,0.0,0.0,0.0,5,0.0,0.0,0.0,Dante Rosario,Chargers,TE
5187,0.0,0.0,0.0,1.0,0.0,0.0,1.0,0.0,289.0,2011,0.0,0.0,0.0,0.0,0.0,0.0,5,0.0,0.0,0.0,Bear Pascoe,Seahawks,TE
5188,0.0,0.0,0.0,1.0,0.0,0.0,1.0,0.0,225.0,2011,0.0,0.0,0.0,1.0,0.0,0.0,5,0.0,0.0,0.0,Tom Crabtree,Falcons,TE
5189,0.0,0.0,0.0,0.0,0.0,0.0,1.0,0.0,49.0,2011,0.0,0.0,0.0,1.0,0.0,0.0,5,0.0,0.0,0.0,D.J. Williams,Falcons,TE
5190,0.0,0.0,0.0,0.0,0.0,0.0,1.0,0.0,64.0,2011,0.0,0.0,0.0,1.0,0.0,0.0,5,0.0,0.0,0.0,Matt Spaeth,Lions,TE
5191,0.0,0.0,0.0,0.0,0.0,0.0,4.0,0.0,64.0,2011,0.0,0.0,0.0,1.0,0.0,0.0,5,0.0,0.0,0.0,Leonard Pope,Colts,TE
5192,0.0,0.0,0.0,0.0,0.0,0.0,1.0,0.0,16.0,2011,0.0,0.0,0.0,1.0,0.0,0.0,5,0.0,0.0,0.0,Matthew Mulligan,Patriots,TE
5193,0.0,0.0,0.0,0.0,0.0,0.0,1.0,0.0,36.0,2011,0.0,0.0,0.0,0.0,0.0,0.0,5,0.0,0.0,0.0,Marcedes Lewis,Bengals,TE
5194,0.0,0.0,0.0,0.0,0.0,0.0,1.0,0.0,49.0,2011,0.0,0.0,0.0,1.0,0.0,0.0,5,0.0,0.0,0.0,Dustin Keller,Patriots,TE
5195,0.0,0.0,0.0,0.0,0.0,0.0,1.0,0.0,1.0,2011,0.0,0.0,0.0,0.0,0.0,0.0,5,0.0,0.0,0.0,Will Heller,Bears,TE
5196,0.0,0.0,0.0,0.0,0.0,0.0,1.0,0.0,9.0,2011,0.0,0.0,0.0,1.0,0.0,0.0,5,0.0,0.0,0.0,Clay Harbor,Bills,TE
5197,0.0,0.0,0.0,0.0,0.0,0.0,1.0,0.0,49.0,2011,0.0,0.0,0.0,0.0,0.0,0.0,5,0.0,0.0,0.0,Dallas Clark,Chiefs,TE
5198,0.0,0.0,0.0,0.0,0.0,0.0,1.0,0.0,16.0,2011,0.0,0.0,0.0,0.0,0.0,0.0,5,0.0,0.0,0.0,Scott Chandler,Eagles,TE
5199,0.0,0.0,0.0,0.0,0.0,0.0,1.0,0.0,36.0,2011,0.0,0.0,0.0,1.0,0.0,0.0,5,0.0,0.0,0.0,Brent Celek,Bills,TE
5200,0.0,0.0,0.0,144.0,0.0,0.0,49.0,0.0,15376.0,2011,0.0,0.0,0.0,1.0,0.0,0.0,6,0.0,0.0,0.0,Jimmy Graham,Buccaneers,TE
5201,0.0,0.0,0.0,121.0,0.0,0.0,64.0,0.0,4624.0,2011,1.0,0.0,0.0,0.0,0.0,0.0,6,0.0,1.0,0.0,Aaron Hernandez,Cowboys,TE
5202,0.0,0.0,0.0,100.0,0.0,0.0,16.0,0.0,2304.0,2011,1.0,0.0,0.0,1.0,0.0,0.0,6,0.0,0.0,0.0,Jason Witten,Patriots,TE
5203,0.0,0.0,0.0,100.0,0.0,0.0,64.0,0.0,1764.0,2011,1.0,0.0,0.0,0.0,0.0,0.0,6,0.0,0.0,0.0,Brandon Pettigrew,49ers,TE
5204,0.0,0.0,0.0,100.0,0.0,0.0,36.0,0.0,2809.0,2011,1.0,0.0,0.0,1.0,0.0,0.0,6,0.0,1.0,0.0,Dallas Clark,Bengals,TE
5205,0.0,0.0,0.0,100.0,0.0,0.0,16.0,0.0,1764.0,2011,1.0,0.0,0.0,1.0,0.0,0.0,6,0.0,0.0,0.0,Brent Celek,Redskins,TE
5206,0.0,0.0,0.0,81.0,0.0,0.0,36.0,0.0,9025.0,2011,0.0,0.0,0.0,0.0,0.0,0.0,6,0.0,0.0,0.0,Fred Davis,Eagles,TE
5207,0.0,0.0,0.0,81.0,0.0,0.0,1.0,0.0,1225.0,2011,1.0,0.0,0.0,0.0,0.0,0.0,6,0.0,0.0,0.0,Kevin Boss,Browns,TE
5208,0.0,0.0,0.0,64.0,0.0,0.0,25.0,0.0,6561.0,2011,0.0,0.0,0.0,0.0,0.0,0.0,6,0.0,0.0,0.0,Jake Ballard,Bills,TE
5209,0.0,0.0,0.0,49.0,0.0,0.0,4.0,0.0,121.0,2011,1.0,0.0,0.0,1.0,0.0,0.0,6,0.0,0.0,0.0,Delanie Walker,Lions,TE
5210,0.0,0.0,0.0,49.0,0.0,0.0,4.0,0.0,196.0,2011,1.0,0.0,0.0,1.0,0.0,0.0,6,0.0,0.0,0.0,Alex Smith,Raiders,TE
5211,0.0,0.0,0.0,49.0,0.0,0.0,16.0,0.0,5041.0,2011,0.0,0.0,0.0,1.0,0.0,0.0,6,0.0,0.0,0.0,Lance Kendricks,Packers,TE
5212,0.0,0.0,0.0,49.0,0.0,0.0,49.0,0.0,5476.0,2011,0.0,0.0,0.0,0.0,0.0,0.0,6,0.0,0.0,0.0,Rob Gronkowski,Cowboys,TE
5213,0.0,0.0,0.0,36.0,0.0,0.0,16.0,0.0,3600.0,2011,0.0,0.0,0.0,1.0,0.0,0.0,6,0.0,0.0,0.0,Jeremy Shockey,Falcons,TE
5214,0.0,0.0,0.0,25.0,0.0,0.0,4.0,0.0,2601.0,2011,0.0,0.0,0.0,0.0,0.0,0.0,6,0.0,0.0,0.0,Dustin Keller,Dolphins,TE
5215,0.0,0.0,0.0,16.0,0.0,0.0,25.0,0.0,1600.0,2011,0.0,0.0,0.0,0.0,0.0,0.0,6,0.0,0.0,0.0,Kellen Winslow,Saints,TE
5216,0.0,0.0,0.0,16.0,0.0,0.0,25.0,0.0,2025.0,2011,0.0,0.0,0.0,1.0,0.0,0.0,6,0.0,0.0,0.0,Visanthe Shiancoe,Bears,TE
5217,0.0,0.0,0.0,16.0,0.0,0.0,25.0,0.0,1764.0,2011,0.0,0.0,0.0,1.0,0.0,0.0,6,0.0,0.0,0.0,Greg Olsen,Falcons,TE
5218,0.0,0.0,0.0,9.0,0.0,0.0,9.0,0.0,1225.0,2011,0.0,0.0,0.0,1.0,0.0,0.0,6,0.0,0.0,0.0,Benjamin Watson,Raiders,TE
5219,0.0,0.0,0.0,4.0,0.0,0.0,4.0,0.0,400.0,2011,0.0,0.0,0.0,1.0,0.0,0.0,6,0.0,0.0,0.0,Kyle Rudolph,Bears,TE
5220,0.0,0.0,0.0,4.0,0.0,0.0,16.0,0.0,729.0,2011,0.0,0.0,0.0,0.0,0.0,0.0,6,0.0,0.0,0.0,Heath Miller,Jaguars,TE
5221,0.0,0.0,0.0,4.0,0.0,0.0,4.0,0.0,841.0,2011,0.0,0.0,0.0,1.0,0.0,0.0,6,0.0,0.0,0.0,Marcedes Lewis,Steelers,TE
5222,0.0,0.0,0.0,4.0,0.0,0.0,16.0,0.0,529.0,2011,0.0,0.0,0.0,0.0,0.0,0.0,6,0.0,0.0,0.0,Jermaine Gresham,Colts,TE
5223,0.0,0.0,0.0,4.0,0.0,0.0,9.0,0.0,841.0,2011,0.0,0.0,0.0,0.0,0.0,0.0,6,0.0,0.0,0.0,Tony Gonzalez,Panthers,TE
5224,0.0,0.0,0.0,4.0,0.0,0.0,1.0,0.0,400.0,2011,0.0,0.0,0.0,0.0,0.0,0.0,6,0.0,0.0,0.0,Jermichael Finley,Rams,TE
5225,0.0,0.0,0.0,4.0,0.0,0.0,4.0,0.0,400.0,2011,0.0,0.0,0.0,0.0,0.0,0.0,6,0.0,0.0,0.0,Ed Dickson,Texans,TE
5226,0.0,0.0,0.0,4.0,0.0,0.0,4.0,0.0,729.0,2011,0.0,0.0,0.0,0.0,0.0,0.0,6,0.0,0.0,0.0,Kellen Davis,Min,TE
5227,0.0,0.0,0.0,1.0,0.0,0.0,4.0,0.0,289.0,2011,0.0,0.0,0.0,0.0,0.0,0.0,6,0.0,0.0,0.0,Bear Pascoe,Bills,TE
5228,0.0,0.0,0.0,1.0,0.0,0.0,9.0,0.0,256.0,2011,0.0,0.0,0.0,1.0,0.0,0.0,6,0.0,0.0,0.0,Evan Moore,Raiders,TE
5229,0.0,0.0,0.0,1.0,0.0,0.0,1.0,0.0,169.0,2011,0.0,0.0,0.0,1.0,0.0,0.0,6,0.0,0.0,0.0,Anthony Fasano,Jets,TE
5230,0.0,0.0,0.0,1.0,0.0,0.0,4.0,0.0,169.0,2011,0.0,0.0,0.0,1.0,0.0,0.0,6,0.0,0.0,0.0,Owen Daniels,Ravens,TE
5231,0.0,0.0,0.0,1.0,0.0,0.0,4.0,0.0,169.0,2011,0.0,0.0,0.0,1.0,0.0,0.0,6,0.0,0.0,0.0,Martellus Bennett,Patriots,TE
5232,0.0,0.0,0.0,0.0,0.0,0.0,1.0,0.0,1.0,2011,0.0,0.0,0.0,1.0,0.0,0.0,6,0.0,0.0,0.0,Jacob Tamme,Bengals,TE
5233,0.0,0.0,0.0,0.0,0.0,0.0,4.0,0.0,81.0,2011,0.0,0.0,0.0,0.0,0.0,0.0,6,0.0,0.0,0.0,Dennis Pitta,Texans,TE
5234,0.0,0.0,0.0,0.0,0.0,0.0,1.0,0.0,81.0,2011,0.0,0.0,0.0,0.0,0.0,0.0,6,0.0,0.0,0.0,Zack Pianalto,Saints,TE
5235,0.0,0.0,0.0,0.0,0.0,0.0,1.0,0.0,49.0,2011,0.0,0.0,0.0,1.0,0.0,0.0,6,0.0,0.0,0.0,John Phillips,Patriots,TE
5236,0.0,0.0,0.0,0.0,0.0,0.0,1.0,0.0,64.0,2011,0.0,0.0,0.0,0.0,0.0,0.0,6,0.0,0.0,0.0,Michael Palmer,Panthers,TE
5237,0.0,0.0,0.0,0.0,0.0,0.0,1.0,0.0,9.0,2011,0.0,0.0,0.0,0.0,0.0,0.0,6,0.0,0.0,0.0,Brandon Myers,Browns,TE
5238,0.0,0.0,0.0,0.0,0.0,0.0,1.0,0.0,4.0,2011,0.0,0.0,0.0,0.0,0.0,0.0,6,0.0,0.0,0.0,Donald Lee,Colts,TE
5239,0.0,0.0,0.0,0.0,0.0,0.0,1.0,0.0,16.0,2011,0.0,0.0,0.0,1.0,0.0,0.0,6,0.0,0.0,0.0,Jim Kleinsasser,Bears,TE
5240,0.0,0.0,0.0,0.0,0.0,0.0,1.0,0.0,49.0,2011,0.0,0.0,0.0,0.0,0.0,0.0,6,0.0,0.0,0.0,Reggie Kelly,Panthers,TE
5241,0.0,0.0,0.0,0.0,0.0,0.0,1.0,0.0,81.0,2011,0.0,0.0,0.0,0.0,0.0,0.0,6,0.0,0.0,0.0,Will Heller,49ers,TE
5242,0.0,0.0,0.0,0.0,0.0,0.0,4.0,0.0,64.0,2011,0.0,0.0,0.0,1.0,0.0,0.0,6,0.0,0.0,0.0,Vernon Davis,Lions,TE
5243,0.0,0.0,0.0,0.0,0.0,0.0,1.0,0.0,1.0,2011,0.0,0.0,0.0,0.0,0.0,0.0,6,0.0,0.0,0.0,Chris Cooley,Eagles,TE
5244,0.0,0.0,0.0,0.0,0.0,0.0,1.0,0.0,9.0,2011,0.0,0.0,0.0,1.0,0.0,0.0,6,0.0,0.0,0.0,Jed Collins,Buccaneers,TE
5245,0.0,0.0,0.0,0.0,0.0,0.0,1.0,0.0,9.0,2011,0.0,0.0,0.0,1.0,0.0,0.0,6,0.0,0.0,0.0,Scott Chandler,Giants,TE
5246,0.0,0.0,0.0,289.0,0.0,0.0,36.0,0.0,2916.0,2011,4.0,0.0,0.0,0.0,0.0,0.0,7,0.0,0.0,0.0,Jimmy Graham,Colts,TE
5247,0.0,0.0,0.0,196.0,0.0,0.0,36.0,0.0,6400.0,2011,1.0,0.0,0.0,1.0,0.0,0.0,7,0.0,0.0,0.0,Fred Davis,Panthers,TE
5248,0.0,0.0,0.0,121.0,0.0,0.0,16.0,0.0,3481.0,2011,1.0,0.0,0.0,1.0,0.0,36.0,7,1.0,0.0,0.0,Heath Miller,Cardinals,TE
5249,0.0,0.0,0.0,121.0,0.0,0.0,25.0,0.0,2916.0,2011,1.0,0.0,0.0,1.0,0.0,0.0,7,0.0,0.0,0.0,Antonio Gates,Jets,TE
5250,0.0,0.0,0.0,100.0,0.0,0.0,16.0,0.0,2025.0,2011,1.0,0.0,0.0,0.0,0.0,0.0,7,0.0,0.0,0.0,Visanthe Shiancoe,Packers,TE
5251,0.0,0.0,0.0,81.0,0.0,0.0,25.0,0.0,1225.0,2011,1.0,0.0,0.0,0.0,0.0,0.0,7,0.0,0.0,0.0,Jason Witten,Rams,TE
5252,0.0,0.0,0.0,81.0,0.0,0.0,4.0,0.0,961.0,2011,1.0,0.0,0.0,1.0,0.0,0.0,7,0.0,0.0,0.0,Daniel Fells,Dolphins,TE
5253,0.0,0.0,0.0,81.0,0.0,0.0,4.0,0.0,961.0,2011,1.0,0.0,0.0,1.0,0.0,0.0,7,0.0,0.0,0.0,Joel Dreessen,Titans,TE
5254,0.0,0.0,0.0,64.0,0.0,0.0,16.0,0.0,625.0,2011,1.0,0.0,0.0,0.0,0.0,0.0,7,0.0,0.0,0.0,Kellen Winslow,Bears,TE
5255,0.0,0.0,0.0,64.0,0.0,0.0,4.0,0.0,484.0,2011,1.0,0.0,0.0,0.0,0.0,0.0,7,0.0,0.0,0.0,Anthony Fasano,Broncos,TE
5256,0.0,0.0,0.0,64.0,0.0,0.0,4.0,0.0,484.0,2011,1.0,0.0,0.0,0.0,0.0,0.0,7,0.0,0.0,0.0,Jared Cook,Texans,TE
5257,0.0,0.0,0.0,49.0,0.0,0.0,4.0,0.0,169.0,2011,1.0,0.0,0.0,1.0,0.0,0.0,7,0.0,0.0,0.0,Jermichael Finley,Min,TE
5258,0.0,0.0,0.0,49.0,0.0,0.0,16.0,0.0,5041.0,2011,0.0,0.0,0.0,1.0,0.0,0.0,7,0.0,0.0,0.0,Owen Daniels,Titans,TE
5259,0.0,0.0,0.0,36.0,0.0,0.0,25.0,0.0,3844.0,2011,0.0,0.0,0.0,1.0,0.0,0.0,7,0.0,0.0,0.0,Tony Gonzalez,Lions,TE
5260,0.0,1.0,0.0,36.0,0.0,0.0,0.0,0.0,0.0,2011,0.0,0.0,0.0,0.0,0.0,1.0,7,1.0,0.0,0.0,Jed Collins,Colts,TE
5261,0.0,0.0,0.0,16.0,0.0,0.0,4.0,0.0,2304.0,2011,0.0,0.0,0.0,1.0,0.0,0.0,7,0.0,0.0,0.0,Logan Paulsen,Panthers,TE
5262,0.0,0.0,0.0,16.0,0.0,0.0,9.0,0.0,2025.0,2011,0.0,0.0,0.0,1.0,0.0,0.0,7,0.0,0.0,0.0,Randy McMichael,Jets,TE
5263,0.0,0.0,0.0,16.0,0.0,0.0,16.0,0.0,2809.0,2011,0.0,0.0,0.0,0.0,0.0,0.0,7,0.0,1.0,0.0,Dustin Keller,Chargers,TE
5264,0.0,0.0,0.0,16.0,0.0,0.0,9.0,0.0,1936.0,2011,0.0,0.0,0.0,1.0,0.0,0.0,7,0.0,0.0,0.0,Michael Hoomanawanui,Cowboys,TE
5265,0.0,0.0,0.0,9.0,0.0,0.0,16.0,0.0,1024.0,2011,0.0,0.0,0.0,0.0,0.0,0.0,7,0.0,0.0,0.0,Jeremy Shockey,Redskins,TE
5266,0.0,0.0,0.0,9.0,0.0,0.0,16.0,0.0,961.0,2011,0.0,0.0,0.0,0.0,0.0,0.0,7,0.0,0.0,0.0,Brandon Pettigrew,Falcons,TE
5267,0.0,0.0,0.0,9.0,0.0,0.0,16.0,0.0,1225.0,2011,0.0,0.0,0.0,0.0,0.0,0.0,7,0.0,0.0,0.0,Evan Moore,Seahawks,TE
5268,0.0,0.0,0.0,4.0,0.0,0.0,1.0,0.0,441.0,2011,0.0,0.0,0.0,1.0,0.0,0.0,7,0.0,0.0,0.0,Andrew Quarless,Min,TE
5269,0.0,0.0,0.0,4.0,0.0,0.0,4.0,0.0,784.0,2011,0.0,0.0,0.0,0.0,0.0,0.0,7,0.0,0.0,0.0,Rob Housler,Steelers,TE
5270,0.0,0.0,0.0,4.0,0.0,0.0,16.0,0.0,529.0,2011,0.0,0.0,0.0,1.0,0.0,0.0,7,0.0,0.0,0.0,Ed Dickson,Jaguars,TE
5271,0.0,0.0,0.0,4.0,0.0,0.0,1.0,0.0,841.0,2011,0.0,0.0,0.0,0.0,0.0,0.0,7,0.0,0.0,0.0,Charles Clay,Broncos,TE
5272,0.0,0.0,0.0,4.0,0.0,0.0,4.0,0.0,400.0,2011,0.0,0.0,0.0,1.0,0.0,0.0,7,0.0,0.0,0.0,Billy Bajema,Cowboys,TE
5273,0.0,0.0,0.0,1.0,0.0,0.0,4.0,0.0,196.0,2011,0.0,0.0,0.0,0.0,0.0,0.0,7,0.0,0.0,0.0,Luke Stocker,Bears,TE
5274,0.0,0.0,0.0,1.0,0.0,0.0,1.0,0.0,121.0,2011,0.0,0.0,0.0,0.0,0.0,0.0,7,0.0,0.0,0.0,Craig Stevens,Texans,TE
5275,0.0,0.0,0.0,1.0,0.0,0.0,1.0,0.0,169.0,2011,0.0,0.0,0.0,0.0,0.0,0.0,7,0.0,0.0,0.0,Alex Smith,Seahawks,TE
5276,0.0,0.0,0.0,1.0,0.0,0.0,4.0,0.0,225.0,2011,0.0,0.0,0.0,0.0,0.0,0.0,7,0.0,0.0,0.0,Tony Scheffler,Falcons,TE
5277,0.0,0.0,0.0,1.0,0.0,0.0,9.0,0.0,169.0,2011,0.0,0.0,0.0,1.0,0.0,0.0,7,0.0,0.0,0.0,Dennis Pitta,Jaguars,TE
5278,0.0,0.0,0.0,1.0,0.0,0.0,4.0,0.0,324.0,2011,0.0,0.0,0.0,1.0,0.0,0.0,7,0.0,0.0,0.0,Cameron Morrah,Browns,TE
5279,0.0,0.0,0.0,1.0,0.0,0.0,4.0,0.0,100.0,2011,0.0,0.0,0.0,1.0,0.0,0.0,7,0.0,0.0,0.0,Anthony McCoy,Browns,TE
5280,0.0,0.0,0.0,1.0,0.0,0.0,1.0,0.0,169.0,2011,0.0,0.0,0.0,0.0,0.0,0.0,7,0.0,0.0,0.0,Marcedes Lewis,Ravens,TE
5281,0.0,0.0,0.0,1.0,0.0,0.0,1.0,0.0,100.0,2011,0.0,0.0,0.0,0.0,0.0,0.0,7,0.0,0.0,0.0,Jeff King,Steelers,TE
5282,0.0,0.0,0.0,1.0,0.0,0.0,4.0,0.0,144.0,2011,0.0,0.0,0.0,1.0,0.0,0.0,7,0.0,0.0,0.0,Brody Eldridge,Saints,TE
5283,0.0,0.0,0.0,1.0,0.0,0.0,1.0,0.0,121.0,2011,0.0,0.0,0.0,0.0,0.0,0.0,7,0.0,0.0,0.0,Kevin Boss,Chiefs,TE
5284,0.0,0.0,0.0,0.0,0.0,0.0,1.0,0.0,25.0,2011,0.0,0.0,0.0,0.0,0.0,0.0,7,0.0,0.0,0.0,Benjamin Watson,Seahawks,TE
5285,0.0,0.0,0.0,0.0,0.0,0.0,1.0,0.0,64.0,2011,0.0,0.0,0.0,1.0,0.0,0.0,7,0.0,0.0,0.0,Michael Palmer,Lions,TE
5286,0.0,0.0,0.0,0.0,0.0,0.0,1.0,0.0,16.0,2011,0.0,0.0,0.0,0.0,0.0,0.0,7,0.0,0.0,0.0,Greg Olsen,Redskins,TE
5287,0.0,0.0,0.0,0.0,0.0,0.0,1.0,0.0,36.0,2011,0.0,0.0,0.0,1.0,0.0,0.0,7,0.0,0.0,0.0,Jake O'Connell,Raiders,TE
5288,0.0,0.0,0.0,0.0,0.0,0.0,1.0,0.0,81.0,2011,0.0,0.0,0.0,0.0,0.0,0.0,7,0.0,0.0,0.0,Brandon Myers,Chiefs,TE
5289,0.0,0.0,0.0,0.0,0.0,0.0,1.0,0.0,64.0,2011,0.0,0.0,0.0,0.0,0.0,0.0,7,0.0,0.0,0.0,Will Heller,Falcons,TE
5290,0.0,0.0,0.0,225.0,0.0,0.0,4.0,0.0,1225.0,2011,4.0,0.0,0.0,0.0,0.0,0.0,8,0.0,0.0,0.0,Scott Chandler,Redskins,TE
5291,0.0,0.0,0.0,225.0,0.0,0.0,49.0,0.0,8836.0,2011,1.0,0.0,0.0,0.0,0.0,0.0,8,0.0,0.0,0.0,Brent Celek,Cowboys,TE
5292,0.0,0.0,0.0,169.0,0.0,0.0,16.0,0.0,5329.0,2011,1.0,0.0,0.0,0.0,0.0,0.0,8,0.0,0.0,0.0,Greg Olsen,Min,TE
5293,0.0,0.0,0.0,81.0,0.0,0.0,9.0,0.0,1444.0,2011,1.0,0.0,0.0,1.0,0.0,0.0,8,0.0,0.0,0.0,Tony Scheffler,Broncos,TE
5294,0.0,0.0,0.0,81.0,0.0,0.0,49.0,0.0,8836.0,2011,0.0,0.0,0.0,1.0,0.0,0.0,8,0.0,0.0,0.0,Rob Gronkowski,Steelers,TE
5295,0.0,0.0,0.0,81.0,0.0,0.0,64.0,0.0,8836.0,2011,0.0,0.0,0.0,1.0,0.0,0.0,8,0.0,0.0,0.0,Fred Davis,Bills,TE
5296,0.0,0.0,0.0,64.0,0.0,0.0,49.0,0.0,7225.0,2011,0.0,0.0,0.0,0.0,0.0,0.0,8,0.0,0.0,0.0,Heath Miller,Patriots,TE
5297,0.0,0.0,0.0,49.0,0.0,0.0,16.0,0.0,5329.0,2011,0.0,0.0,0.0,1.0,0.0,0.0,8,0.0,0.0,0.0,Antonio Gates,Chiefs,TE
5298,0.0,0.0,0.0,49.0,0.0,0.0,4.0,0.0,361.0,2011,1.0,0.0,0.0,0.0,0.0,0.0,8,0.0,0.0,0.0,Joel Dreessen,Jaguars,TE
5299,0.0,0.0,0.0,49.0,0.0,0.0,36.0,0.0,5929.0,2011,0.0,0.0,0.0,1.0,0.0,0.0,8,0.0,0.0,0.0,Dallas Clark,Titans,TE
5300,0.0,0.0,0.0,36.0,0.0,0.0,9.0,0.0,4096.0,2011,0.0,0.0,0.0,1.0,0.0,0.0,8,0.0,0.0,0.0,Benjamin Watson,49ers,TE
5301,0.0,0.0,0.0,36.0,0.0,0.0,1.0,0.0,1.0,2011,1.0,0.0,0.0,0.0,0.0,0.0,8,0.0,0.0,0.0,Jeremy Shockey,Min,TE
5302,0.0,0.0,0.0,36.0,0.0,0.0,4.0,0.0,81.0,2011,1.0,0.0,0.0,1.0,0.0,4.0,8,1.0,0.0,0.0,Aaron Hernandez,Steelers,TE
5303,0.0,0.0,0.0,36.0,0.0,0.0,16.0,0.0,3600.0,2011,0.0,0.0,0.0,0.0,0.0,0.0,8,0.0,0.0,0.0,Owen Daniels,Jaguars,TE
5304,0.0,0.0,0.0,25.0,0.0,0.0,16.0,0.0,3025.0,2011,0.0,0.0,0.0,0.0,0.0,0.0,8,0.0,0.0,0.0,Jake Ballard,Dolphins,TE
5305,0.0,0.0,0.0,16.0,0.0,0.0,36.0,0.0,1936.0,2011,0.0,0.0,0.0,0.0,0.0,0.0,8,0.0,0.0,0.0,Dennis Pitta,Cardinals,TE
5306,0.0,0.0,0.0,16.0,0.0,0.0,16.0,0.0,2025.0,2011,0.0,0.0,0.0,1.0,0.0,0.0,8,0.0,0.0,0.0,Marcedes Lewis,Texans,TE
5307,0.0,0.0,0.0,16.0,0.0,0.0,9.0,0.0,1936.0,2011,0.0,0.0,0.0,1.0,0.0,0.0,8,0.0,0.0,0.0,Donald Lee,Seahawks,TE
5308,0.0,0.0,0.0,16.0,0.0,0.0,36.0,0.0,2116.0,2011,0.0,0.0,0.0,0.0,0.0,0.0,8,0.0,0.0,0.0,Ed Dickson,Cardinals,TE
5309,0.0,0.0,0.0,16.0,0.0,0.0,4.0,0.0,1600.0,2011,0.0,0.0,0.0,0.0,0.0,0.0,8,0.0,0.0,0.0,Jared Cook,Colts,TE
5310,0.0,0.0,0.0,9.0,0.0,0.0,9.0,0.0,1369.0,2011,0.0,0.0,0.0,1.0,0.0,0.0,8,0.0,0.0,0.0,Visanthe Shiancoe,Panthers,TE
5311,0.0,0.0,0.0,9.0,0.0,0.0,9.0,0.0,1369.0,2011,0.0,0.0,0.0,0.0,0.0,0.0,8,0.0,0.0,0.0,Zach Miller,Bengals,TE
5312,0.0,0.0,0.0,9.0,0.0,0.0,16.0,0.0,1521.0,2011,0.0,0.0,0.0,1.0,0.0,0.0,8,0.0,0.0,0.0,Jimmy Graham,Rams,TE
5313,0.0,0.0,0.0,4.0,0.0,0.0,16.0,0.0,784.0,2011,0.0,0.0,0.0,1.0,0.0,0.0,8,0.0,0.0,0.0,Jason Witten,Eagles,TE
5314,0.0,0.0,0.0,4.0,0.0,0.0,1.0,0.0,400.0,2011,0.0,0.0,0.0,1.0,0.0,0.0,8,0.0,0.0,0.0,Alex Smith,49ers,TE
5315,0.0,0.0,0.0,4.0,0.0,0.0,1.0,0.0,484.0,2011,0.0,0.0,0.0,0.0,0.0,0.0,8,0.0,0.0,0.0,Bear Pascoe,Dolphins,TE
5316,0.0,0.0,0.0,4.0,0.0,0.0,4.0,0.0,441.0,2011,0.0,0.0,0.0,0.0,0.0,0.0,8,0.0,0.0,0.0,Cameron Morrah,Bengals,TE
5317,0.0,0.0,0.0,4.0,0.0,0.0,9.0,0.0,841.0,2011,0.0,0.0,0.0,1.0,0.0,0.0,8,0.0,0.0,0.0,Jeff King,Ravens,TE
5318,0.0,0.0,0.0,4.0,0.0,0.0,9.0,0.0,729.0,2011,0.0,0.0,0.0,0.0,0.0,0.0,8,0.0,0.0,0.0,Vernon Davis,Browns,TE
5319,0.0,0.0,0.0,1.0,0.0,0.0,4.0,0.0,225.0,2011,0.0,0.0,0.0,1.0,0.0,0.0,8,0.0,0.0,0.0,Kyle Rudolph,Panthers,TE
5320,0.0,0.0,0.0,1.0,0.0,0.0,1.0,0.0,121.0,2011,0.0,0.0,0.0,0.0,0.0,0.0,8,0.0,0.0,0.0,Leonard Pope,Chargers,TE
5321,0.0,0.0,0.0,1.0,0.0,0.0,1.0,0.0,361.0,2011,0.0,0.0,0.0,0.0,0.0,0.0,8,0.0,0.0,0.0,Justin Peelle,Browns,TE
5322,0.0,0.0,0.0,1.0,0.0,0.0,4.0,0.0,289.0,2011,0.0,0.0,0.0,1.0,0.0,0.0,8,0.0,0.0,0.0,Evan Moore,49ers,TE
5323,0.0,0.0,0.0,1.0,0.0,0.0,4.0,0.0,121.0,2011,0.0,0.0,0.0,1.0,0.0,0.0,8,0.0,0.0,0.0,Randy McMichael,Chiefs,TE
5324,0.0,0.0,0.0,1.0,0.0,0.0,1.0,0.0,121.0,2011,0.0,0.0,0.0,0.0,0.0,0.0,8,0.0,0.0,0.0,Clay Harbor,Cowboys,TE
5325,0.0,0.0,0.0,1.0,0.0,0.0,9.0,0.0,225.0,2011,0.0,0.0,0.0,1.0,0.0,0.0,8,0.0,0.0,0.0,Jed Collins,Rams,TE
5326,0.0,0.0,0.0,1.0,0.0,0.0,1.0,0.0,256.0,2011,0.0,0.0,0.0,1.0,0.0,0.0,8,0.0,0.0,0.0,Charles Clay,Giants,TE
5327,0.0,0.0,0.0,0.0,0.0,0.0,1.0,0.0,49.0,2011,0.0,0.0,0.0,0.0,0.0,0.0,8,0.0,0.0,0.0,Dante Rosario,Lions,TE
5328,0.0,0.0,0.0,0.0,0.0,0.0,9.0,0.0,64.0,2011,0.0,0.0,0.0,1.0,0.0,0.0,8,0.0,0.0,0.0,Brandon Pettigrew,Broncos,TE
5329,0.0,0.0,0.0,0.0,0.0,0.0,1.0,0.0,4.0,2011,0.0,0.0,0.0,0.0,0.0,0.0,8,0.0,0.0,0.0,Lance Kendricks,Saints,TE
5330,0.0,0.0,0.0,0.0,0.0,0.0,1.0,0.0,49.0,2011,0.0,0.0,0.0,0.0,0.0,0.0,8,0.0,0.0,0.0,David Johnson,Patriots,TE
5331,0.0,0.0,0.0,0.0,0.0,0.0,1.0,0.0,9.0,2011,0.0,0.0,0.0,1.0,0.0,0.0,8,0.0,0.0,0.0,Rob Housler,Ravens,TE
5332,0.0,0.0,0.0,0.0,0.0,0.0,1.0,0.0,25.0,2011,0.0,0.0,0.0,0.0,0.0,0.0,8,0.0,0.0,0.0,Daniel Fells,Lions,TE
5333,0.0,0.0,0.0,0.0,0.0,0.0,1.0,0.0,49.0,2011,0.0,0.0,0.0,0.0,0.0,0.0,8,0.0,0.0,0.0,Billy Bajema,Saints,TE
5334,0.0,0.0,0.0,256.0,0.0,0.0,64.0,0.0,10201.0,2011,1.0,0.0,0.0,0.0,0.0,0.0,9,0.0,0.0,0.0,Rob Gronkowski,Giants,TE
5335,0.0,0.0,0.0,225.0,0.0,0.0,64.0,0.0,9216.0,2011,1.0,0.0,0.0,0.0,0.0,0.0,9,0.0,0.0,0.0,Antonio Gates,Packers,TE
5336,0.0,0.0,0.0,225.0,0.0,0.0,4.0,0.0,1444.0,2011,4.0,0.0,0.0,1.0,0.0,0.0,9,0.0,0.0,0.0,Anthony Fasano,Chiefs,TE
5337,0.0,0.0,0.0,169.0,0.0,0.0,16.0,0.0,5041.0,2011,1.0,0.0,0.0,0.0,0.0,0.0,9,0.0,0.0,0.0,Jason Witten,Seahawks,TE
5338,0.0,0.0,0.0,144.0,0.0,0.0,16.0,0.0,4489.0,2011,1.0,0.0,0.0,1.0,0.0,0.0,9,0.0,0.0,0.0,Jake Ballard,Patriots,TE
5339,0.0,0.0,0.0,100.0,0.0,0.0,25.0,0.0,1936.0,2011,1.0,0.0,0.0,1.0,0.0,0.0,9,0.0,0.0,0.0,Jermichael Finley,Chargers,TE
5340,0.0,0.0,0.0,81.0,0.0,0.0,16.0,0.0,1225.0,2011,1.0,0.0,0.0,0.0,0.0,0.0,9,0.0,0.0,0.0,Aaron Hernandez,Giants,TE
5341,0.0,0.0,0.0,81.0,0.0,0.0,16.0,0.0,1296.0,2011,1.0,0.0,0.0,1.0,0.0,0.0,9,0.0,0.0,0.0,Tony Gonzalez,Colts,TE
5342,0.0,0.0,0.0,64.0,0.0,0.0,16.0,0.0,841.0,2011,1.0,0.0,0.0,1.0,0.0,0.0,9,0.0,0.0,0.0,Kellen Winslow,Saints,TE
5343,0.0,0.0,0.0,49.0,0.0,0.0,4.0,0.0,169.0,2011,1.0,0.0,0.0,1.0,0.0,0.0,9,0.0,0.0,0.0,Matt Spaeth,Eagles,TE
5344,0.0,0.0,0.0,49.0,0.0,0.0,25.0,0.0,5329.0,2011,0.0,0.0,0.0,0.0,0.0,0.0,9,0.0,0.0,0.0,Heath Miller,Ravens,TE
5345,0.0,0.0,0.0,49.0,0.0,0.0,36.0,0.0,6084.0,2011,0.0,0.0,0.0,0.0,0.0,0.0,9,0.0,0.0,0.0,Jimmy Graham,Buccaneers,TE
5346,0.0,0.0,0.0,36.0,0.0,0.0,16.0,0.0,4096.0,2011,0.0,0.0,0.0,1.0,0.0,0.0,9,0.0,0.0,0.0,Dustin Keller,Bills,TE
5347,0.0,0.0,0.0,36.0,0.0,0.0,4.0,0.0,49.0,2011,1.0,0.0,0.0,1.0,0.0,0.0,9,0.0,0.0,0.0,Colin Cochart,Titans,TE
5348,0.0,0.0,0.0,36.0,0.0,0.0,49.0,0.0,3600.0,2011,0.0,0.0,0.0,0.0,0.0,0.0,9,0.0,0.0,0.0,Brent Celek,Bears,TE
5349,0.0,0.0,0.0,25.0,0.0,0.0,9.0,0.0,2500.0,2011,0.0,0.0,0.0,1.0,0.0,0.0,9,0.0,0.0,0.0,Charles Clay,Chiefs,TE
5350,0.0,0.0,0.0,16.0,0.0,0.0,25.0,0.0,2116.0,2011,0.0,0.0,0.0,1.0,0.0,0.0,9,0.0,0.0,0.0,Dennis Pitta,Steelers,TE
5351,0.0,0.0,0.0,16.0,0.0,0.0,4.0,0.0,1936.0,2011,0.0,0.0,0.0,1.0,0.0,0.0,9,0.0,0.0,0.0,Anthony McCoy,Cowboys,TE
5352,0.0,0.0,0.0,16.0,0.0,0.0,9.0,0.0,2401.0,2011,0.0,0.0,0.0,1.0,0.0,0.0,9,0.0,0.0,0.0,Donald Lee,Titans,TE
5353,0.0,0.0,0.0,16.0,0.0,0.0,16.0,0.0,1764.0,2011,0.0,0.0,0.0,0.0,0.0,0.0,9,0.0,0.0,0.0,Fred Davis,49ers,TE
5354,0.0,0.0,0.0,9.0,0.0,0.0,16.0,0.0,1681.0,2011,0.0,0.0,0.0,1.0,0.0,0.0,9,0.0,1.0,0.0,Vernon Davis,Redskins,TE
5355,0.0,0.0,0.0,9.0,0.0,0.0,9.0,0.0,1024.0,2011,0.0,0.0,0.0,0.0,0.0,0.0,9,0.0,0.0,0.0,Owen Daniels,Browns,TE
5356,0.0,0.0,0.0,9.0,0.0,0.0,16.0,0.0,2209.0,2011,0.0,0.0,0.0,0.0,0.0,0.0,9,0.0,1.0,0.0,Jared Cook,Bengals,TE
5357,0.0,0.0,0.0,4.0,0.0,0.0,4.0,0.0,676.0,2011,0.0,0.0,0.0,1.0,0.0,0.0,9,0.0,0.0,0.0,Benjamin Watson,Texans,TE
5358,0.0,0.0,0.0,4.0,0.0,0.0,1.0,0.0,625.0,2011,0.0,0.0,0.0,0.0,0.0,0.0,9,0.0,0.0,0.0,Craig Stevens,Bengals,TE
5359,0.0,0.0,0.0,4.0,0.0,0.0,4.0,0.0,576.0,2011,0.0,0.0,0.0,1.0,0.0,0.0,9,0.0,0.0,0.0,Zack Pianalto,Saints,TE
5360,0.0,0.0,0.0,4.0,0.0,0.0,1.0,0.0,625.0,2011,0.0,0.0,0.0,0.0,0.0,0.0,9,0.0,0.0,0.0,David Johnson,Ravens,TE
5361,0.0,0.0,0.0,4.0,0.0,0.0,4.0,0.0,729.0,2011,0.0,0.0,0.0,0.0,0.0,0.0,9,0.0,0.0,0.0,Joel Dreessen,Browns,TE
5362,0.0,0.0,0.0,4.0,0.0,0.0,4.0,0.0,625.0,2011,0.0,0.0,0.0,0.0,0.0,0.0,9,0.0,0.0,0.0,Jim Dray,Rams,TE
5363,0.0,0.0,0.0,4.0,0.0,0.0,4.0,0.0,441.0,2011,0.0,0.0,0.0,0.0,0.0,0.0,9,0.0,0.0,0.0,Dallas Clark,Falcons,TE
5364,0.0,0.0,0.0,4.0,0.0,0.0,9.0,0.0,576.0,2011,0.0,0.0,0.0,0.0,0.0,0.0,9,0.0,0.0,0.0,Scott Chandler,Jets,TE
5365,0.0,0.0,0.0,1.0,0.0,0.0,4.0,0.0,225.0,2011,0.0,0.0,0.0,1.0,0.0,9.0,9,1.0,0.0,0.0,Delanie Walker,Redskins,TE
5366,0.0,0.0,0.0,1.0,0.0,0.0,1.0,0.0,169.0,2011,0.0,0.0,0.0,1.0,0.0,0.0,9,0.0,0.0,0.0,Dante Rosario,Raiders,TE
5367,0.0,0.0,0.0,1.0,0.0,0.0,1.0,0.0,121.0,2011,0.0,0.0,0.0,0.0,0.0,0.0,9,0.0,0.0,0.0,Brandon Myers,Broncos,TE
5368,0.0,0.0,0.0,1.0,0.0,0.0,4.0,0.0,121.0,2011,0.0,0.0,0.0,1.0,0.0,0.0,9,0.0,0.0,0.0,Evan Moore,Texans,TE
5369,0.0,0.0,0.0,0.0,0.0,0.0,1.0,0.0,16.0,2011,0.0,0.0,0.0,0.0,0.0,0.0,9,0.0,0.0,0.0,David Thomas,Buccaneers,TE
5370,0.0,0.0,0.0,0.0,0.0,0.0,4.0,0.0,36.0,2011,0.0,0.0,0.0,0.0,0.0,0.0,9,0.0,0.0,0.0,Jacob Tamme,Falcons,TE
5371,0.0,0.0,0.0,0.0,0.0,0.0,1.0,0.0,81.0,2011,0.0,0.0,0.0,0.0,0.0,0.0,9,0.0,0.0,0.0,Leonard Pope,Dolphins,TE
5372,0.0,0.0,0.0,0.0,0.0,0.0,1.0,0.0,49.0,2011,0.0,0.0,0.0,1.0,0.0,0.0,9,0.0,0.0,0.0,Bear Pascoe,Patriots,TE
5373,0.0,0.0,0.0,0.0,0.0,0.0,1.0,0.0,81.0,2011,0.0,0.0,0.0,1.0,0.0,0.0,9,0.0,0.0,0.0,Michael Palmer,Colts,TE
5374,0.0,0.0,0.0,0.0,0.0,0.0,1.0,0.0,9.0,2011,0.0,0.0,0.0,0.0,0.0,0.0,9,0.0,0.0,0.0,Jake O'Connell,Dolphins,TE
5375,0.0,0.0,0.0,0.0,0.0,0.0,1.0,0.0,9.0,2011,0.0,0.0,0.0,0.0,0.0,0.0,9,0.0,0.0,0.0,Randy McMichael,Packers,TE
5376,0.0,0.0,0.0,0.0,0.0,0.0,1.0,0.0,49.0,2011,0.0,0.0,0.0,1.0,0.0,0.0,9,0.0,0.0,0.0,Lance Kendricks,Cardinals,TE
5377,0.0,0.0,0.0,0.0,0.0,0.0,1.0,0.0,64.0,2011,0.0,0.0,0.0,0.0,0.0,0.0,9,0.0,0.0,0.0,Clay Harbor,Bears,TE
5378,0.0,0.0,0.0,0.0,0.0,0.0,1.0,0.0,81.0,2011,0.0,0.0,0.0,0.0,0.0,0.0,9,0.0,0.0,0.0,John Gilmore,Buccaneers,TE
5379,0.0,0.0,0.0,0.0,0.0,0.0,1.0,0.0,36.0,2011,0.0,0.0,0.0,1.0,0.0,0.0,9,0.0,0.0,0.0,Daniel Fells,Raiders,TE
5380,0.0,0.0,0.0,0.0,0.0,0.0,1.0,0.0,36.0,2011,0.0,0.0,0.0,0.0,0.0,0.0,9,0.0,0.0,0.0,Brody Eldridge,Falcons,TE
5381,0.0,0.0,0.0,0.0,0.0,0.0,4.0,0.0,64.0,2011,0.0,0.0,0.0,1.0,0.0,0.0,9,0.0,0.0,0.0,Ed Dickson,Steelers,TE
5382,0.0,0.0,0.0,0.0,0.0,0.0,1.0,0.0,1.0,2011,0.0,0.0,0.0,1.0,0.0,0.0,9,0.0,0.0,0.0,Kellen Davis,Eagles,TE
5383,0.0,0.0,0.0,0.0,0.0,0.0,1.0,0.0,1.0,2011,0.0,0.0,0.0,0.0,0.0,0.0,9,0.0,0.0,0.0,James Casey,Browns,TE
5384,0.0,0.0,0.0,0.0,0.0,0.0,1.0,0.0,49.0,2011,0.0,0.0,0.0,1.0,0.0,0.0,9,0.0,0.0,0.0,Jordan Cameron,Texans,TE
5385,0.0,0.0,0.0,0.0,0.0,0.0,1.0,0.0,25.0,2011,0.0,0.0,0.0,1.0,0.0,0.0,9,0.0,0.0,0.0,Josh Baker,Bills,TE
5386,0.0,0.0,0.0,529.0,0.0,0.0,64.0,0.0,12769.0,2011,4.0,0.0,0.0,1.0,0.0,0.0,10,0.0,0.0,0.0,Rob Gronkowski,Jets,TE
5387,0.0,0.0,0.0,361.0,0.0,0.0,100.0,0.0,6241.0,2011,4.0,0.0,0.0,1.0,0.0,0.0,10,0.0,0.0,0.0,Ed Dickson,Seahawks,TE
5388,0.0,0.0,0.0,196.0,0.0,0.0,49.0,0.0,6724.0,2011,1.0,0.0,0.0,1.0,0.0,0.0,10,0.0,0.0,0.0,Jimmy Graham,Falcons,TE
5389,0.0,0.0,0.0,169.0,0.0,0.0,36.0,0.0,5041.0,2011,1.0,0.0,0.0,0.0,0.0,0.0,10,0.0,0.0,0.0,Tony Gonzalez,Saints,TE
5390,0.0,0.0,0.0,100.0,0.0,0.0,9.0,0.0,1600.0,2011,1.0,0.0,0.0,0.0,0.0,0.0,10,0.0,0.0,0.0,Vernon Davis,Giants,TE
5391,0.0,0.0,0.0,81.0,0.0,0.0,9.0,0.0,1369.0,2011,1.0,0.0,0.0,1.0,0.0,0.0,10,0.0,0.0,0.0,Tony Scheffler,Bears,TE
5392,0.0,0.0,0.0,64.0,0.0,0.0,16.0,0.0,529.0,2011,1.0,0.0,0.0,0.0,0.0,0.0,10,0.0,0.0,0.0,Jermaine Gresham,Steelers,TE
5393,0.0,0.0,0.0,49.0,0.0,0.0,36.0,0.0,5625.0,2011,0.0,0.0,0.0,0.0,0.0,0.0,10,0.0,0.0,0.0,Jacob Tamme,Jaguars,TE
5394,0.0,0.0,0.0,36.0,0.0,0.0,36.0,0.0,4761.0,2011,0.0,0.0,0.0,0.0,0.0,0.0,10,0.0,0.0,0.0,Delanie Walker,Giants,TE
5395,0.0,0.0,0.0,36.0,0.0,0.0,9.0,0.0,4489.0,2011,0.0,0.0,0.0,0.0,0.0,0.0,10,0.0,0.0,0.0,Jermichael Finley,Min,TE
5396,0.0,0.0,0.0,36.0,0.0,0.0,9.0,0.0,3600.0,2011,0.0,0.0,0.0,0.0,0.0,0.0,10,0.0,0.0,0.0,Anthony Fasano,Redskins,TE
5397,0.0,0.0,0.0,25.0,0.0,0.0,25.0,0.0,2916.0,2011,0.0,0.0,0.0,0.0,0.0,0.0,10,0.0,0.0,0.0,Antonio Gates,Raiders,TE
5398,0.0,0.0,0.0,25.0,0.0,0.0,16.0,0.0,2809.0,2011,0.0,0.0,0.0,0.0,0.0,0.0,10,0.0,0.0,0.0,Brent Celek,Cardinals,TE
5399,0.0,0.0,0.0,16.0,0.0,0.0,16.0,0.0,2401.0,2011,0.0,0.0,0.0,1.0,0.0,0.0,10,0.0,0.0,0.0,Dennis Pitta,Seahawks,TE
5400,0.0,0.0,0.0,16.0,0.0,0.0,16.0,0.0,1681.0,2011,0.0,0.0,0.0,1.0,0.0,0.0,10,0.0,0.0,0.0,Aaron Hernandez,Jets,TE
5401,0.0,0.0,0.0,9.0,0.0,0.0,25.0,0.0,1369.0,2011,0.0,0.0,0.0,0.0,0.0,0.0,10,0.0,0.0,0.0,Jason Witten,Bills,TE
5402,0.0,0.0,0.0,9.0,0.0,0.0,9.0,0.0,1089.0,2011,0.0,0.0,0.0,0.0,0.0,0.0,10,0.0,0.0,0.0,Kellen Winslow,Texans,TE
5403,0.0,0.0,0.0,9.0,0.0,0.0,9.0,0.0,900.0,2011,0.0,0.0,0.0,0.0,0.0,0.0,10,0.0,0.0,0.0,Benjamin Watson,Rams,TE
5404,0.0,0.0,0.0,9.0,0.0,0.0,1.0,0.0,1089.0,2011,0.0,0.0,0.0,1.0,0.0,0.0,10,0.0,0.0,0.0,Visanthe Shiancoe,Packers,TE
5405,0.0,0.0,0.0,9.0,0.0,0.0,9.0,0.0,1369.0,2011,0.0,0.0,0.0,1.0,0.0,0.0,10,0.0,0.0,0.0,Kyle Rudolph,Packers,TE
5406,0.0,0.0,0.0,9.0,0.0,0.0,25.0,0.0,1444.0,2011,0.0,0.0,0.0,1.0,0.0,0.0,10,0.0,0.0,0.0,Brandon Pettigrew,Bears,TE
5407,0.0,0.0,0.0,9.0,0.0,0.0,16.0,0.0,2025.0,2011,0.0,0.0,0.0,0.0,0.0,0.0,10,0.0,1.0,0.0,Greg Olsen,Titans,TE
5408,0.0,0.0,0.0,9.0,0.0,0.0,9.0,0.0,961.0,2011,0.0,0.0,0.0,1.0,0.0,0.0,10,0.0,0.0,0.0,Heath Miller,Bengals,TE
5409,0.0,0.0,0.0,9.0,0.0,0.0,4.0,0.0,1369.0,2011,0.0,0.0,0.0,0.0,0.0,0.0,10,0.0,0.0,0.0,Dustin Keller,Patriots,TE
5410,0.0,0.0,0.0,9.0,0.0,0.0,9.0,0.0,961.0,2011,0.0,0.0,0.0,1.0,0.0,0.0,10,0.0,0.0,0.0,Owen Daniels,Buccaneers,TE
5411,0.0,0.0,0.0,9.0,0.0,0.0,9.0,0.0,1156.0,2011,0.0,0.0,0.0,1.0,0.0,0.0,10,0.0,0.0,0.0,Scott Chandler,Cowboys,TE
5412,0.0,0.0,0.0,9.0,0.0,0.0,4.0,0.0,1024.0,2011,0.0,0.0,0.0,1.0,0.0,0.0,10,0.0,0.0,0.0,Kevin Boss,Chargers,TE
5413,0.0,0.0,0.0,9.0,0.0,0.0,9.0,0.0,1225.0,2011,0.0,0.0,0.0,1.0,0.0,0.0,10,0.0,0.0,0.0,Jake Ballard,49ers,TE
5414,0.0,0.0,0.0,4.0,0.0,0.0,4.0,0.0,529.0,2011,0.0,0.0,0.0,1.0,0.0,0.0,10,0.0,0.0,0.0,Bear Pascoe,49ers,TE
5415,0.0,0.0,0.0,4.0,0.0,0.0,9.0,0.0,576.0,2011,0.0,0.0,0.0,0.0,0.0,0.0,10,0.0,0.0,0.0,Zach Miller,Ravens,TE
5416,0.0,0.0,0.0,4.0,0.0,0.0,16.0,0.0,676.0,2011,0.0,0.0,0.0,1.0,0.0,0.0,10,0.0,0.0,0.0,Jeff King,Eagles,TE
5417,0.0,0.0,0.0,4.0,0.0,0.0,4.0,0.0,441.0,2011,0.0,0.0,0.0,1.0,0.0,0.0,10,0.0,0.0,0.0,Michael Hoomanawanui,Browns,TE
5418,0.0,0.0,0.0,4.0,0.0,0.0,9.0,0.0,784.0,2011,0.0,0.0,0.0,1.0,0.0,0.0,10,0.0,0.0,0.0,Fred Davis,Dolphins,TE
5419,0.0,0.0,0.0,4.0,0.0,0.0,1.0,0.0,625.0,2011,0.0,0.0,0.0,0.0,0.0,0.0,10,0.0,0.0,0.0,Colin Cochart,Steelers,TE
5420,0.0,0.0,0.0,1.0,0.0,0.0,4.0,0.0,225.0,2011,0.0,0.0,0.0,0.0,0.0,0.0,10,0.0,0.0,0.0,Alex Smith,Rams,TE
5421,0.0,0.0,0.0,1.0,0.0,0.0,1.0,0.0,361.0,2011,0.0,0.0,0.0,0.0,0.0,0.0,10,0.0,0.0,0.0,Jeremy Shockey,Titans,TE
5422,0.0,0.0,0.0,1.0,0.0,0.0,1.0,0.0,121.0,2011,0.0,0.0,0.0,1.0,0.0,0.0,10,0.0,0.0,0.0,Weslye Saunders,Bengals,TE
5423,0.0,0.0,0.0,1.0,0.0,0.0,9.0,0.0,324.0,2011,0.0,0.0,0.0,0.0,0.0,0.0,10,0.0,0.0,0.0,Leonard Pope,Broncos,TE
5424,0.0,0.0,0.0,1.0,0.0,0.0,1.0,0.0,256.0,2011,0.0,0.0,0.0,1.0,0.0,0.0,10,0.0,0.0,0.0,Logan Paulsen,Dolphins,TE
5425,0.0,0.0,0.0,1.0,0.0,0.0,4.0,0.0,121.0,2011,0.0,0.0,0.0,1.0,0.0,0.0,10,0.0,0.0,0.0,Brandon Myers,Chargers,TE
5426,0.0,0.0,0.0,1.0,0.0,0.0,4.0,0.0,225.0,2011,0.0,0.0,0.0,0.0,0.0,0.0,10,0.0,0.0,0.0,Anthony McCoy,Ravens,TE
5427,0.0,0.0,0.0,1.0,0.0,0.0,1.0,0.0,324.0,2011,0.0,0.0,0.0,1.0,0.0,0.0,10,0.0,0.0,0.0,Jared Cook,Panthers,TE
5428,0.0,0.0,0.0,1.0,0.0,0.0,1.0,0.0,144.0,2011,0.0,0.0,0.0,1.0,0.0,0.0,10,0.0,0.0,0.0,Jed Collins,Falcons,TE
5429,0.0,0.0,0.0,1.0,0.0,0.0,4.0,0.0,144.0,2011,0.0,0.0,0.0,1.0,0.0,0.0,10,0.0,0.0,0.0,Billy Bajema,Browns,TE
5430,0.0,0.0,0.0,0.0,0.0,0.0,4.0,0.0,16.0,2011,0.0,0.0,0.0,1.0,0.0,0.0,10,0.0,0.0,0.0,David Thomas,Falcons,TE
5431,0.0,0.0,0.0,0.0,0.0,0.0,1.0,0.0,64.0,2011,0.0,0.0,0.0,0.0,0.0,0.0,10,0.0,0.0,0.0,Andrew Quarless,Min,TE
5432,0.0,0.0,0.0,0.0,0.0,0.0,1.0,0.0,16.0,2011,0.0,0.0,0.0,1.0,0.0,0.0,10,0.0,0.0,0.0,Zach Potter,Colts,TE
5433,0.0,0.0,0.0,0.0,0.0,0.0,1.0,0.0,16.0,2011,0.0,0.0,0.0,1.0,0.0,0.0,10,0.0,0.0,0.0,Marcedes Lewis,Colts,TE
5434,0.0,0.0,0.0,0.0,0.0,0.0,1.0,0.0,36.0,2011,0.0,0.0,0.0,1.0,0.0,0.0,10,0.0,0.0,0.0,David Johnson,Bengals,TE
5435,0.0,0.0,0.0,0.0,0.0,0.0,1.0,0.0,16.0,2011,0.0,0.0,0.0,0.0,0.0,0.0,10,0.0,0.0,0.0,Charles Clay,Redskins,TE
5436,0.0,0.0,0.0,0.0,0.0,0.0,1.0,0.0,64.0,2011,0.0,0.0,0.0,0.0,0.0,0.0,10,0.0,0.0,0.0,Martellus Bennett,Bills,TE
5437,0.0,0.0,0.0,441.0,0.0,0.0,16.0,0.0,9216.0,2011,4.0,0.0,0.0,0.0,0.0,0.0,11,0.0,0.0,0.0,Rob Gronkowski,Chiefs,TE
5438,0.0,0.0,0.0,196.0,0.0,0.0,9.0,0.0,7225.0,2011,1.0,0.0,0.0,1.0,0.0,0.0,11,0.0,0.0,0.0,Jason Witten,Redskins,TE
5439,0.0,0.0,0.0,169.0,0.0,0.0,81.0,0.0,17424.0,2011,0.0,0.0,0.0,1.0,0.0,0.0,11,0.0,0.0,0.0,Kellen Winslow,Packers,TE
5440,0.0,0.0,0.0,169.0,0.0,0.0,25.0,0.0,5476.0,2011,1.0,0.0,0.0,0.0,0.0,0.0,11,0.0,0.0,0.0,Tony Gonzalez,Titans,TE
5441,0.0,0.0,0.0,144.0,0.0,0.0,16.0,0.0,3969.0,2011,1.0,0.0,0.0,1.0,0.0,0.0,11,0.0,0.0,0.0,Antonio Gates,Bears,TE
5442,0.0,0.0,0.0,144.0,0.0,0.0,25.0,0.0,4489.0,2011,1.0,0.0,0.0,0.0,0.0,0.0,11,0.0,0.0,0.0,Vernon Davis,Cardinals,TE
5443,0.0,0.0,0.0,144.0,0.0,0.0,16.0,0.0,4761.0,2011,1.0,0.0,0.0,0.0,0.0,0.0,11,0.0,0.0,0.0,Charles Clay,Bills,TE
5444,0.0,0.0,0.0,81.0,0.0,0.0,16.0,0.0,1369.0,2011,1.0,0.0,0.0,0.0,0.0,0.0,11,0.0,0.0,0.0,Brandon Pettigrew,Panthers,TE
5445,0.0,0.0,0.0,64.0,0.0,0.0,4.0,0.0,576.0,2011,1.0,0.0,0.0,0.0,0.0,0.0,11,0.0,0.0,0.0,Tony Scheffler,Panthers,TE
5446,0.0,0.0,0.0,49.0,0.0,0.0,25.0,0.0,5041.0,2011,0.0,0.0,0.0,1.0,0.0,0.0,11,0.0,0.0,0.0,Scott Chandler,Dolphins,TE
5447,0.0,0.0,0.0,36.0,0.0,0.0,9.0,0.0,49.0,2011,1.0,0.0,0.0,0.0,0.0,0.0,11,0.0,0.0,0.0,Kyle Rudolph,Raiders,TE
5448,0.0,0.0,0.0,36.0,0.0,0.0,49.0,0.0,4096.0,2011,0.0,0.0,0.0,1.0,0.0,0.0,11,0.0,0.0,0.0,Marcedes Lewis,Browns,TE
5449,0.0,0.0,0.0,36.0,0.0,0.0,4.0,0.0,64.0,2011,1.0,0.0,0.0,0.0,0.0,0.0,11,0.0,0.0,0.0,Anthony Fasano,Bills,TE
5450,0.0,0.0,0.0,36.0,0.0,0.0,1.0,0.0,16.0,2011,1.0,0.0,0.0,0.0,0.0,0.0,11,0.0,0.0,0.0,Kellen Davis,Chargers,TE
5451,0.0,0.0,0.0,36.0,0.0,0.0,4.0,0.0,25.0,2011,1.0,0.0,0.0,0.0,0.0,0.0,11,0.0,0.0,0.0,Tom Crabtree,Buccaneers,TE
5452,0.0,0.0,0.0,36.0,0.0,0.0,36.0,0.0,3600.0,2011,0.0,0.0,0.0,1.0,0.0,0.0,11,0.0,0.0,0.0,Brent Celek,Giants,TE
5453,0.0,0.0,0.0,25.0,0.0,0.0,25.0,0.0,2601.0,2011,0.0,0.0,0.0,1.0,0.0,0.0,11,0.0,0.0,0.0,Jared Cook,Falcons,TE
5454,0.0,0.0,0.0,16.0,0.0,0.0,4.0,0.0,1764.0,2011,0.0,0.0,0.0,0.0,0.0,0.0,11,0.0,0.0,0.0,Visanthe Shiancoe,Raiders,TE
5455,0.0,0.0,0.0,16.0,0.0,0.0,25.0,0.0,1600.0,2011,0.0,0.0,0.0,1.0,0.0,0.0,11,0.0,0.0,0.0,Dustin Keller,Broncos,TE
5456,0.0,0.0,0.0,16.0,0.0,0.0,16.0,0.0,1936.0,2011,0.0,0.0,0.0,0.0,0.0,0.0,11,0.0,0.0,0.0,Aaron Hernandez,Chiefs,TE
5457,0.0,0.0,0.0,16.0,0.0,0.0,9.0,0.0,2304.0,2011,0.0,0.0,0.0,1.0,0.0,0.0,11,0.0,0.0,0.0,Jermaine Gresham,Ravens,TE
5458,0.0,0.0,0.0,16.0,0.0,0.0,36.0,0.0,2704.0,2011,0.0,0.0,0.0,0.0,0.0,0.0,11,0.0,1.0,0.0,Fred Davis,Cowboys,TE
5459,0.0,0.0,0.0,9.0,0.0,0.0,1.0,0.0,900.0,2011,0.0,0.0,0.0,0.0,0.0,0.0,11,0.0,0.0,0.0,Jermichael Finley,Buccaneers,TE
5460,0.0,0.0,0.0,9.0,0.0,0.0,25.0,0.0,1369.0,2011,0.0,0.0,0.0,1.0,0.0,0.0,11,0.0,0.0,0.0,Kevin Boss,Min,TE
5461,0.0,0.0,0.0,9.0,0.0,0.0,9.0,0.0,961.0,2011,0.0,0.0,0.0,1.0,0.0,0.0,11,0.0,0.0,0.0,Martellus Bennett,Redskins,TE
5462,0.0,0.0,0.0,4.0,0.0,0.0,9.0,0.0,676.0,2011,0.0,0.0,0.0,1.0,0.0,0.0,11,0.0,0.0,0.0,Leonard Pope,Patriots,TE
5463,0.0,0.0,0.0,4.0,0.0,0.0,9.0,0.0,529.0,2011,0.0,0.0,0.0,1.0,0.0,0.0,11,0.0,0.0,0.0,Greg Olsen,Lions,TE
5464,0.0,0.0,0.0,4.0,0.0,0.0,9.0,0.0,484.0,2011,0.0,0.0,0.0,1.0,0.0,0.0,11,0.0,0.0,0.0,Jake O'Connell,Patriots,TE
5465,0.0,0.0,0.0,4.0,0.0,0.0,4.0,0.0,529.0,2011,0.0,0.0,0.0,1.0,0.0,0.0,11,0.0,0.0,0.0,Brandon Myers,Min,TE
5466,0.0,0.0,0.0,4.0,0.0,0.0,4.0,0.0,441.0,2011,0.0,0.0,0.0,0.0,0.0,0.0,11,0.0,0.0,0.0,Lance Kendricks,Seahawks,TE
5467,0.0,0.0,0.0,4.0,0.0,0.0,4.0,0.0,441.0,2011,0.0,0.0,0.0,0.0,0.0,0.0,11,0.0,0.0,0.0,Ed Dickson,Bengals,TE
5468,0.0,0.0,0.0,1.0,0.0,0.0,4.0,0.0,324.0,2011,0.0,0.0,0.0,0.0,0.0,0.0,11,0.0,0.0,0.0,Benjamin Watson,Jaguars,TE
5469,0.0,0.0,0.0,1.0,0.0,0.0,1.0,0.0,169.0,2011,0.0,0.0,0.0,0.0,0.0,0.0,11,0.0,0.0,0.0,Matt Spaeth,Chargers,TE
5470,0.0,0.0,0.0,1.0,0.0,0.0,1.0,0.0,324.0,2011,0.0,0.0,0.0,0.0,0.0,0.0,11,0.0,0.0,0.0,Dante Rosario,Jets,TE
5471,0.0,0.0,0.0,1.0,0.0,0.0,4.0,0.0,289.0,2011,0.0,0.0,0.0,0.0,0.0,0.0,11,0.0,0.0,0.0,Logan Paulsen,Cowboys,TE
5472,0.0,0.0,0.0,1.0,0.0,0.0,1.0,0.0,121.0,2011,0.0,0.0,0.0,0.0,0.0,0.0,11,0.0,0.0,0.0,Michael Palmer,Titans,TE
5473,0.0,0.0,0.0,1.0,0.0,0.0,1.0,0.0,100.0,2011,0.0,0.0,0.0,1.0,0.0,0.0,11,0.0,0.0,0.0,Zach Miller,Rams,TE
5474,0.0,0.0,0.0,1.0,0.0,0.0,1.0,0.0,144.0,2011,0.0,0.0,0.0,0.0,0.0,0.0,11,0.0,0.0,0.0,Will Heller,Panthers,TE
5475,0.0,0.0,0.0,1.0,0.0,0.0,1.0,0.0,169.0,2011,0.0,0.0,0.0,0.0,0.0,0.0,11,0.0,0.0,0.0,Jake Ballard,Eagles,TE
5476,0.0,0.0,0.0,0.0,0.0,0.0,1.0,0.0,1.0,2011,0.0,0.0,0.0,1.0,0.0,0.0,11,0.0,0.0,0.0,Luke Stocker,Packers,TE
5477,0.0,0.0,0.0,0.0,0.0,0.0,1.0,0.0,1.0,2011,0.0,0.0,0.0,0.0,0.0,0.0,11,0.0,0.0,0.0,Stephen Spach,Seahawks,TE
5478,0.0,0.0,0.0,0.0,0.0,0.0,1.0,0.0,81.0,2011,0.0,0.0,0.0,1.0,0.0,0.0,11,0.0,0.0,0.0,John Phillips,Redskins,TE
5479,0.0,0.0,0.0,0.0,0.0,0.0,1.0,0.0,36.0,2011,0.0,0.0,0.0,1.0,0.0,0.0,11,0.0,0.0,0.0,Clay Harbor,Giants,TE
5480,0.0,0.0,0.0,0.0,0.0,0.0,1.0,0.0,36.0,2011,0.0,0.0,0.0,1.0,0.0,0.0,11,0.0,0.0,0.0,Colin Cochart,Ravens,TE
5481,0.0,0.0,0.0,400.0,0.0,0.0,25.0,0.0,7056.0,2011,4.0,0.0,0.0,0.0,0.0,0.0,12,0.0,0.0,0.0,Jimmy Graham,Giants,TE
5482,0.0,0.0,0.0,324.0,0.0,0.0,16.0,0.0,3721.0,2011,4.0,0.0,0.0,0.0,0.0,0.0,12,0.0,0.0,0.0,Dustin Keller,Bills,TE
5483,0.0,0.0,0.0,144.0,0.0,0.0,25.0,0.0,4624.0,2011,1.0,0.0,0.0,0.0,0.0,0.0,12,0.0,0.0,0.0,Jermaine Gresham,Browns,TE
5484,0.0,0.0,0.0,121.0,0.0,0.0,16.0,0.0,3481.0,2011,1.0,0.0,0.0,1.0,0.0,0.0,12,0.0,0.0,0.0,Rob Gronkowski,Eagles,TE
5485,0.0,0.0,0.0,121.0,0.0,0.0,16.0,0.0,3364.0,2011,1.0,0.0,0.0,1.0,0.0,0.0,12,0.0,0.0,0.0,Fred Davis,Seahawks,TE
5486,0.0,0.0,0.0,100.0,0.0,0.0,36.0,0.0,2401.0,2011,1.0,0.0,0.0,0.0,0.0,0.0,12,0.0,0.0,0.0,Antonio Gates,Broncos,TE
5487,0.0,0.0,0.0,64.0,0.0,0.0,1.0,0.0,400.0,2011,1.0,0.0,0.0,1.0,0.0,0.0,12,0.0,0.0,0.0,Joel Dreessen,Jaguars,TE
5488,0.0,0.0,0.0,64.0,0.0,0.0,4.0,0.0,625.0,2011,1.0,0.0,0.0,1.0,0.0,0.0,12,0.0,0.0,0.0,Kellen Davis,Raiders,TE
5489,0.0,0.0,0.0,49.0,0.0,0.0,4.0,0.0,361.0,2011,1.0,0.0,0.0,0.0,0.0,0.0,12,0.0,0.0,0.0,Dennis Pitta,49ers,TE
5490,0.0,0.0,0.0,49.0,0.0,0.0,25.0,0.0,5625.0,2011,0.0,0.0,0.0,0.0,0.0,0.0,12,0.0,0.0,0.0,Brent Celek,Patriots,TE
5491,0.0,0.0,0.0,36.0,0.0,0.0,1.0,0.0,4.0,2011,1.0,0.0,0.0,1.0,0.0,0.0,12,0.0,0.0,0.0,Weslye Saunders,Chiefs,TE
5492,0.0,0.0,0.0,36.0,0.0,0.0,4.0,0.0,64.0,2011,1.0,0.0,0.0,0.0,0.0,0.0,12,0.0,0.0,0.0,Michael Palmer,Min,TE
5493,0.0,0.0,0.0,36.0,0.0,0.0,36.0,0.0,3844.0,2011,0.0,0.0,0.0,1.0,0.0,0.0,12,0.0,0.0,0.0,Aaron Hernandez,Eagles,TE
5494,0.0,0.0,0.0,36.0,0.0,0.0,81.0,0.0,4761.0,2011,0.0,0.0,0.0,0.0,0.0,0.0,12,0.0,0.0,0.0,Tony Gonzalez,Min,TE
5495,0.0,0.0,0.0,25.0,0.0,0.0,25.0,0.0,2704.0,2011,0.0,0.0,0.0,1.0,0.0,0.0,12,0.0,0.0,0.0,Kellen Winslow,Titans,TE
5496,0.0,0.0,0.0,25.0,0.0,0.0,36.0,0.0,2500.0,2011,0.0,0.0,0.0,1.0,0.0,0.0,12,0.0,0.0,0.0,Scott Chandler,Jets,TE
5497,0.0,0.0,0.0,16.0,0.0,0.0,16.0,0.0,1849.0,2011,0.0,0.0,0.0,0.0,0.0,0.0,12,0.0,0.0,0.0,Jason Witten,Dolphins,TE
5498,0.0,0.0,0.0,16.0,0.0,0.0,16.0,0.0,2209.0,2011,0.0,0.0,0.0,0.0,0.0,0.0,12,0.0,0.0,0.0,Marcedes Lewis,Texans,TE
5499,0.0,0.0,0.0,16.0,0.0,0.0,9.0,0.0,2209.0,2011,0.0,0.0,0.0,1.0,0.0,0.0,12,0.0,0.0,0.0,Jake Ballard,Saints,TE
5500,0.0,0.0,0.0,9.0,0.0,0.0,9.0,0.0,1681.0,2011,0.0,0.0,0.0,1.0,0.0,0.0,12,0.0,1.0,0.0,Jeremy Shockey,Colts,TE
5501,0.0,0.0,0.0,9.0,0.0,0.0,4.0,0.0,1444.0,2011,0.0,0.0,0.0,1.0,0.0,0.0,12,0.0,0.0,0.0,Jermichael Finley,Lions,TE
5502,0.0,0.0,0.0,9.0,0.0,0.0,4.0,0.0,1024.0,2011,0.0,0.0,0.0,1.0,0.0,0.0,12,0.0,0.0,0.0,Anthony Fasano,Cowboys,TE
5503,0.0,0.0,0.0,9.0,0.0,0.0,16.0,0.0,1444.0,2011,0.0,0.0,0.0,1.0,0.0,0.0,12,0.0,0.0,0.0,Vernon Davis,Ravens,TE
5504,0.0,0.0,0.0,9.0,0.0,0.0,16.0,0.0,961.0,2011,0.0,0.0,0.0,1.0,0.0,0.0,12,0.0,0.0,0.0,Owen Daniels,Jaguars,TE
5505,0.0,0.0,0.0,9.0,0.0,0.0,9.0,0.0,1444.0,2011,0.0,0.0,0.0,0.0,0.0,0.0,12,0.0,0.0,0.0,Jared Cook,Buccaneers,TE
5506,0.0,0.0,0.0,4.0,0.0,0.0,4.0,0.0,400.0,2011,0.0,0.0,0.0,0.0,0.0,0.0,12,0.0,0.0,0.0,Jacob Tamme,Panthers,TE
5507,0.0,0.0,0.0,4.0,0.0,0.0,9.0,0.0,576.0,2011,0.0,0.0,0.0,1.0,0.0,0.0,12,0.0,0.0,0.0,Visanthe Shiancoe,Falcons,TE
5508,0.0,0.0,0.0,4.0,0.0,0.0,1.0,0.0,529.0,2011,0.0,0.0,0.0,1.0,0.0,0.0,12,0.0,0.0,0.0,Dante Rosario,Chargers,TE
5509,0.0,0.0,0.0,4.0,0.0,0.0,16.0,0.0,729.0,2011,0.0,0.0,0.0,0.0,0.0,0.0,12,0.0,0.0,0.0,Brandon Pettigrew,Packers,TE
5510,0.0,0.0,0.0,4.0,0.0,0.0,9.0,0.0,576.0,2011,0.0,0.0,0.0,1.0,0.0,0.0,12,0.0,0.0,0.0,Greg Olsen,Colts,TE
5511,0.0,0.0,0.0,4.0,0.0,0.0,1.0,0.0,576.0,2011,0.0,0.0,0.0,0.0,0.0,0.0,12,0.0,0.0,0.0,Brandon Myers,Bears,TE
5512,0.0,0.0,0.0,4.0,0.0,0.0,1.0,0.0,400.0,2011,0.0,0.0,0.0,1.0,0.0,0.0,12,0.0,0.0,0.0,Heath Miller,Chiefs,TE
5513,0.0,0.0,0.0,4.0,0.0,0.0,4.0,0.0,576.0,2011,0.0,0.0,0.0,0.0,0.0,0.0,12,0.0,0.0,0.0,Randy McMichael,Broncos,TE
5514,0.0,0.0,0.0,4.0,0.0,0.0,9.0,0.0,1369.0,2011,0.0,0.0,0.0,0.0,0.0,0.0,12,0.0,1.0,0.0,Lance Kendricks,Cardinals,TE
5515,0.0,0.0,0.0,4.0,0.0,0.0,1.0,0.0,625.0,2011,0.0,0.0,0.0,0.0,0.0,0.0,12,0.0,0.0,0.0,Clay Harbor,Patriots,TE
5516,0.0,0.0,0.0,1.0,0.0,0.0,4.0,0.0,196.0,2011,0.0,0.0,0.0,1.0,0.0,0.0,12,0.0,0.0,0.0,Benjamin Watson,Bengals,TE
5517,0.0,0.0,0.0,1.0,0.0,0.0,4.0,0.0,169.0,2011,0.0,0.0,0.0,0.0,0.0,0.0,12,0.0,0.0,0.0,Tony Scheffler,Packers,TE
5518,0.0,0.0,0.0,1.0,0.0,0.0,4.0,0.0,256.0,2011,0.0,0.0,0.0,0.0,0.0,0.0,12,0.0,0.0,0.0,John Phillips,Dolphins,TE
5519,0.0,0.0,0.0,1.0,0.0,0.0,4.0,0.0,196.0,2011,0.0,0.0,0.0,1.0,0.0,0.0,12,0.0,0.0,0.0,Logan Paulsen,Seahawks,TE
5520,0.0,0.0,0.0,1.0,0.0,0.0,1.0,0.0,100.0,2011,0.0,0.0,0.0,1.0,0.0,0.0,12,0.0,0.0,0.0,Bear Pascoe,Saints,TE
5521,0.0,0.0,0.0,1.0,0.0,0.0,1.0,0.0,169.0,2011,0.0,0.0,0.0,0.0,0.0,0.0,12,0.0,0.0,0.0,Anthony McCoy,Redskins,TE
5522,0.0,0.0,0.0,1.0,0.0,0.0,4.0,0.0,289.0,2011,0.0,0.0,0.0,1.0,0.0,0.0,12,0.0,0.0,0.0,Jeff King,Rams,TE
5523,0.0,0.0,0.0,1.0,0.0,0.0,1.0,0.0,361.0,2011,0.0,0.0,0.0,1.0,0.0,0.0,12,0.0,0.0,0.0,Daniel Fells,Chargers,TE
5524,0.0,0.0,0.0,1.0,0.0,0.0,1.0,0.0,225.0,2011,0.0,0.0,0.0,0.0,0.0,0.0,12,0.0,0.0,0.0,Ed Dickson,49ers,TE
5525,0.0,0.0,0.0,0.0,0.0,0.0,1.0,0.0,81.0,2011,0.0,0.0,0.0,1.0,0.0,0.0,12,0.0,0.0,0.0,Matt Spaeth,Raiders,TE
5526,0.0,0.0,0.0,0.0,0.0,0.0,1.0,0.0,9.0,2011,0.0,0.0,0.0,0.0,0.0,0.0,12,0.0,0.0,0.0,Stephen Spach,Cardinals,TE
5527,0.0,0.0,0.0,0.0,0.0,0.0,1.0,0.0,81.0,2011,0.0,0.0,0.0,0.0,0.0,0.0,12,0.0,0.0,0.0,Leonard Pope,Steelers,TE
5528,0.0,0.0,0.0,0.0,0.0,0.0,1.0,0.0,9.0,2011,0.0,0.0,0.0,1.0,0.0,0.0,12,0.0,0.0,0.0,Evan Moore,Bengals,TE
5529,0.0,0.0,0.0,0.0,0.0,0.0,1.0,0.0,4.0,2011,0.0,0.0,0.0,0.0,0.0,0.0,12,0.0,0.0,0.0,Zach Miller,Redskins,TE
5530,0.0,0.0,0.0,0.0,0.0,0.0,1.0,0.0,1.0,2011,0.0,0.0,0.0,0.0,0.0,0.0,12,0.0,0.0,0.0,Steve Maneri,Steelers,TE
5531,0.0,0.0,0.0,0.0,0.0,0.0,1.0,0.0,1.0,2011,0.0,0.0,0.0,1.0,0.0,0.0,12,0.0,0.0,0.0,Charles Clay,Cowboys,TE
5532,0.0,0.0,0.0,0.0,0.0,0.0,1.0,0.0,25.0,2011,0.0,0.0,0.0,1.0,0.0,0.0,12,0.0,0.0,0.0,James Casey,Jaguars,TE
5533,0.0,0.0,0.0,0.0,0.0,0.0,1.0,0.0,64.0,2011,0.0,0.0,0.0,0.0,0.0,0.0,12,0.0,0.0,0.0,Kevin Boss,Bears,TE
5534,0.0,0.0,0.0,0.0,0.0,0.0,1.0,0.0,64.0,2011,0.0,0.0,0.0,0.0,0.0,0.0,12,0.0,0.0,0.0,Martellus Bennett,Dolphins,TE
5535,0.0,1.0,0.0,576.0,0.0,0.0,25.0,0.0,4096.0,2011,4.0,0.0,0.0,0.0,0.0,4.0,13,1.0,0.0,0.0,Rob Gronkowski,Colts,TE
5536,0.0,0.0,0.0,196.0,0.0,0.0,36.0,0.0,7569.0,2011,1.0,0.0,0.0,1.0,0.0,0.0,13,0.0,0.0,0.0,Jermichael Finley,Giants,TE
5537,0.0,0.0,0.0,144.0,0.0,0.0,1.0,0.0,4489.0,2011,1.0,0.0,0.0,0.0,0.0,0.0,13,0.0,0.0,0.0,Travis Beckum,Packers,TE
5538,0.0,0.0,0.0,100.0,0.0,0.0,49.0,0.0,10000.0,2011,0.0,0.0,0.0,1.0,0.0,0.0,13,0.0,0.0,0.0,Tony Gonzalez,Texans,TE
5539,0.0,0.0,0.0,81.0,0.0,0.0,36.0,0.0,9801.0,2011,0.0,0.0,0.0,0.0,0.0,0.0,13,0.0,0.0,0.0,Fred Davis,Jets,TE
5540,0.0,0.0,0.0,64.0,0.0,0.0,4.0,0.0,784.0,2011,1.0,0.0,0.0,0.0,0.0,0.0,13,0.0,0.0,0.0,Evan Moore,Ravens,TE
5541,0.0,0.0,0.0,64.0,0.0,0.0,64.0,0.0,7921.0,2011,0.0,0.0,0.0,0.0,0.0,0.0,13,0.0,0.0,0.0,Jimmy Graham,Lions,TE
5542,0.0,0.0,0.0,49.0,0.0,0.0,1.0,0.0,361.0,2011,1.0,0.0,0.0,0.0,0.0,0.0,13,0.0,0.0,0.0,Kyle Rudolph,Broncos,TE
5543,0.0,0.0,0.0,49.0,0.0,0.0,36.0,0.0,4900.0,2011,0.0,0.0,0.0,1.0,0.0,0.0,13,0.0,0.0,0.0,Antonio Gates,Jaguars,TE
5544,0.0,0.0,0.0,36.0,0.0,0.0,16.0,0.0,4356.0,2011,0.0,0.0,0.0,0.0,0.0,0.0,13,0.0,0.0,0.0,Anthony Fasano,Raiders,TE
5545,0.0,0.0,0.0,36.0,0.0,0.0,1.0,0.0,9.0,2011,1.0,0.0,0.0,0.0,0.0,0.0,13,0.0,0.0,0.0,Joel Dreessen,Falcons,TE
5546,0.0,0.0,0.0,25.0,0.0,0.0,4.0,0.0,2809.0,2011,0.0,0.0,0.0,0.0,0.0,0.0,13,0.0,0.0,0.0,Zach Miller,Eagles,TE
5547,0.0,0.0,0.0,16.0,0.0,0.0,25.0,0.0,2209.0,2011,0.0,0.0,0.0,1.0,0.0,0.0,13,0.0,0.0,0.0,Jason Witten,Cardinals,TE
5548,0.0,0.0,0.0,16.0,0.0,0.0,16.0,0.0,1681.0,2011,0.0,0.0,0.0,0.0,0.0,0.0,13,0.0,0.0,0.0,Kellen Winslow,Panthers,TE
5549,0.0,0.0,0.0,16.0,0.0,0.0,25.0,0.0,2401.0,2011,0.0,0.0,0.0,1.0,0.0,0.0,13,0.0,0.0,0.0,Jacob Tamme,Patriots,TE
5550,0.0,0.0,0.0,16.0,0.0,0.0,4.0,0.0,1681.0,2011,0.0,0.0,0.0,1.0,0.0,0.0,13,0.0,0.0,0.0,Tony Scheffler,Saints,TE
5551,0.0,0.0,0.0,16.0,0.0,0.0,49.0,0.0,1849.0,2011,0.0,0.0,0.0,0.0,0.0,0.0,13,0.0,0.0,0.0,Aaron Hernandez,Colts,TE
5552,0.0,0.0,0.0,16.0,0.0,0.0,9.0,0.0,2209.0,2011,0.0,0.0,0.0,1.0,0.0,0.0,13,0.0,0.0,0.0,Ed Dickson,Browns,TE
5553,0.0,0.0,0.0,16.0,0.0,0.0,4.0,0.0,1600.0,2011,0.0,0.0,0.0,0.0,0.0,0.0,13,0.0,0.0,0.0,Kellen Davis,Chiefs,TE
5554,0.0,0.0,0.0,16.0,0.0,0.0,9.0,0.0,2209.0,2011,0.0,0.0,0.0,0.0,0.0,0.0,13,0.0,0.0,0.0,Jake Ballard,Packers,TE
5555,0.0,0.0,0.0,9.0,0.0,0.0,9.0,0.0,1156.0,2011,0.0,0.0,0.0,0.0,0.0,0.0,13,0.0,0.0,0.0,Benjamin Watson,Ravens,TE
5556,0.0,0.0,0.0,9.0,0.0,0.0,16.0,0.0,1296.0,2011,0.0,0.0,0.0,0.0,0.0,0.0,13,0.0,0.0,0.0,Visanthe Shiancoe,Broncos,TE
5557,0.0,0.0,0.0,9.0,0.0,0.0,9.0,0.0,1089.0,2011,0.0,0.0,0.0,1.0,0.0,0.0,13,0.0,0.0,0.0,Brandon Myers,Dolphins,TE
5558,0.0,0.0,0.0,9.0,0.0,0.0,9.0,0.0,1369.0,2011,0.0,0.0,0.0,1.0,0.0,0.0,13,0.0,0.0,0.0,Jermaine Gresham,Steelers,TE
5559,0.0,0.0,0.0,9.0,0.0,0.0,25.0,0.0,1024.0,2011,0.0,0.0,0.0,0.0,0.0,0.0,13,0.0,0.0,0.0,Vernon Davis,Rams,TE
5560,0.0,0.0,0.0,9.0,0.0,0.0,9.0,0.0,1225.0,2011,0.0,0.0,0.0,0.0,0.0,0.0,13,0.0,0.0,0.0,Owen Daniels,Falcons,TE
5561,0.0,0.0,0.0,9.0,0.0,0.0,9.0,0.0,2304.0,2011,0.0,0.0,0.0,0.0,0.0,0.0,13,0.0,1.0,0.0,Scott Chandler,Titans,TE
5562,0.0,0.0,0.0,4.0,0.0,0.0,1.0,0.0,676.0,2011,0.0,0.0,0.0,1.0,0.0,0.0,13,0.0,0.0,0.0,Jeremy Shockey,Buccaneers,TE
5563,0.0,0.0,0.0,4.0,0.0,0.0,9.0,0.0,576.0,2011,0.0,0.0,0.0,0.0,0.0,0.0,13,0.0,0.0,0.0,Zach Potter,Chargers,TE
5564,0.0,0.0,0.0,4.0,0.0,0.0,1.0,0.0,676.0,2011,0.0,0.0,0.0,1.0,0.0,0.0,13,0.0,0.0,0.0,Dennis Pitta,Browns,TE
5565,0.0,0.0,0.0,4.0,0.0,0.0,16.0,0.0,484.0,2011,0.0,0.0,0.0,1.0,0.0,0.0,13,0.0,0.0,0.0,John Phillips,Cardinals,TE
5566,0.0,0.0,0.0,4.0,0.0,0.0,1.0,0.0,441.0,2011,0.0,0.0,0.0,1.0,0.0,0.0,13,0.0,0.0,0.0,Greg Olsen,Buccaneers,TE
5567,0.0,0.0,0.0,4.0,0.0,0.0,9.0,0.0,729.0,2011,0.0,0.0,0.0,0.0,0.0,0.0,13,0.0,0.0,0.0,Marcedes Lewis,Chargers,TE
5568,0.0,0.0,0.0,4.0,0.0,0.0,4.0,0.0,529.0,2011,0.0,0.0,0.0,0.0,0.0,0.0,13,0.0,0.0,0.0,Rob Housler,Cowboys,TE
5569,0.0,0.0,0.0,4.0,0.0,0.0,1.0,0.0,441.0,2011,0.0,0.0,0.0,1.0,0.0,0.0,13,0.0,0.0,0.0,Daniel Graham,Bills,TE
5570,0.0,0.0,0.0,4.0,0.0,0.0,9.0,0.0,441.0,2011,0.0,0.0,0.0,1.0,0.0,0.0,13,0.0,0.0,0.0,Brent Celek,Seahawks,TE
5571,0.0,0.0,0.0,1.0,0.0,0.0,0.0,0.0,0.0,2011,0.0,0.0,0.0,0.0,0.0,196.0,13,1.0,0.0,0.0,Delanie Walker,Rams,TE
5572,0.0,0.0,0.0,1.0,0.0,0.0,9.0,0.0,121.0,2011,0.0,0.0,0.0,0.0,0.0,0.0,13,0.0,0.0,0.0,Lee Smith,Titans,TE
5573,0.0,0.0,0.0,1.0,0.0,0.0,1.0,0.0,196.0,2011,0.0,0.0,0.0,0.0,0.0,0.0,13,0.0,0.0,0.0,Weslye Saunders,Bengals,TE
5574,0.0,0.0,0.0,1.0,0.0,0.0,4.0,0.0,169.0,2011,0.0,0.0,0.0,1.0,0.0,0.0,13,0.0,0.0,0.0,Brandon Pettigrew,Saints,TE
5575,0.0,0.0,0.0,1.0,0.0,0.0,4.0,0.0,144.0,2011,0.0,0.0,0.0,0.0,0.0,0.0,13,0.0,0.0,0.0,Heath Miller,Bengals,TE
5576,0.0,0.0,0.0,1.0,0.0,0.0,4.0,0.0,169.0,2011,0.0,0.0,0.0,1.0,0.0,0.0,13,0.0,0.0,0.0,Randy McMichael,Jaguars,TE
5577,0.0,0.0,0.0,1.0,0.0,0.0,9.0,0.0,144.0,2011,0.0,0.0,0.0,1.0,0.0,0.0,13,0.0,0.0,0.0,Dustin Keller,Redskins,TE
5578,0.0,0.0,0.0,1.0,0.0,0.0,1.0,0.0,100.0,2011,0.0,0.0,0.0,1.0,0.0,0.0,13,0.0,0.0,0.0,Will Heller,Saints,TE
5579,0.0,0.0,0.0,1.0,0.0,0.0,4.0,0.0,256.0,2011,0.0,0.0,0.0,0.0,0.0,0.0,13,0.0,0.0,0.0,Mike Caussin,Titans,TE
5580,0.0,0.0,0.0,0.0,0.0,0.0,1.0,0.0,49.0,2011,0.0,0.0,0.0,1.0,0.0,0.0,13,0.0,0.0,0.0,Andrew Quarless,Giants,TE
5581,0.0,0.0,0.0,0.0,0.0,0.0,1.0,0.0,25.0,2011,0.0,0.0,0.0,1.0,0.0,0.0,13,0.0,0.0,0.0,Matthew Mulligan,Redskins,TE
5582,0.0,0.0,0.0,0.0,0.0,0.0,1.0,0.0,81.0,2011,0.0,0.0,0.0,0.0,0.0,0.0,13,0.0,0.0,0.0,David Johnson,Bengals,TE
5583,0.0,0.0,0.0,0.0,0.0,0.0,1.0,0.0,25.0,2011,0.0,0.0,0.0,1.0,0.0,0.0,13,0.0,0.0,0.0,Anthony Hill,Patriots,TE
5584,0.0,0.0,0.0,0.0,0.0,0.0,1.0,0.0,49.0,2011,0.0,0.0,0.0,1.0,0.0,0.0,13,0.0,0.0,0.0,Tom Crabtree,Giants,TE
5585,0.0,0.0,0.0,0.0,0.0,0.0,1.0,0.0,64.0,2011,0.0,0.0,0.0,1.0,0.0,0.0,13,0.0,0.0,0.0,Kevin Boss,Dolphins,TE
5586,0.0,0.0,0.0,784.0,0.0,0.0,36.0,0.0,25600.0,2011,4.0,0.0,0.0,1.0,0.0,0.0,14,0.0,0.0,0.0,Rob Gronkowski,Redskins,TE
5587,0.0,0.0,0.0,324.0,0.0,0.0,49.0,0.0,4624.0,2011,4.0,0.0,0.0,0.0,0.0,0.0,14,0.0,0.0,0.0,Antonio Gates,Bills,TE
5588,0.0,0.0,0.0,121.0,0.0,0.0,36.0,0.0,3249.0,2011,1.0,0.0,0.0,0.0,0.0,0.0,14,0.0,0.0,0.0,Brandon Pettigrew,Min,TE
5589,0.0,0.0,0.0,121.0,0.0,0.0,4.0,0.0,2809.0,2011,1.0,0.0,0.0,0.0,0.0,0.0,14,0.0,0.0,0.0,Greg Olsen,Falcons,TE
5590,0.0,0.0,0.0,121.0,0.0,0.0,16.0,0.0,2704.0,2011,1.0,0.0,0.0,1.0,0.0,0.0,14,0.0,0.0,0.0,Jake Ballard,Cowboys,TE
5591,0.0,0.0,0.0,100.0,0.0,0.0,49.0,0.0,10000.0,2011,0.0,0.0,0.0,1.0,0.0,0.0,14,0.0,0.0,0.0,Owen Daniels,Bengals,TE
5592,0.0,0.0,0.0,100.0,0.0,0.0,25.0,0.0,1849.0,2011,1.0,0.0,0.0,1.0,0.0,0.0,14,0.0,0.0,0.0,Kevin Boss,Packers,TE
5593,0.0,0.0,0.0,81.0,0.0,0.0,9.0,0.0,1089.0,2011,1.0,0.0,0.0,1.0,0.0,0.0,14,0.0,0.0,0.0,Visanthe Shiancoe,Lions,TE
5594,0.0,0.0,0.0,64.0,0.0,0.0,9.0,0.0,841.0,2011,1.0,0.0,0.0,0.0,0.0,0.0,14,0.0,0.0,0.0,Dennis Pitta,Colts,TE
5595,0.0,0.0,0.0,64.0,0.0,0.0,25.0,0.0,7056.0,2011,0.0,0.0,0.0,1.0,0.0,0.0,14,0.0,0.0,0.0,Aaron Hernandez,Redskins,TE
5596,0.0,0.0,0.0,64.0,0.0,0.0,49.0,0.0,6724.0,2011,0.0,0.0,0.0,1.0,0.0,0.0,14,0.0,0.0,0.0,Tony Gonzalez,Panthers,TE
5597,0.0,0.0,0.0,64.0,0.0,0.0,9.0,0.0,484.0,2011,1.0,0.0,0.0,1.0,0.0,0.0,14,0.0,0.0,0.0,Joel Dreessen,Bengals,TE
5598,0.0,0.0,0.0,49.0,0.0,0.0,1.0,0.0,169.0,2011,1.0,0.0,0.0,1.0,0.0,0.0,14,0.0,0.0,0.0,Jacob Tamme,Ravens,TE
5599,0.0,0.0,0.0,49.0,0.0,0.0,4.0,0.0,100.0,2011,1.0,0.0,0.0,0.0,0.0,0.0,14,0.0,0.0,0.0,Jeremy Shockey,Falcons,TE
5600,0.0,0.0,0.0,49.0,0.0,0.0,1.0,0.0,144.0,2011,1.0,0.0,0.0,0.0,0.0,0.0,14,0.0,0.0,0.0,John Phillips,Giants,TE
5601,0.0,0.0,0.0,49.0,0.0,0.0,4.0,0.0,5929.0,2011,0.0,0.0,0.0,0.0,0.0,0.0,14,0.0,0.0,0.0,Marcedes Lewis,Buccaneers,TE
5602,0.0,0.0,0.0,36.0,0.0,0.0,1.0,0.0,16.0,2011,1.0,0.0,0.0,0.0,0.0,0.0,14,0.0,0.0,0.0,Ryan Taylor,Raiders,TE
5603,0.0,0.0,0.0,25.0,0.0,0.0,16.0,0.0,3025.0,2011,0.0,0.0,0.0,1.0,0.0,0.0,14,0.0,0.0,0.0,Evan Moore,Steelers,TE
5604,0.0,0.0,0.0,25.0,0.0,0.0,25.0,0.0,3025.0,2011,0.0,0.0,0.0,1.0,0.0,0.0,14,0.0,0.0,0.0,Jimmy Graham,Titans,TE
5605,0.0,0.0,0.0,25.0,0.0,0.0,9.0,0.0,3136.0,2011,0.0,0.0,0.0,0.0,0.0,0.0,14,0.0,0.0,0.0,Anthony Fasano,Eagles,TE
5606,0.0,0.0,0.0,16.0,0.0,0.0,9.0,0.0,2025.0,2011,0.0,0.0,0.0,0.0,0.0,0.0,14,0.0,0.0,0.0,Jermaine Gresham,Texans,TE
5607,0.0,0.0,0.0,9.0,0.0,0.0,4.0,0.0,1444.0,2011,0.0,0.0,0.0,1.0,0.0,0.0,14,0.0,0.0,0.0,Kellen Winslow,Jaguars,TE
5608,0.0,0.0,0.0,9.0,0.0,0.0,1.0,0.0,961.0,2011,0.0,0.0,0.0,0.0,0.0,0.0,14,0.0,0.0,0.0,Craig Stevens,Saints,TE
5609,0.0,0.0,0.0,9.0,0.0,0.0,16.0,0.0,1156.0,2011,0.0,0.0,0.0,0.0,0.0,0.0,14,0.0,0.0,0.0,Dustin Keller,Chiefs,TE
5610,0.0,0.0,0.0,9.0,0.0,0.0,1.0,0.0,1024.0,2011,0.0,0.0,0.0,1.0,0.0,0.0,14,0.0,0.0,0.0,Vernon Davis,Cardinals,TE
5611,0.0,0.0,0.0,9.0,0.0,0.0,16.0,0.0,1521.0,2011,0.0,0.0,0.0,1.0,0.0,0.0,14,0.0,0.0,0.0,Brent Celek,Dolphins,TE
5612,0.0,0.0,0.0,4.0,0.0,0.0,1.0,0.0,529.0,2011,0.0,0.0,0.0,0.0,0.0,0.0,14,0.0,0.0,0.0,Anthony McCoy,Rams,TE
5613,0.0,0.0,0.0,4.0,0.0,0.0,1.0,0.0,676.0,2011,0.0,0.0,0.0,1.0,0.0,0.0,14,0.0,0.0,0.0,Lance Kendricks,Seahawks,TE
5614,0.0,0.0,0.0,4.0,0.0,0.0,4.0,0.0,484.0,2011,0.0,0.0,0.0,0.0,0.0,0.0,14,0.0,0.0,0.0,David Johnson,Browns,TE
5615,0.0,0.0,0.0,1.0,0.0,0.0,9.0,0.0,144.0,2011,0.0,0.0,0.0,0.0,0.0,0.0,14,0.0,0.0,0.0,Jason Witten,Giants,TE
5616,0.0,0.0,0.0,1.0,0.0,0.0,4.0,0.0,121.0,2011,0.0,0.0,0.0,1.0,0.0,0.0,14,0.0,0.0,0.0,Benjamin Watson,Steelers,TE
5617,0.0,0.0,0.0,1.0,0.0,0.0,4.0,0.0,361.0,2011,0.0,0.0,0.0,1.0,0.0,0.0,14,0.0,0.0,0.0,Alex Smith,Steelers,TE
5618,0.0,0.0,0.0,1.0,0.0,0.0,4.0,0.0,169.0,2011,0.0,0.0,0.0,0.0,0.0,0.0,14,0.0,0.0,0.0,Zach Miller,Rams,TE
5619,0.0,0.0,0.0,1.0,0.0,0.0,1.0,0.0,289.0,2011,0.0,0.0,0.0,0.0,0.0,0.0,14,0.0,0.0,0.0,Randy McMichael,Bills,TE
5620,0.0,0.0,0.0,1.0,0.0,0.0,9.0,0.0,256.0,2011,0.0,0.0,0.0,0.0,0.0,0.0,14,0.0,0.0,0.0,Jeff King,49ers,TE
5621,0.0,0.0,0.0,1.0,0.0,0.0,4.0,0.0,361.0,2011,0.0,0.0,0.0,0.0,0.0,0.0,14,0.0,0.0,0.0,Ed Dickson,Colts,TE
5622,0.0,0.0,0.0,1.0,0.0,0.0,1.0,0.0,144.0,2011,0.0,0.0,0.0,1.0,0.0,0.0,14,0.0,0.0,0.0,Dallas Clark,Ravens,TE
5623,0.0,0.0,0.0,1.0,0.0,0.0,4.0,0.0,361.0,2011,0.0,0.0,0.0,1.0,0.0,0.0,14,0.0,0.0,0.0,Mike Caussin,Chargers,TE
5624,0.0,0.0,0.0,1.0,0.0,0.0,1.0,0.0,121.0,2011,0.0,0.0,0.0,1.0,0.0,0.0,14,0.0,0.0,0.0,Travis Beckum,Cowboys,TE
5625,0.0,0.0,0.0,1.0,0.0,0.0,1.0,0.0,289.0,2011,0.0,0.0,0.0,0.0,0.0,0.0,14,0.0,0.0,0.0,Josh Baker,Chiefs,TE
5626,0.0,0.0,0.0,0.0,0.0,0.0,0.0,0.0,0.0,2011,0.0,0.0,0.0,1.0,0.0,36.0,14,1.0,0.0,0.0,Delanie Walker,Cardinals,TE
5627,0.0,0.0,0.0,0.0,0.0,0.0,1.0,0.0,0.0,2011,0.0,0.0,0.0,1.0,0.0,0.0,14,0.0,0.0,0.0,Lee Smith,Chargers,TE
5628,0.0,0.0,0.0,0.0,0.0,0.0,1.0,0.0,0.0,2011,0.0,0.0,0.0,1.0,0.0,0.0,14,0.0,0.0,0.0,Kyle Rudolph,Lions,TE
5629,0.0,0.0,0.0,0.0,0.0,0.0,0.0,0.0,0.0,2011,0.0,0.0,0.0,0.0,0.0,1.0,14,1.0,0.0,0.0,Cameron Morrah,Rams,TE
5630,0.0,0.0,0.0,0.0,0.0,0.0,4.0,0.0,121.0,2011,0.0,0.0,0.0,0.0,0.0,0.0,14,0.0,1.0,0.0,Heath Miller,Browns,TE
5631,0.0,0.0,0.0,0.0,0.0,0.0,1.0,0.0,25.0,2011,0.0,0.0,0.0,1.0,0.0,0.0,14,0.0,0.0,0.0,Anthony Hill,Ravens,TE
5632,0.0,0.0,0.0,0.0,0.0,0.0,1.0,0.0,81.0,2011,0.0,0.0,0.0,1.0,0.0,0.0,14,0.0,0.0,0.0,John Gilmore,Titans,TE
5633,0.0,0.0,0.0,0.0,0.0,0.0,4.0,0.0,16.0,2011,0.0,0.0,0.0,1.0,0.0,0.0,14,0.0,0.0,0.0,Jed Collins,Titans,TE
5634,0.0,0.0,0.0,441.0,0.0,0.0,25.0,0.0,24336.0,2011,1.0,0.0,0.0,0.0,0.0,0.0,15,0.0,0.0,0.0,Brent Celek,Jets,TE
5635,0.0,0.0,0.0,361.0,0.0,0.0,81.0,0.0,16641.0,2011,1.0,0.0,0.0,1.0,0.0,256.0,15,1.0,0.0,0.0,Aaron Hernandez,Broncos,TE
5636,0.0,0.0,0.0,169.0,0.0,0.0,36.0,0.0,5184.0,2011,1.0,0.0,0.0,0.0,0.0,0.0,15,0.0,0.0,0.0,Vernon Davis,Steelers,TE
5637,0.0,0.0,0.0,144.0,0.0,0.0,49.0,0.0,4900.0,2011,1.0,0.0,0.0,1.0,0.0,0.0,15,0.0,1.0,0.0,Jimmy Graham,Min,TE
5638,0.0,0.0,0.0,81.0,0.0,0.0,4.0,0.0,1225.0,2011,1.0,0.0,0.0,1.0,0.0,0.0,15,0.0,0.0,0.0,Jeremy Shockey,Texans,TE
5639,0.0,0.0,0.0,81.0,0.0,0.0,9.0,0.0,1296.0,2011,1.0,0.0,0.0,1.0,0.0,0.0,15,0.0,0.0,0.0,Ed Dickson,Chargers,TE
5640,0.0,0.0,0.0,81.0,0.0,0.0,81.0,0.0,10609.0,2011,0.0,0.0,0.0,1.0,0.0,0.0,15,0.0,1.0,0.0,Jared Cook,Colts,TE
5641,0.0,0.0,0.0,64.0,0.0,0.0,25.0,0.0,6724.0,2011,0.0,0.0,0.0,1.0,0.0,0.0,15,0.0,0.0,0.0,Heath Miller,49ers,TE
5642,0.0,0.0,0.0,64.0,0.0,0.0,9.0,0.0,6889.0,2011,0.0,0.0,0.0,1.0,0.0,0.0,15,0.0,0.0,0.0,Jermichael Finley,Chiefs,TE
5643,0.0,0.0,0.0,64.0,0.0,0.0,4.0,0.0,784.0,2011,1.0,0.0,0.0,1.0,0.0,0.0,15,0.0,0.0,0.0,Anthony Fasano,Bills,TE
5644,0.0,0.0,0.0,49.0,0.0,0.0,16.0,0.0,5929.0,2011,0.0,0.0,0.0,1.0,0.0,0.0,15,0.0,0.0,0.0,Jason Witten,Buccaneers,TE
5645,0.0,0.0,0.0,49.0,0.0,0.0,4.0,0.0,5184.0,2011,0.0,0.0,0.0,0.0,0.0,0.0,15,0.0,0.0,0.0,Leonard Pope,Packers,TE
5646,0.0,0.0,0.0,49.0,0.0,0.0,9.0,0.0,5329.0,2011,0.0,0.0,0.0,1.0,0.0,0.0,15,0.0,0.0,0.0,Dustin Keller,Eagles,TE
5647,0.0,0.0,0.0,36.0,0.0,0.0,49.0,0.0,4761.0,2011,0.0,0.0,0.0,0.0,0.0,0.0,15,0.0,0.0,0.0,Todd Heap,Browns,TE
5648,0.0,0.0,0.0,36.0,0.0,0.0,1.0,0.0,4.0,2011,1.0,0.0,0.0,1.0,0.0,0.0,15,0.0,0.0,0.0,John Gilmore,Min,TE
5649,0.0,0.0,0.0,25.0,0.0,0.0,16.0,0.0,1369.0,2011,0.0,0.0,1.0,0.0,0.0,0.0,15,0.0,0.0,0.0,Kellen Winslow,Cowboys,TE
5650,0.0,0.0,0.0,25.0,0.0,0.0,16.0,0.0,2809.0,2011,0.0,0.0,0.0,1.0,0.0,0.0,15,0.0,0.0,0.0,Rob Gronkowski,Broncos,TE
5651,0.0,0.0,0.0,16.0,0.0,0.0,25.0,0.0,2401.0,2011,0.0,0.0,0.0,1.0,0.0,0.0,15,0.0,0.0,0.0,Brandon Pettigrew,Raiders,TE
5652,0.0,0.0,0.0,16.0,0.0,0.0,9.0,0.0,2209.0,2011,0.0,0.0,0.0,0.0,0.0,0.0,15,0.0,0.0,0.0,Kevin Boss,Lions,TE
5653,0.0,0.0,0.0,9.0,0.0,0.0,9.0,0.0,900.0,2011,0.0,0.0,0.0,1.0,0.0,0.0,15,0.0,0.0,0.0,Marcedes Lewis,Falcons,TE
5654,0.0,0.0,0.0,9.0,0.0,0.0,4.0,0.0,961.0,2011,0.0,0.0,0.0,0.0,0.0,0.0,15,0.0,0.0,0.0,Antonio Gates,Ravens,TE
5655,0.0,0.0,0.0,9.0,0.0,0.0,1.0,0.0,900.0,2011,0.0,0.0,0.0,1.0,0.0,0.0,15,0.0,0.0,0.0,Charles Clay,Bills,TE
5656,0.0,0.0,0.0,4.0,0.0,0.0,9.0,0.0,625.0,2011,0.0,0.0,0.0,1.0,0.0,0.0,15,0.0,0.0,0.0,Dennis Pitta,Chargers,TE
5657,0.0,0.0,0.0,4.0,0.0,0.0,4.0,0.0,676.0,2011,0.0,0.0,0.0,0.0,0.0,0.0,15,0.0,0.0,0.0,Bear Pascoe,Redskins,TE
5658,0.0,0.0,0.0,4.0,0.0,0.0,1.0,0.0,441.0,2011,0.0,0.0,0.0,1.0,0.0,0.0,15,0.0,0.0,0.0,Cameron Morrah,Bears,TE
5659,0.0,0.0,0.0,4.0,0.0,0.0,16.0,0.0,529.0,2011,0.0,0.0,0.0,1.0,0.0,0.0,15,0.0,0.0,0.0,Zach Miller,Bears,TE
5660,0.0,0.0,0.0,4.0,0.0,0.0,1.0,0.0,576.0,2011,0.0,0.0,0.0,0.0,0.0,0.0,15,0.0,0.0,0.0,Jeff King,Browns,TE
5661,0.0,0.0,0.0,4.0,0.0,0.0,4.0,0.0,400.0,2011,0.0,0.0,0.0,0.0,0.0,0.0,15,0.0,0.0,0.0,Clay Harbor,Jets,TE
5662,0.0,0.0,0.0,4.0,0.0,0.0,4.0,0.0,841.0,2011,0.0,0.0,0.0,0.0,0.0,0.0,15,0.0,0.0,0.0,Owen Daniels,Panthers,TE
5663,0.0,0.0,0.0,4.0,0.0,0.0,1.0,0.0,441.0,2011,0.0,0.0,0.0,1.0,0.0,0.0,15,0.0,0.0,0.0,Colin Cloherty,Falcons,TE
5664,0.0,0.0,0.0,4.0,0.0,0.0,9.0,0.0,529.0,2011,0.0,0.0,0.0,1.0,0.0,0.0,15,0.0,0.0,0.0,Martellus Bennett,Buccaneers,TE
5665,0.0,0.0,0.0,4.0,0.0,0.0,4.0,0.0,400.0,2011,0.0,0.0,0.0,0.0,0.0,0.0,15,0.0,0.0,0.0,Anthony Becht,Packers,TE
5666,0.0,0.0,0.0,1.0,0.0,0.0,4.0,0.0,225.0,2011,0.0,0.0,0.0,0.0,0.0,0.0,15,0.0,0.0,0.0,Kyle Rudolph,Saints,TE
5667,0.0,0.0,0.0,1.0,0.0,0.0,4.0,0.0,225.0,2011,0.0,0.0,0.0,1.0,0.0,0.0,15,0.0,0.0,0.0,Greg Olsen,Texans,TE
5668,0.0,0.0,0.0,1.0,0.0,0.0,9.0,0.0,361.0,2011,0.0,0.0,0.0,0.0,0.0,0.0,15,0.0,0.0,0.0,Lance Kendricks,Bengals,TE
5669,0.0,0.0,0.0,1.0,0.0,0.0,9.0,0.0,256.0,2011,0.0,0.0,0.0,1.0,0.0,0.0,15,0.0,0.0,0.0,Jermaine Gresham,Rams,TE
5670,0.0,0.0,0.0,1.0,0.0,0.0,1.0,0.0,196.0,2011,0.0,0.0,0.0,0.0,0.0,0.0,15,0.0,0.0,0.0,Tony Gonzalez,Jaguars,TE
5671,0.0,0.0,0.0,1.0,0.0,0.0,4.0,0.0,361.0,2011,0.0,0.0,0.0,0.0,0.0,0.0,15,0.0,0.0,0.0,Joel Dreessen,Panthers,TE
5672,0.0,0.0,0.0,1.0,0.0,0.0,1.0,0.0,100.0,2011,0.0,0.0,0.0,0.0,0.0,0.0,15,0.0,0.0,0.0,Kellen Davis,Seahawks,TE
5673,0.0,0.0,0.0,1.0,0.0,0.0,1.0,0.0,144.0,2011,0.0,0.0,0.0,1.0,0.0,4.0,15,1.0,0.0,0.0,Jed Collins,Min,TE
5674,0.0,0.0,0.0,1.0,0.0,0.0,1.0,0.0,225.0,2011,0.0,0.0,0.0,0.0,0.0,0.0,15,0.0,0.0,0.0,Jake Ballard,Redskins,TE
5675,0.0,0.0,0.0,0.0,0.0,0.0,1.0,0.0,9.0,2011,0.0,0.0,0.0,0.0,0.0,0.0,15,0.0,0.0,0.0,Jacob Tamme,Titans,TE
5676,0.0,0.0,0.0,0.0,0.0,0.0,1.0,0.0,16.0,2011,0.0,0.0,0.0,0.0,0.0,0.0,15,0.0,0.0,0.0,Luke Stocker,Cowboys,TE
5677,0.0,0.0,0.0,0.0,0.0,0.0,1.0,0.0,81.0,2011,0.0,0.0,0.0,1.0,0.0,0.0,15,0.0,0.0,0.0,Craig Stevens,Colts,TE
5678,0.0,0.0,0.0,0.0,0.0,0.0,1.0,0.0,81.0,2011,0.0,0.0,0.0,1.0,0.0,0.0,15,0.0,0.0,0.0,Alex Smith,Cardinals,TE
5679,0.0,0.0,0.0,0.0,0.0,0.0,1.0,0.0,16.0,2011,0.0,0.0,0.0,1.0,0.0,0.0,15,0.0,0.0,0.0,Tony Scheffler,Raiders,TE
5680,0.0,0.0,0.0,0.0,0.0,0.0,1.0,0.0,49.0,2011,0.0,0.0,0.0,0.0,0.0,0.0,15,0.0,0.0,0.0,Zack Pianalto,Cowboys,TE
5681,0.0,0.0,0.0,0.0,0.0,0.0,1.0,0.0,81.0,2011,0.0,0.0,0.0,1.0,0.0,0.0,15,0.0,0.0,0.0,Logan Paulsen,Giants,TE
5682,0.0,0.0,0.0,0.0,0.0,0.0,4.0,0.0,81.0,2011,0.0,0.0,0.0,0.0,0.0,0.0,15,0.0,0.0,0.0,Randy McMichael,Ravens,TE
5683,0.0,0.0,0.0,0.0,0.0,0.0,1.0,0.0,16.0,2011,0.0,0.0,0.0,0.0,0.0,0.0,15,0.0,0.0,0.0,Brody Eldridge,Titans,TE
5684,0.0,0.0,0.0,0.0,0.0,0.0,1.0,0.0,36.0,2011,0.0,0.0,0.0,1.0,0.0,0.0,15,0.0,0.0,0.0,Colin Cochart,Rams,TE
5685,0.0,0.0,0.0,0.0,0.0,0.0,9.0,0.0,64.0,2011,0.0,0.0,0.0,1.0,0.0,0.0,15,0.0,0.0,0.0,Jordan Cameron,Cardinals,TE
5686,0.0,0.0,0.0,484.0,0.0,0.0,64.0,0.0,28561.0,2011,1.0,0.0,0.0,0.0,0.0,0.0,16,0.0,0.0,0.0,Jared Cook,Jaguars,TE
5687,0.0,0.0,0.0,196.0,0.0,0.0,81.0,0.0,6400.0,2011,1.0,0.0,0.0,0.0,0.0,0.0,16,0.0,0.0,0.0,Brandon Pettigrew,Chargers,TE
5688,0.0,0.0,0.0,121.0,0.0,0.0,25.0,0.0,3136.0,2011,1.0,0.0,0.0,0.0,0.0,0.0,16,0.0,0.0,0.0,Jermaine Gresham,Cardinals,TE
5689,0.0,0.0,0.0,121.0,0.0,0.0,4.0,0.0,2704.0,2011,1.0,0.0,0.0,1.0,0.0,0.0,16,0.0,0.0,0.0,Brent Celek,Cowboys,TE
5690,0.0,0.0,0.0,100.0,0.0,0.0,16.0,0.0,1764.0,2011,1.0,0.0,0.0,0.0,0.0,0.0,16,0.0,0.0,0.0,Jimmy Graham,Falcons,TE
5691,0.0,0.0,0.0,81.0,0.0,0.0,25.0,0.0,1225.0,2011,1.0,0.0,0.0,1.0,0.0,0.0,16,0.0,0.0,0.0,Evan Moore,Ravens,TE
5692,0.0,0.0,0.0,64.0,0.0,0.0,4.0,0.0,529.0,2011,1.0,0.0,0.0,1.0,0.0,0.0,16,0.0,0.0,0.0,Kyle Rudolph,Redskins,TE
5693,0.0,0.0,0.0,64.0,0.0,0.0,9.0,0.0,400.0,2011,1.0,0.0,0.0,0.0,0.0,0.0,16,0.0,0.0,0.0,Jermichael Finley,Bears,TE
5694,0.0,0.0,0.0,64.0,0.0,0.0,4.0,0.0,484.0,2011,1.0,0.0,0.0,1.0,0.0,0.0,16,0.0,0.0,0.0,Daniel Fells,Bills,TE
5695,0.0,0.0,0.0,64.0,0.0,0.0,9.0,0.0,441.0,2011,1.0,0.0,0.0,1.0,0.0,0.0,16,0.0,0.0,0.0,Kellen Davis,Packers,TE
5696,0.0,0.0,0.0,49.0,0.0,0.0,4.0,0.0,196.0,2011,1.0,0.0,0.0,0.0,0.0,0.0,16,0.0,0.0,0.0,Jeremy Shockey,Buccaneers,TE
5697,0.0,0.0,0.0,49.0,0.0,0.0,64.0,0.0,5929.0,2011,0.0,0.0,0.0,0.0,0.0,0.0,16,0.0,0.0,0.0,Dustin Keller,Giants,TE
5698,0.0,0.0,0.0,49.0,0.0,0.0,49.0,0.0,6084.0,2011,0.0,0.0,0.0,0.0,0.0,0.0,16,0.0,0.0,0.0,Rob Gronkowski,Dolphins,TE
5699,0.0,0.0,0.0,49.0,0.0,0.0,4.0,0.0,196.0,2011,1.0,0.0,0.0,0.0,0.0,0.0,16,0.0,0.0,0.0,Ed Dickson,Browns,TE
5700,0.0,0.0,0.0,36.0,0.0,0.0,1.0,0.0,4.0,2011,1.0,0.0,0.0,1.0,0.0,0.0,16,0.0,0.0,0.0,Jeff King,Bengals,TE
5701,0.0,0.0,0.0,36.0,0.0,0.0,1.0,0.0,1.0,2011,1.0,0.0,0.0,1.0,0.0,0.0,16,0.0,0.0,0.0,Charles Clay,Patriots,TE
5702,0.0,0.0,0.0,36.0,0.0,0.0,1.0,0.0,25.0,2011,1.0,0.0,0.0,0.0,0.0,0.0,16,0.0,0.0,0.0,Josh Baker,Giants,TE
5703,0.0,0.0,0.0,25.0,0.0,0.0,36.0,0.0,3969.0,2011,0.0,0.0,0.0,1.0,0.0,0.0,16,0.0,1.0,0.0,Kellen Winslow,Panthers,TE
5704,0.0,0.0,0.0,25.0,0.0,0.0,16.0,0.0,2916.0,2011,0.0,0.0,0.0,1.0,0.0,0.0,16,0.0,0.0,0.0,Vernon Davis,Seahawks,TE
5705,0.0,0.0,0.0,16.0,0.0,0.0,9.0,0.0,2209.0,2011,0.0,0.0,0.0,0.0,0.0,0.0,16,0.0,0.0,0.0,Tony Scheffler,Chargers,TE
5706,0.0,0.0,0.0,16.0,0.0,0.0,4.0,0.0,2116.0,2011,0.0,0.0,0.0,1.0,0.0,0.0,16,0.0,0.0,0.0,Dante Rosario,Bills,TE
5707,0.0,0.0,0.0,16.0,0.0,0.0,25.0,0.0,1681.0,2011,0.0,0.0,0.0,1.0,0.0,0.0,16,0.0,0.0,0.0,Tony Gonzalez,Saints,TE
5708,0.0,0.0,0.0,16.0,0.0,0.0,16.0,0.0,1600.0,2011,0.0,0.0,0.0,1.0,0.0,0.0,16,0.0,0.0,0.0,Antonio Gates,Lions,TE
5709,0.0,0.0,0.0,9.0,0.0,0.0,16.0,0.0,1296.0,2011,0.0,0.0,0.0,0.0,0.0,1.0,16,1.0,0.0,0.0,Aaron Hernandez,Dolphins,TE
5710,0.0,0.0,0.0,9.0,0.0,0.0,16.0,0.0,1444.0,2011,0.0,0.0,0.0,1.0,0.0,0.0,16,0.0,0.0,0.0,Joel Dreessen,Colts,TE
5711,0.0,0.0,0.0,9.0,0.0,0.0,4.0,0.0,1089.0,2011,0.0,0.0,0.0,1.0,0.0,0.0,16,0.0,0.0,0.0,Colin Cloherty,Titans,TE
5712,0.0,0.0,0.0,4.0,0.0,0.0,16.0,0.0,576.0,2011,0.0,0.0,0.0,0.0,0.0,0.0,16,0.0,0.0,0.0,Jason Witten,Eagles,TE
5713,0.0,0.0,0.0,4.0,0.0,0.0,1.0,0.0,484.0,2011,0.0,0.0,0.0,1.0,0.0,0.0,16,0.0,0.0,0.0,Zach Potter,Titans,TE
5714,0.0,0.0,0.0,4.0,0.0,0.0,4.0,0.0,841.0,2011,0.0,0.0,0.0,1.0,0.0,0.0,16,0.0,0.0,0.0,Todd Heap,Bengals,TE
5715,0.0,0.0,0.0,4.0,0.0,0.0,1.0,0.0,441.0,2011,0.0,0.0,0.0,0.0,0.0,0.0,16,0.0,0.0,0.0,Kevin Brock,Broncos,TE
5716,0.0,0.0,0.0,4.0,0.0,0.0,9.0,0.0,784.0,2011,0.0,0.0,0.0,0.0,0.0,0.0,16,0.0,0.0,0.0,Martellus Bennett,Eagles,TE
5717,0.0,0.0,0.0,1.0,0.0,0.0,1.0,0.0,100.0,2011,0.0,0.0,0.0,0.0,0.0,0.0,16,0.0,0.0,0.0,Jacob Tamme,Texans,TE
5718,0.0,0.0,0.0,1.0,0.0,0.0,9.0,0.0,196.0,2011,0.0,0.0,0.0,1.0,0.0,0.0,16,0.0,0.0,0.0,Luke Stocker,Panthers,TE
5719,0.0,0.0,0.0,1.0,0.0,0.0,1.0,0.0,289.0,2011,0.0,0.0,0.0,0.0,0.0,0.0,16,0.0,0.0,0.0,Craig Stevens,Jaguars,TE
5720,0.0,0.0,0.0,1.0,0.0,0.0,1.0,0.0,169.0,2011,0.0,0.0,0.0,0.0,0.0,0.0,16,0.0,0.0,0.0,Leonard Pope,Raiders,TE
5721,0.0,0.0,0.0,1.0,0.0,0.0,4.0,0.0,361.0,2011,0.0,0.0,0.0,1.0,0.0,0.0,16,0.0,0.0,0.0,Michael Palmer,Saints,TE
5722,0.0,0.0,0.0,1.0,0.0,0.0,1.0,0.0,324.0,2011,0.0,0.0,0.0,0.0,0.0,0.0,16,0.0,0.0,0.0,Heath Miller,Rams,TE
5723,0.0,0.0,0.0,1.0,0.0,0.0,4.0,0.0,324.0,2011,0.0,0.0,0.0,1.0,0.0,0.0,16,0.0,0.0,0.0,Randy McMichael,Lions,TE
5724,0.0,0.0,0.0,1.0,0.0,0.0,1.0,0.0,144.0,2011,0.0,0.0,0.0,1.0,0.0,0.0,16,0.0,0.0,0.0,Marcedes Lewis,Titans,TE
5725,0.0,0.0,0.0,1.0,0.0,0.0,4.0,0.0,169.0,2011,0.0,0.0,0.0,1.0,0.0,0.0,16,0.0,0.0,0.0,Lance Kendricks,Steelers,TE
5726,0.0,0.0,0.0,1.0,0.0,0.0,1.0,0.0,121.0,2011,0.0,0.0,0.0,1.0,0.0,0.0,16,0.0,0.0,0.0,Rob Housler,Bengals,TE
5727,0.0,0.0,0.0,0.0,0.0,0.0,1.0,0.0,25.0,2011,0.0,0.0,0.0,0.0,0.0,0.0,16,0.0,0.0,0.0,Logan Paulsen,Min,TE
5728,0.0,0.0,0.0,0.0,0.0,0.0,1.0,0.0,81.0,2011,0.0,0.0,0.0,0.0,0.0,0.0,16,0.0,0.0,0.0,Zach Miller,49ers,TE
5729,0.0,0.0,0.0,0.0,0.0,0.0,1.0,0.0,0.0,2011,0.0,0.0,0.0,0.0,0.0,0.0,16,0.0,0.0,0.0,Donald Lee,Cardinals,TE
5730,0.0,0.0,0.0,0.0,0.0,0.0,1.0,0.0,4.0,2011,0.0,0.0,0.0,0.0,0.0,0.0,16,0.0,0.0,0.0,David Johnson,Rams,TE
5731,0.0,0.0,0.0,0.0,0.0,0.0,1.0,0.0,81.0,2011,0.0,0.0,0.0,1.0,0.0,0.0,16,0.0,0.0,0.0,Clay Harbor,Cowboys,TE
5732,0.0,0.0,0.0,0.0,0.0,0.0,1.0,0.0,81.0,2011,0.0,0.0,0.0,1.0,0.0,0.0,16,0.0,0.0,0.0,Virgil Green,Bills,TE
5733,0.0,0.0,0.0,0.0,0.0,0.0,4.0,0.0,64.0,2011,0.0,0.0,0.0,0.0,0.0,0.0,16,0.0,0.0,0.0,Brody Eldridge,Texans,TE
5734,0.0,0.0,0.0,0.0,0.0,0.0,1.0,0.0,16.0,2011,0.0,0.0,0.0,1.0,0.0,0.0,16,0.0,0.0,0.0,Owen Daniels,Colts,TE
5735,0.0,0.0,0.0,0.0,0.0,0.0,1.0,0.0,49.0,2011,0.0,0.0,0.0,0.0,0.0,0.0,16,0.0,0.0,0.0,Tom Crabtree,Bears,TE
5736,0.0,0.0,0.0,0.0,0.0,0.0,1.0,0.0,36.0,2011,0.0,0.0,0.0,0.0,0.0,0.0,16,0.0,0.0,0.0,Mike Caussin,Broncos,TE
5737,0.0,0.0,0.0,0.0,0.0,0.0,1.0,0.0,9.0,2011,0.0,0.0,0.0,1.0,0.0,0.0,16,0.0,0.0,0.0,Jordan Cameron,Ravens,TE
5738,0.0,0.0,0.0,0.0,0.0,0.0,1.0,0.0,36.0,2011,0.0,0.0,0.0,0.0,0.0,0.0,16,0.0,0.0,0.0,Anthony Becht,Raiders,TE
5739,0.0,0.0,0.0,484.0,0.0,0.0,64.0,0.0,11664.0,2011,4.0,0.0,0.0,0.0,0.0,0.0,17,0.0,0.0,0.0,Rob Gronkowski,Bills,TE
5740,0.0,0.0,0.0,441.0,0.0,0.0,49.0,0.0,19044.0,2011,1.0,0.0,0.0,0.0,0.0,676.0,17,4.0,0.0,0.0,Aaron Hernandez,Bills,TE
5741,0.0,0.0,0.0,256.0,0.0,0.0,25.0,0.0,11236.0,2011,1.0,0.0,0.0,1.0,0.0,0.0,17,0.0,0.0,0.0,Antonio Gates,Raiders,TE
5742,0.0,0.0,0.0,225.0,0.0,0.0,64.0,0.0,9409.0,2011,1.0,0.0,0.0,0.0,0.0,0.0,17,0.0,0.0,0.0,Jimmy Graham,Panthers,TE
5743,0.0,0.0,0.0,196.0,0.0,0.0,16.0,0.0,4225.0,2011,1.0,0.0,1.0,1.0,0.0,0.0,17,0.0,0.0,0.0,Tony Scheffler,Packers,TE
5744,0.0,0.0,0.0,196.0,0.0,0.0,36.0,0.0,7396.0,2011,1.0,0.0,0.0,0.0,0.0,0.0,17,0.0,0.0,0.0,Brent Celek,Redskins,TE
5745,0.0,0.0,0.0,144.0,0.0,0.0,36.0,0.0,3844.0,2011,1.0,0.0,0.0,1.0,0.0,0.0,17,0.0,0.0,0.0,Dennis Pitta,Bengals,TE
5746,0.0,0.0,0.0,144.0,0.0,0.0,49.0,0.0,4096.0,2011,1.0,0.0,0.0,0.0,0.0,0.0,17,0.0,0.0,0.0,Jermichael Finley,Lions,TE
5747,0.0,0.0,0.0,121.0,0.0,0.0,49.0,0.0,13456.0,2011,0.0,0.0,0.0,1.0,0.0,0.0,17,0.0,0.0,0.0,Brandon Pettigrew,Packers,TE
5748,0.0,0.0,0.0,121.0,0.0,0.0,64.0,0.0,13924.0,2011,0.0,0.0,0.0,1.0,0.0,0.0,17,0.0,0.0,0.0,Vernon Davis,Rams,TE
5749,0.0,0.0,0.0,100.0,0.0,0.0,49.0,0.0,2025.0,2011,1.0,0.0,0.0,1.0,0.0,0.0,17,0.0,0.0,0.0,Dustin Keller,Dolphins,TE
5750,0.0,0.0,0.0,81.0,0.0,0.0,4.0,0.0,1225.0,2011,1.0,0.0,0.0,0.0,0.0,0.0,17,0.0,0.0,0.0,Todd Heap,Seahawks,TE
5751,0.0,0.0,0.0,81.0,0.0,0.0,49.0,0.0,8281.0,2011,0.0,0.0,0.0,0.0,0.0,0.0,17,0.0,0.0,0.0,James Casey,Titans,TE
5752,0.0,0.0,0.0,81.0,0.0,0.0,9.0,0.0,1089.0,2011,1.0,0.0,0.0,0.0,0.0,0.0,17,0.0,0.0,0.0,Kevin Boss,Chargers,TE
5753,0.0,0.0,0.0,49.0,0.0,0.0,49.0,0.0,3136.0,2011,0.0,0.0,1.0,1.0,0.0,0.0,17,0.0,0.0,0.0,Kellen Winslow,Falcons,TE
5754,0.0,0.0,0.0,36.0,0.0,0.0,49.0,0.0,4761.0,2011,0.0,0.0,0.0,1.0,0.0,0.0,17,0.0,0.0,0.0,Jason Witten,Giants,TE
5755,0.0,0.0,0.0,36.0,0.0,0.0,25.0,0.0,5184.0,2011,0.0,0.0,0.0,0.0,0.0,0.0,17,0.0,1.0,0.0,Jermaine Gresham,Ravens,TE
5756,0.0,0.0,0.0,36.0,0.0,0.0,16.0,0.0,3969.0,2011,0.0,0.0,0.0,1.0,0.0,0.0,17,0.0,0.0,0.0,Jared Cook,Texans,TE
5757,0.0,0.0,0.0,36.0,0.0,0.0,4.0,0.0,9.0,2011,1.0,0.0,0.0,0.0,0.0,0.0,17,0.0,0.0,0.0,Jed Collins,Panthers,TE
5758,0.0,0.0,0.0,36.0,0.0,0.0,1.0,0.0,1.0,2011,1.0,0.0,0.0,0.0,0.0,0.0,17,0.0,0.0,0.0,Charles Clay,Jets,TE
5759,0.0,0.0,0.0,25.0,0.0,0.0,9.0,0.0,2916.0,2011,0.0,0.0,0.0,0.0,0.0,0.0,17,0.0,0.0,0.0,Lance Kendricks,49ers,TE
5760,0.0,0.0,0.0,25.0,0.0,0.0,25.0,0.0,2809.0,2011,0.0,0.0,0.0,1.0,0.0,0.0,17,0.0,0.0,0.0,Dallas Clark,Jaguars,TE
5761,0.0,0.0,0.0,16.0,0.0,0.0,1.0,0.0,1681.0,2011,0.0,0.0,0.0,1.0,0.0,0.0,17,0.0,0.0,0.0,Matthew Mulligan,Dolphins,TE
5762,0.0,0.0,0.0,9.0,0.0,0.0,16.0,0.0,1521.0,2011,0.0,0.0,0.0,0.0,0.0,0.0,17,0.0,0.0,0.0,Evan Moore,Steelers,TE
5763,0.0,0.0,0.0,9.0,0.0,0.0,9.0,0.0,1089.0,2011,0.0,0.0,0.0,0.0,0.0,0.0,17,0.0,0.0,0.0,Marcedes Lewis,Colts,TE
5764,0.0,0.0,0.0,4.0,0.0,0.0,4.0,0.0,841.0,2011,0.0,0.0,0.0,1.0,0.0,0.0,17,0.0,0.0,0.0,Logan Paulsen,Eagles,TE
5765,0.0,0.0,0.0,4.0,0.0,0.0,4.0,0.0,529.0,2011,0.0,0.0,0.0,1.0,0.0,0.0,17,0.0,0.0,0.0,Heath Miller,Browns,TE
5766,0.0,0.0,0.0,4.0,0.0,0.0,1.0,0.0,576.0,2011,0.0,0.0,0.0,0.0,0.0,0.0,17,0.0,0.0,0.0,Garrett Graham,Titans,TE
5767,0.0,0.0,0.0,4.0,0.0,0.0,1.0,0.0,400.0,2011,0.0,0.0,0.0,1.0,0.0,0.0,17,0.0,0.0,0.0,Ed Dickson,Bengals,TE
5768,0.0,0.0,0.0,4.0,0.0,0.0,9.0,0.0,841.0,2011,0.0,0.0,0.0,1.0,0.0,0.0,17,0.0,0.0,0.0,Scott Chandler,Patriots,TE
5769,0.0,0.0,0.0,1.0,0.0,0.0,9.0,0.0,324.0,2011,0.0,0.0,0.0,1.0,0.0,0.0,17,0.0,0.0,0.0,Jeremy Shockey,Saints,TE
5770,0.0,0.0,0.0,1.0,0.0,0.0,9.0,0.0,225.0,2011,0.0,0.0,0.0,0.0,0.0,0.0,17,0.0,0.0,0.0,Kyle Rudolph,Bears,TE
5771,0.0,0.0,0.0,1.0,0.0,0.0,1.0,0.0,144.0,2011,0.0,0.0,0.0,1.0,0.0,0.0,17,0.0,0.0,0.0,Leonard Pope,Broncos,TE
5772,0.0,0.0,0.0,1.0,0.0,0.0,4.0,0.0,196.0,2011,0.0,0.0,0.0,0.0,0.0,0.0,17,0.0,0.0,0.0,Bear Pascoe,Cowboys,TE
5773,0.0,0.0,0.0,1.0,0.0,0.0,1.0,0.0,121.0,2011,0.0,0.0,0.0,0.0,0.0,0.0,17,0.0,0.0,0.0,Brandon Myers,Chargers,TE
5774,0.0,0.0,0.0,1.0,0.0,0.0,1.0,0.0,196.0,2011,0.0,0.0,0.0,1.0,0.0,0.0,17,0.0,0.0,0.0,Cameron Morrah,Cardinals,TE
5775,0.0,0.0,0.0,1.0,0.0,0.0,4.0,0.0,144.0,2011,0.0,0.0,0.0,0.0,0.0,0.0,17,0.0,0.0,0.0,Jeff King,Seahawks,TE
5776,0.0,0.0,0.0,1.0,0.0,0.0,4.0,0.0,729.0,2011,0.0,0.0,0.0,0.0,0.0,0.0,17,0.0,1.0,0.0,Rob Housler,Seahawks,TE
5777,0.0,0.0,0.0,1.0,0.0,0.0,1.0,0.0,196.0,2011,0.0,0.0,0.0,0.0,0.0,0.0,17,0.0,0.0,0.0,Daniel Fells,Chiefs,TE
5778,0.0,0.0,0.0,1.0,0.0,0.0,16.0,0.0,121.0,2011,0.0,0.0,0.0,0.0,0.0,0.0,17,0.0,0.0,0.0,Anthony Fasano,Jets,TE
5779,0.0,0.0,0.0,1.0,0.0,0.0,9.0,0.0,324.0,2011,0.0,0.0,0.0,0.0,0.0,0.0,17,0.0,0.0,0.0,Joel Dreessen,Titans,TE
5780,0.0,0.0,0.0,1.0,0.0,0.0,1.0,0.0,225.0,2011,0.0,0.0,0.0,0.0,0.0,0.0,17,0.0,0.0,0.0,Jordan Cameron,Steelers,TE
5781,0.0,0.0,0.0,1.0,0.0,0.0,4.0,0.0,169.0,2011,0.0,0.0,0.0,0.0,0.0,0.0,17,0.0,0.0,0.0,Travis Beckum,Cowboys,TE
5782,0.0,0.0,0.0,0.0,0.0,0.0,1.0,0.0,36.0,2011,0.0,0.0,0.0,0.0,0.0,0.0,17,0.0,0.0,0.0,D.J. Williams,Lions,TE
5783,0.0,0.0,0.0,0.0,0.0,0.0,1.0,0.0,49.0,2011,0.0,0.0,0.0,0.0,0.0,0.0,17,0.0,0.0,0.0,Michael Palmer,Buccaneers,TE
5784,0.0,0.0,0.0,0.0,0.0,0.0,4.0,0.0,81.0,2011,0.0,0.0,0.0,0.0,0.0,0.0,17,0.0,0.0,0.0,Donald Lee,Ravens,TE
5785,0.0,0.0,0.0,0.0,0.0,0.0,1.0,0.0,36.0,2011,0.0,0.0,0.0,1.0,0.0,0.0,17,0.0,0.0,0.0,David Johnson,Browns,TE
5786,0.0,0.0,0.0,0.0,0.0,0.0,1.0,0.0,16.0,2011,0.0,0.0,0.0,0.0,0.0,0.0,17,0.0,0.0,0.0,Michael Higgins,Panthers,TE
5787,0.0,0.0,0.0,0.0,0.0,0.0,1.0,0.0,81.0,2011,0.0,0.0,0.0,0.0,0.0,0.0,17,0.0,0.0,0.0,Clay Harbor,Redskins,TE
5788,0.0,0.0,0.0,0.0,0.0,0.0,1.0,0.0,64.0,2011,0.0,0.0,0.0,0.0,0.0,0.0,17,0.0,0.0,0.0,Tony Gonzalez,Buccaneers,TE
5789,0.0,0.0,0.0,0.0,0.0,0.0,1.0,0.0,9.0,2011,0.0,0.0,0.0,0.0,0.0,0.0,17,0.0,0.0,0.0,Colin Cloherty,Colts,TE
5790,0.0,0.0,0.0,0.0,0.0,0.0,1.0,0.0,36.0,2011,0.0,0.0,0.0,1.0,0.0,0.0,17,0.0,0.0,0.0,Kevin Brock,Patriots,TE
5791,0.0,0.0,0.0,0.0,0.0,0.0,1.0,0.0,25.0,2011,0.0,0.0,0.0,1.0,0.0,0.0,17,0.0,0.0,0.0,Martellus Bennett,Giants,TE
